die_number,dimension1,dimension2,dimension3,dimension4,wt_kg_p_mt,die_diagram
0,38,32,1.1,0,0.472,die_profile_images/.net_data/bc5cc02e-c0fb-4059-8ddd-782f904aa945_71004.jpg
0,69.3,35.2,1.4,0,0.85,die_profile_images/.net_data/f5601ab7-be38-489e-abd6-ee5faae44142_71007.jpg
0,53.35,10.5,2.5,0,0.766,die_profile_images/2022/02/06/054514/75005.jpg
0,50,50,4,0,1.25,die_profile_images/2022/12/27/034403/12215.jpg
0,65,32,1.26,0,0.926,die_profile_images/2024/02/21/104950/47109.jpg
0,40,39.3,1.2,0,0.572,die_profile_images/.net_data/3b064bd8-d885-4cae-92bb-5e0c8e124d5e_34003.jpg
0,62.23,17.49,2.25,0,0.971,die_profile_images/2022/05/16/120549/77006.jpg
0,15.5,10,0,0,0.418,die_profile_images/2023/01/28/025145/11142.jpg
0,47.5,43,1.4,0,0.684,die_profile_images/2023/07/06/040133/71102.jpg
0,32.24,17.04,1.2,0,0.221,die_profile_images/2022/07/06/124729/72605.jpg
0,42.92,20.58,2,0,0.769,die_profile_images/2022/08/03/040338/47397.jpg
0,25,3,1.5,0,0.14,die_profile_images/2024/03/16/093644/69965.jpg
10001,25,0,0,0,1.325,die_profile_images/.net_data/895c5b55-e551-4b66-aaff-e16713c42bf6_ROUND BAR.jpg
10002,28,0,0,0,1.662,die_profile_images/.net_data/e2756cd7-3ef8-4c62-86c1-77993e201620_ROUND BAR.jpg
10003,25.4,0,0,0,1.368,die_profile_images/.net_data/50e083b9-8fc8-4e91-aca7-64c4807b6cbc_ROUND BAR.jpg
10004,24.25,0,0,0,1.247,die_profile_images/.net_data/f826e112-6af4-4b44-ad8f-ee25ee92e4a9_ROUND BAR.jpg
10005,10.5,0,0,0,0.233,die_profile_images/.net_data/7269c98f-3dfd-4215-a460-2499c16c4437_ROUND BAR.jpg
10006,7,0,0,0,0.103,die_profile_images/.net_data/c4a83ad1-3ba1-4495-8a3e-5f862b1cfa0e_ROUND BAR.jpg
10007,19,0,0,0,0.765,die_profile_images/.net_data/989d8289-54d6-4c57-84a6-070fe4d8a8d1_ROUND BAR.jpg
10008,32,0,0,0,2.152,die_profile_images/.net_data/bb9dab8a-028d-45e9-82a0-d5657c2d49e7_ROUND BAR.jpg
10009,6,0,0,0,0.076,die_profile_images/.net_data/0abc2cd1-ce3f-4b16-8b69-771fd17fcddc_ROUND BAR.jpg
10010,30,0,0,0,1.908,die_profile_images/.net_data/df745dad-a743-4d71-82db-0ed609fb20cb_ROUND BAR.jpg
10011,35,0,0,0,2.597,die_profile_images/.net_data/8eeb8323-1903-49f9-88bb-2fbd25c3a64d_ROUND BAR.jpg
10012,36,0,0,0,2.748,die_profile_images/.net_data/e43c9e5a-8b96-4ffa-885a-253fdc786d8c_ROUND BAR.jpg
10013,38,0,0,0,3,die_profile_images/.net_data/4eabdce7-4d7b-4942-9206-157a65f5c9e7_ROUND BAR.jpg
10014,40,0,0,0,3.392,die_profile_images/.net_data/9b94e593-22ae-44e0-ba1c-68fcbbd89696_ROUND BAR.jpg
10015,42,0,0,0,3.74,die_profile_images/.net_data/6121d7f1-b35c-4339-b4fe-de6f3f9729c1_ROUND BAR.jpg
10016,45,0,0,0,4.294,die_profile_images/.net_data/264a2aad-fdfc-4d39-bd96-c1f52291677d_ROUND BAR.jpg
10017,50.8,0,0,0,5.39,die_profile_images/.net_data/e45cd03c-0f70-48f8-9928-c3eab6d855e9_ROUND BAR.jpg
10018,17,0,0,0,0.612,die_profile_images/.net_data/54a0995b-9e19-4153-a7bc-dd3a9beacd0a_ROUND BAR.jpg
10019,44.5,0,0,0,4.199,die_profile_images/.net_data/44a2bdca-1361-462f-a53e-52198769ef0d_ROUND BAR.jpg
10020,57.1,0,0,0,6.822,die_profile_images/.net_data/f3c6e5e3-d4f7-4b7d-af48-01ee8057a0a4_ROUND BAR.jpg
10021,60,0,0,0,7.634,die_profile_images/.net_data/2a52b456-d8f7-4c82-a654-cd3588722669_ROUND BAR.jpg
10022,22.2,0,0,0,1.026,die_profile_images/.net_data/c7faa69d-d90e-4bc2-ac27-6c10c4ae8883_ROUND BAR.jpg
10023,18.9,0,0,0,0.757,die_profile_images/.net_data/3c547eff-40c2-42ba-941c-e2577131b23e_ROUND BAR.jpg
10024,8,0,0,0,0.135,die_profile_images/.net_data/cdb8e866-8ddb-45c5-b099-78d16588a47a_ROUND BAR.jpg
10025,19.55,0,0,0,0.81,die_profile_images/.net_data/6fed87e1-60ec-4edb-9474-98f13eab3ded_ROUND BAR.jpg
10026,11,0,0,0,0.262,die_profile_images/.net_data/60087b77-35cd-4068-a9d6-fa735d02c3b6_ROUND BAR.jpg
10027,12,0,0,0,0.305,die_profile_images/.net_data/30359334-87f1-4248-8d36-52807b8578bb_ROUND BAR.jpg
10028,15.88,0,0,0,0.534,die_profile_images/.net_data/339d4680-0600-4423-9f1f-3e9c5012861c_ROUND BAR.jpg
10029,20,0,0,0,0.305,die_profile_images/.net_data/1e435f19-9dda-4820-ad60-ed455e04b067_ROUND BAR.jpg
10030,18,0,0,0,0.687,die_profile_images/.net_data/33e939b1-3bc8-45bf-883a-d98e0d6ef481_ROUND BAR.jpg
10031,12.7,0,0,0,0.342,die_profile_images/.net_data/8890ad19-ae43-4e54-8258-34275aa6522e_ROUND BAR.jpg
10032,15,0,0,0,0.477,die_profile_images/.net_data/a85b3453-5a87-4306-be2b-d5c24f4e5299_ROUND BAR.jpg
10033,33,0,0,0,2.309,die_profile_images/.net_data/2814ae7d-7420-4a88-a73c-a75be215f8ed_ROUND BAR.jpg
10034,10,0,0,0,0.212,die_profile_images/2021/03/18/111737/ROUND_BAR.jpg
10035,9.55,0,0,0,0.193,die_profile_images/2022/03/15/022926/ROUND_BAR.jpg
10036,52,0,0,0,5.733,die_profile_images/2023/10/03/044913/ROUND_BAR.jpg
10037,26,0,0,0,1.433,die_profile_images/2023/01/28/030010/10037.jpg
10038,50.8,0,0,0,5.472,die_profile_images/2023/11/04/021232/10038.jpg
10101,61.5,0,0,0,8.02,die_profile_images/2022/03/15/035202/ROUND_BAR.jpg
11001,20,10,0,0,0.54,die_profile_images/.net_data/flat bar.jpg
11101,25,2,0,0,0.135,die_profile_images/.net_data/flat bar.jpg
11102,25,4,0,0,0.27,die_profile_images/.net_data/flat bar.jpg
11103,25,5,0,0,0.337,die_profile_images/.net_data/flat bar.jpg
11104,25,10,0,0,0.675,die_profile_images/.net_data/flat bar.jpg
11105,38,5,0,0,0.513,die_profile_images/.net_data/flat bar.jpg
11106,30,3,0,0,0.243,die_profile_images/.net_data/7ff37a7f-53c4-4acc-9991-c554a9ed6515_flat bar.jpg
11107,40,6,0,0,0.648,die_profile_images/.net_data/flat bar.jpg
11108,40,10,0,0,1.08,die_profile_images/.net_data/flat bar.jpg
11109,40,12,0,0,1.296,die_profile_images/.net_data/flat bar.jpg
11110,23,2.5,0,0,0.155,die_profile_images/.net_data/flat bar.jpg
11111,38,12,0,0,1.23,die_profile_images/.net_data/flat bar.jpg
11112,25,6,0,0,0.4,die_profile_images/.net_data/flat bar.jpg
11113,38,3,0,0,0.307,die_profile_images/.net_data/flat bar.jpg
11114,30,18,0,0,1.45,die_profile_images/.net_data/flat bar.jpg
11115,38,8,0,0,0.82,die_profile_images/.net_data/flat bar.jpg
11116,23,1.5,0,0,0.092,die_profile_images/.net_data/flat bar.jpg
11117,30,8,0,0,0.655,die_profile_images/.net_data/flat bar.jpg
11118,30,10,0,0,0.809,die_profile_images/.net_data/flat bar.jpg
11119,32,12,0,0,1.036,die_profile_images/.net_data/flat bar.jpg
11120,25,8,0,0,0.538,die_profile_images/.net_data/flat bar.jpg
11121,32,10,0,0,0.864,die_profile_images/.net_data/flat bar.jpg
11122,45,9,0,0,1.093,die_profile_images/.net_data/flat bar.jpg
11123,25,3,0,0,0.202,die_profile_images/.net_data/flat bar.jpg
11124,19.1,6.35,0,0,0.327,die_profile_images/.net_data/flat bar.jpg
11125,32,1.6,0,0,0.138,die_profile_images/.net_data/a2d957d3-735b-452b-9dcb-40fda99ee3bd_FLAT BAR.jpg
11126,25,12,0,0,0.816,die_profile_images/.net_data/flat bar.jpg
11127,40,6.35,0,0,0.702,die_profile_images/.net_data/flat bar.jpg
11128,40,1.8,0,0,0.194,die_profile_images/.net_data/bb4b83fd-f605-455e-bb1a-346a80121939_FLAT BAR.jpg
11129,44.3,1.4,0,0,0.167,die_profile_images/.net_data/flat bar.jpg
11130,32,6,0,0,0.518,die_profile_images/.net_data/flat bar.jpg
11131,19,3,0,0,0.153,die_profile_images/.net_data/1451a467-71c9-4f8e-9b91-8353a5ee65bb_flat bar.jpg
11132,38.1,25.4,0,0,2.612,die_profile_images/.net_data/fe1df98c-2952-45d3-905a-b1d8206fe3eb_flat bar.jpg
11133,40,5,0,0,0.54,die_profile_images/.net_data/2e0e811b-d1f1-4b0f-8d05-409cae786df9_flat bar.jpg
11134,33.6,1.3,0,0,0.117,die_profile_images/.net_data/8e8cb717-cbb5-44d3-94d1-effb7208b015_FLAT BAR.jpg
11135,12.15,7.2,0,0,0.236,die_profile_images/.net_data/5c1d1898-3808-44cc-9929-86c819c106ae_11135.jpg
11136,40,16,0,0,1.728,die_profile_images/.net_data/68acf106-b2f6-4b21-b9ad-167dab1fbc34_flat bar.jpg
11137,30,28,0,0,2.268,die_profile_images/2023/10/04/020427/11135.jpg
11138,32,3,0,0,0.27,die_profile_images/2021/06/03/032659/flat_bar.jpg
11139,9,7,0,0,0.17,die_profile_images/2021/07/05/033839/flat_bar.jpg
11140,25.4,16,0,0,1.054,die_profile_images/2022/03/15/035124/FLAT_BAR.jpg
11141,24,2.4,0,0,0.155,die_profile_images/2022/05/19/050348/flat_bar.jpg
11142,15.5,10,0,0,0.418,die_profile_images/2023/02/09/022508/flat_bar.jpg
11143,7.9,12.55,0,0,0.267,die_profile_images/2023/06/25/040633/flat_bar.jpg
11144,16.9,22.4,0,0,1.021,die_profile_images/2023/06/25/040753/flat_bar.jpg
11145,35,25,0,0,2.362,die_profile_images/2023/11/04/020522/11145.jpg
11146,40,9.5,0,0,1.025,die_profile_images/2024/02/23/033622/19002.jpg
11146,40,9.5,0,0,1.025,die_profile_images/2024/02/23/033925/19002.jpg
11147,25,5,0,0,0.335,die_profile_images/2024/03/09/114212/11210.jpg
11201,50,6,0,0,0.81,die_profile_images/.net_data/flat bar.jpg
11202,50,10,0,0,1.35,die_profile_images/.net_data/flat bar.jpg
11203,50,3,0,0,0.405,die_profile_images/.net_data/flat bar.jpg
11204,50,2,0,0,0.27,die_profile_images/.net_data/flat bar.jpg
11205,50,1.5,0,0,0.202,die_profile_images/.net_data/flat bar.jpg
11206,50,4,0,0,0.54,die_profile_images/.net_data/flat bar.jpg
11207,50,12,0,0,1.62,die_profile_images/.net_data/flat bar.jpg
11208,50.8,16,0,0,2.194,die_profile_images/.net_data/2b7524cb-bdc4-4791-8255-f221cd55f321_flat bar.jpg
11209,50.8,19.05,0,0,2.612,die_profile_images/.net_data/4ce71df6-9f8d-4aa1-b094-8f20e95c6acf_flat bar.jpg
11210,50,5,0,0,0.675,die_profile_images/2022/07/12/105424/flat_bar.jpg
11211,50,25,0,0,3.375,die_profile_images/2024/05/25/102530/flat_bar.jpg
11301,65,10,0,0,1.755,die_profile_images/.net_data/d7a1b3d1-afb1-404d-bae2-e2c698f8731c_flat bar.jpg
11302,76,3,0,0,0.615,die_profile_images/.net_data/247ffdd6-4467-4a0e-8fb4-9936db03b524_flat bar.jpg
11303,75,10,0,0,2.025,die_profile_images/.net_data/ae70eb72-7879-41d3-986b-047eaf34545f_flat bar.jpg
11304,75,12,0,0,2.43,die_profile_images/.net_data/f5ebcd4d-9fa2-4854-ad91-655f63a78e00_flat bar.jpg
11305,80,4,0,0,0.264,die_profile_images/.net_data/a13b5d72-60cb-4d12-9c48-ce142ce53f86_flat bar.jpg
11306,80,10,0,0,2.16,die_profile_images/.net_data/e1da3b70-1edc-4b88-9805-d365da927e90_flat bar.jpg
11307,80,12,0,0,2.59,die_profile_images/.net_data/d48b3f3e-fb14-4f16-9852-7e6ee6fcac61_flat bar.jpg
11308,63,10,0,0,1.7,die_profile_images/.net_data/e4829200-50ac-4209-8882-ff814831fde2_flat bar.jpg
11309,75,2.5,0,0,0.506,die_profile_images/.net_data/7b7ddd07-9436-42f2-a87b-e076fffbc56b_flat bar.jpg
11310,76,6,0,0,1.231,die_profile_images/.net_data/a5c23e5d-9099-485f-8f90-20db1c2dd139_flat bar.jpg
11311,76.2,19.05,0,0,3.919,die_profile_images/.net_data/7fd7dbe8-a4c2-463c-a273-9004f78eb39a_flat bar.jpg
11312,50.8,25.4,0,0,3.483,die_profile_images/.net_data/b42ccbbc-542b-4dad-b5f9-f3c10e3aed05_flat bar.jpg
11313,60,10,0,0,1.62,die_profile_images/.net_data/flat bar.jpg
11314,75,6,0,0,1.215,die_profile_images/.net_data/58e2cb68-62f0-4454-8bf9-03e5ee7f34a4_flat bar.jpg
11315,63,6,0,0,1.02,die_profile_images/.net_data/551e3228-e328-4f55-979b-72a0f7fc70ce_flat bar.jpg
11316,76.2,16,0,0,3.291,die_profile_images/.net_data/c70b07ea-cf0b-4b92-89e1-46d938a5b056_flat bar.jpg
11317,63.5,32,0,0,5.486,die_profile_images/.net_data/a3e580c0-d717-4afb-a22c-cb51b7209270_flat bar.jpg
11318,76.2,25.4,0,0,5.225,die_profile_images/.net_data/f4a55653-bc14-4a92-93a7-f1287d4b439f_flat bar.jpg
11319,63.5,25.4,0,0,4.354,die_profile_images/.net_data/4da9999b-940a-4b17-866a-b1e86e47cfb7_flat bar.jpg
11320,50.8,32,0,0,4.389,die_profile_images/.net_data/ea9826af-405d-4b39-a9aa-d471c18a7caf_flat bar.jpg
11321,76,12.7,0,0,2.605,die_profile_images/2021/03/24/035730/flat_bar.jpg
11322,63,3,0,0,0.51,die_profile_images/2021/04/22/123617/11322.jpg
11323,63.5,19.05,0,0,3.266,die_profile_images/2022/03/15/040241/flat_bar.jpg
11324,91,26.5,0,0,6.509,die_profile_images/2024/07/10/031437/11324.jpg
11401,100,10,0,0,2.7,die_profile_images/.net_data/1f487603-432c-4ffe-9b5b-6dd462bbc080_flat bar.jpg
11402,100,12,0,0,3.24,die_profile_images/.net_data/05f9c1c3-c602-46fb-8849-6c98b926f7cb_flat bar.jpg
11403,120,12,0,0,3.888,die_profile_images/.net_data/35d4198b-98ed-40bb-ba58-d5c67835823d_flat bar.jpg
11404,101.6,19.05,0,0,5.225,die_profile_images/.net_data/ae288445-d8d3-41c0-b0e9-fa5b5bcb1bc7_flat bar.jpg
11405,100,6,0,0,1.62,die_profile_images/.net_data/ac0ae05c-ed08-4ff9-98ce-ad2c285af396_flat bar.jpg
11406,101.6,25.4,0,0,6.967,die_profile_images/.net_data/6c9530ca-2465-410d-bbfd-551b493a6c68_flat bar.jpg
11407,120,10,0,0,3.3,die_profile_images/.net_data/069e9146-b4c4-4187-b772-810b371c7372_flat bar.jpg
11408,127,6,0,0,2.057,die_profile_images/.net_data/2eade41e-09a8-4fda-8d2a-826710808308_flat bar.jpg
11409,101.6,16,0,0,4.38,die_profile_images/.net_data/f31ee00c-f278-4950-8cb1-2fc648e440d7_flat bar.jpg
11410,100,20,0,0,5.4,die_profile_images/.net_data/b94fa69a-7815-4b49-98c0-39666b677254_flat bar.jpg
11411,100,5,0,0,1.35,die_profile_images/2021/12/04/120420/flat_bar.jpg
11601,125,10,0,0,3.375,die_profile_images/.net_data/8c172c42-fc36-4764-a0e1-0b0e0cabd014_flat bar.jpg
11602,127,10,0,0,3.429,die_profile_images/.net_data/19823bd0-687a-40d6-9ee9-64f8e46b799a_flat bar.jpg
11603,127,16,0,0,5.486,die_profile_images/.net_data/e3e02b07-a8ad-497f-a3cf-1666a33d1454_flat bar.jpg
11701,150,12,0,0,4.86,die_profile_images/.net_data/2e5cf081-514d-4d7b-b92d-2315b9fa64df_flat bar.jpg
11702,150,10,0,0,4.05,die_profile_images/.net_data/b865bc88-796f-48d2-b8c5-e8c09cbb5f45_flat bar.jpg
11703,152.4,6.35,0,0,2.612,die_profile_images/.net_data/107a8d60-1240-446e-8527-f4364de39d9e_flat bar.jpg
11704,152.4,12.7,0,0,5.225,die_profile_images/.net_data/774ac7ac-77d9-4d9a-9788-ac1eeadeebbc_flat bar.jpg
11705,144.5,12,0,0,5.089,die_profile_images/2023/11/11/124027/11210.jpg
12001,18,18,2.5,0,0.225,die_profile_images/.net_data/ca6dcab9-30bf-4436-a134-53462e1f8bad_equal L angle.jpg
12002,19,19,2,0,0.194,die_profile_images/.net_data/81fa8657-72d4-4bf5-a326-3feb8ef2b2cd_equal L angle.jpg
12004,12,12,1.3,0,0.08,die_profile_images/.net_data/ba440382-17a3-4dc1-950b-6178c5e99194_equal L angle.jpg
12005,18,18,1.5,0,0.139,die_profile_images/.net_data/5bc5cc4e-3400-4195-8563-f82eb8e560cc_equal L angle.jpg
12006,19,19,1.5,0,0.147,die_profile_images/.net_data/366c57e0-469d-4655-a487-054485fb8c11_equal L angle.jpg
12101,25,25,3,0,0.38,die_profile_images/.net_data/fbf1b975-bc0c-4188-bbbd-a50384e0d462_equal L angle.jpg
12102,25,25,2,0,0.262,die_profile_images/.net_data/6a152776-847f-48f5-af51-71f8271d2078_equal L angle.jpg
12103,38,38,2,0,0.399,die_profile_images/.net_data/73ee1f1d-801d-4ea5-b59a-eb4fffeaf882_equal L angle.jpg
12104,38,38,3,0,0.61,die_profile_images/.net_data/fc683690-7694-4205-acc0-03f28ef5f9cb_equal L angle.jpg
12105,25.4,25.4,6.35,0,0.77,die_profile_images/2023/08/23/093608/12215.jpg
12106,25.4,25.4,4.75,0,0.59,die_profile_images/.net_data/1fc3266f-f152-45ff-ac2a-ea6458679277_equal L angle.jpg
12107,38,38,1.5,0,0.301,die_profile_images/.net_data/d4f7c3c0-9342-4416-bb42-ca65da9392ad_equal L angle.jpg
12108,45,45,5,0,1.05,die_profile_images/.net_data/e600eb71-3f44-44dc-ab17-419dc287816b_equal L angle.jpg
12109,38,38,5,0,0.958,die_profile_images/.net_data/f0d1a54a-c64f-4893-aa31-8d7243910e38_equal L angle.jpg
12110,38.1,38.1,6,0,1.137,die_profile_images/.net_data/6e5663a2-a9a4-4763-bd30-020974a38c66_equal L angle.jpg
12111,32,32,3,0,0.494,die_profile_images/.net_data/9b543451-afa5-4701-b96e-44dc9d3255fe_equal L angle.jpg
12112,25,25,4,0,0.496,die_profile_images/.net_data/fd7cb4fb-39c5-4227-bef0-93ba7caf562b_equal L angle.jpg
12113,25,25,1.5,0,0.196,die_profile_images/.net_data/d42dabb6-6293-450a-94e5-93aed9965977_equal L angle.jpg
12114,38,38,4,0,0.77,die_profile_images/.net_data/60804126-a7a5-41e9-81c2-bfb1ee2561da_equal L angle.jpg
12115,25.4,25.4,6.35,0,0.761,die_profile_images/2022/10/17/103713/12115.jpg
12116,30,30,4,0,0.603,die_profile_images/2024/03/20/051911/equal_L_angle.jpg
12117,25,25,2.5,0,0.32,die_profile_images/2025/01/21/123023/12117.jpg
12201,50,50,1.5,0,0.398,die_profile_images/.net_data/876f7e26-3206-40c8-aecd-d81d049b3720_equal L angle.jpg
12202,50,50,3,0,0.785,die_profile_images/.net_data/523cb074-5c43-4329-aac0-7df8fdd943e0_equal L angle.jpg
12203,63.5,63.5,3,0,1,die_profile_images/.net_data/06c4a856-a20a-4de1-b5d1-e88cf87e6661_equal L angle.jpg
12204,75,75,5,0,1.97,die_profile_images/.net_data/01b986a5-5227-4cd7-9c50-7b98d6e136c0_equal L angle.jpg
12205,50,50,2,0,0.529,die_profile_images/.net_data/59fbeb3c-4ad4-4f77-83e8-5233f2be9055_equal L angle.jpg
12206,50.8,50.8,6,0,1.548,die_profile_images/.net_data/978d8c1c-5b3f-4fdf-a8d4-278e18a0bf30_equal L angle.jpg
12207,75,75,3,0,1.19,die_profile_images/.net_data/52d05338-20d2-48d5-9211-4bed97ef1f5e_equal L angle.jpg
12208,76.2,76.2,6.35,0,2.504,die_profile_images/.net_data/22b3a584-4117-4a94-a01e-a9eb17facbf1_equal L angle.jpg
12209,75,75,6,0,2.332,die_profile_images/.net_data/58ea4022-0214-400d-9f18-eb20caa6686e_equal L angle.jpg
12210,60,60,4,0,1.252,die_profile_images/2021/05/16/092837/12210.jpg
12211,50,50,5,0,1.282,die_profile_images/2021/04/15/023254/equal_L_angle.jpg
12212,50,50,2.75,0,0.734,die_profile_images/2021/08/07/030756/equal_L_angle.jpg
12213,50.8,50.8,6.35,0,1.632,die_profile_images/2022/10/19/122341/equal_L_angle.jpg
12214,50.8,50.8,4.83,0,1.26,die_profile_images/2022/10/19/122437/equal_L_angle.jpg
12244,41.5,14,13.75,0,3.236,die_profile_images/2023/07/10/045647/14242.jpg
13001,16,13,1,0,0.075,die_profile_images/.net_data/4b0c14b6-74b0-4769-9f7c-e3d0ec6e4792_unequal L angle.jpg
13002,18,13,0.6,0,0.049,die_profile_images/.net_data/326b3d46-38d1-4d56-9b65-2484314b02df_unequal L angle.jpg
13003,20,15,2.5,0,0.219,die_profile_images/.net_data/e77d3a85-9b81-456d-87c3-2b9c5e2c737d_unequal L angle.jpg
13101,25,13,1,0,0.099,die_profile_images/.net_data/058ba503-4c56-404d-85ce-09590f8aab09_unequal L angle.jpg
13102,33,13,1,0,0.12,die_profile_images/.net_data/26391cd9-4bd8-480a-96ac-cd1820b13bbc_unequal L angle.jpg
13103,38,13,1,0,0.135,die_profile_images/.net_data/177007f9-2d18-46f9-8941-369a08c6dac6_unequal L angle.jpg
13104,39,13,1,0,0.137,die_profile_images/.net_data/5a2c42f8-99e5-4d7c-ac41-5f4744bb7b65_unequal L angle.jpg
13105,38,24,3,0,0.477,die_profile_images/.net_data/32f2aeb9-c173-4a41-a73b-499efb023664_unequal L angle.jpg
13106,38.1,25.4,1.5,0,0.251,die_profile_images/.net_data/a14860e3-2f8b-419f-8ffd-e2489d5bb539_unequal L angle.jpg
13107,40,20,3,0,0.461,die_profile_images/.net_data/2ea26d40-2235-4c93-9554-069d002f1fb5_13107.jpg
13108,35,25,5,0,0.742,die_profile_images/2023/05/18/102231/13108.jpg
13109,31.6,25.6,2.6,0,0.383,die_profile_images/2024/03/15/031735/13109.jpg
13110,38.1,25.4,4,0,0.642,die_profile_images/2024/04/04/054230/13110.jpg
13111,60,40,3,0,0.784,die_profile_images/2024/11/06/045034/13111.jpg
13201,43,13,1,0,0.148,die_profile_images/.net_data/b6cb1856-08e2-4666-b54d-35fe62d99e92_unequal L angle.jpg
13202,50,25,2,0,0.394,die_profile_images/.net_data/f957df9b-30fb-418b-a17b-6e3104a257e5_unequal L angle.jpg
13203,75,50,5,0,1.62,die_profile_images/.net_data/85367179-b28f-4ff8-a01f-e0cceb8dd239_unequal L angle.jpg
13204,76.2,38.1,2,0,0.606,die_profile_images/.net_data/674ffe07-2bf8-43e5-8f6b-de8137bec8ab_unequal L angle.jpg
13205,75,25,2,0,0.529,die_profile_images/.net_data/accc5d82-900a-46cf-95e4-f2816f054af9_unequal L angle.jpg
13206,75,50,2,0,0.664,die_profile_images/.net_data/e17cc476-0e43-46ec-8caf-f53bcbc5bdde_unequal L angle.jpg
13207,78,38,12,0,3.369,die_profile_images/2023/06/11/114930/13207.jpg
13208,76.2,50.8,6.35,0,2.05,die_profile_images/2022/10/19/123836/13208.jpg
13210,57,34.91,3,0,0.73,die_profile_images/2024/02/03/032507/13210.jpg
13211,75,25,3,0,0.785,die_profile_images/2024/03/15/031512/13211.jpg
13401,100,50,3,0,1.19,die_profile_images/.net_data/e4265baa-6541-4d78-9fe5-d202a4c22efa_unequal L angle.jpg
13402,100,50,6,0,2.332,die_profile_images/.net_data/8c570f58-f86c-491c-b3df-b481883b3a14_unequal L angle.jpg
13403,162,50,3,0,1.486,die_profile_images/2024/02/03/032234/13403.jpg
13404,150,50,4,0,2.116,die_profile_images/2024/03/06/040546/13404.jpg
13405,57,19,2,0,0.399,die_profile_images/2024/12/09/110352/13405.jpg
13406,30,20,2,0,0.259,die_profile_images/2024/12/09/105744/13406.jpg
14001,9,7,1,0,0.071,die_profile_images/.net_data/9b749d46-1c02-4829-b26d-3ed62fbe07db_round tube.jpg
14002,12,10,1,0,0.099,die_profile_images/.net_data/f353b606-021c-461f-a8b6-446d6d9116c2_round tube.jpg
14003,18,16.2,0.9,0,0.13,die_profile_images/.net_data/72209ca2-a3ef-4057-b542-b5c69ec35349_round tube.jpg
14004,14.8,8.3,3.25,0,0.318,die_profile_images/.net_data/b603dfc6-1c26-4a31-ba5a-0dbdfd10753c_round tube.jpg
14005,19,5.5,6.75,0,0.7,die_profile_images/.net_data/996cb664-66ae-4a89-a582-a1404f77243c_round tube.jpg
14006,22,12,5,0,0.72,die_profile_images/.net_data/c448e298-6004-4dbc-ab8a-f08a6e26e219_round tube.jpg
14007,14,8.6,2.7,0,0.258,die_profile_images/.net_data/ce4dbb9a-cdc4-4684-825c-b0b8fa42cd5d_round tube.jpg
14008,12.7,7.6,2.55,0,0.219,die_profile_images/.net_data/49c16136-c042-48fe-9c20-207a659bd6fe_round tube.jpg
14009,19.04,12.2,3.42,0,0.453,die_profile_images/.net_data/3b131b2b-a5d8-4fef-9eb4-aaea2d2334db_round tube.jpg
14010,16,14,1,0,0.127,die_profile_images/.net_data/7b418dbe-2d46-49b8-ae48-ffc0b35a51bf_round tube.jpg
14011,19.1,12.74,3.18,0,0.429,die_profile_images/.net_data/7edfadf0-1b8c-4865-b45c-5ab144e92ad4_round tube.jpg
14012,32,15,8.5,0,1.694,die_profile_images/.net_data/d184010f-7be9-4f92-88e1-0cdcd61b37cc_round tube.jpg
14013,9.6,7.2,1.2,0,0.085,die_profile_images/.net_data/648a2783-e3e4-4622-98fc-80d8cbb38b50_round tube.jpg
14014,8,3,2.5,0,0.116,die_profile_images/.net_data/c0ffc575-7bc5-4988-9500-8ce18f10dd50_round tube.jpg
14015,22,14.2,3.9,0,0.598,die_profile_images/.net_data/114bc9ad-7ff8-4bb3-82da-594247c4ab48_round tube.jpg
14016,31.8,29.8,1,0,0.261,die_profile_images/.net_data/04b63868-4d87-44ba-9303-3a9aafe998b6_14016.jpg
14017,21,15.4,2.8,0,0.432,die_profile_images/.net_data/3e531189-b727-422b-8a28-dcb0e5987bab_round tube.jpg
14018,16,13,1.5,0,0.184,die_profile_images/.net_data/8b4a9619-e6e1-4c5f-94da-aff41a18d65f_round tube.jpg
14019,38.1,31.75,3.18,0,0.94,die_profile_images/.net_data/2d27dad1-308a-422f-ae3e-044bcff95839_ROUND TUBE.jpg
14020,25.4,19.1,3.15,0,0.594,die_profile_images/.net_data/18fd1607-884c-4e62-98e6-32c5c5f3e4f1_round tube.jpg
14021,24,20.74,1.63,0,0.336,die_profile_images/.net_data/523b9619-de77-48e5-91b3-8b342847fec4_round tube.jpg
14022,16,13.5,1.2,0,0.156,die_profile_images/2022/09/02/104119/round_tube.jpg
14023,18,15,1.5,0,0.209,die_profile_images/2021/05/21/040205/14023.jpg
14024,31.8,27.4,2.2,0,0.543,die_profile_images/2021/07/12/125817/round_tube.jpg
14025,19,15,2,0,0.288,die_profile_images/2022/03/15/040401/round_tube.jpg
14026,12.65,7,2.83,0,0.265,die_profile_images/2022/03/24/044915/round_tube.jpg
14027,16,6,5,0,0.466,die_profile_images/2022/03/24/045107/round_tube.jpg
14028,9.6,5,2.3,0,0.141,die_profile_images/2022/08/24/052312/round_tube.jpg
14029,12.7,4,4.35,0,0.308,die_profile_images/2022/12/27/041220/14029.jpg
14030,20,17.5,1.25,0,0.18,die_profile_images/2023/05/08/035016/14030.jpg
14031,16.5,7.5,4.5,0,0.457,die_profile_images/2023/07/10/055601/round_tube.jpg
14032,19.8,13.8,3,0,0.427,die_profile_images/2023/10/04/034033/14032.jpg
14034,15.9,11.1,2.4,0,0.274,die_profile_images/2024/01/10/045031/round_tube.jpg
14035,12.65,6.6,3.05,0,0.249,die_profile_images/2024/02/12/121111/14035.jpg
14036,22,18,2,0,0.339,die_profile_images/2024/01/02/032155/round_tube.jpg
14037,8,4,0,0,0.101,die_profile_images/2024/02/09/121832/round_tube.jpg
14038,14.3,7.5,3.4,0,0.314,die_profile_images/2024/04/24/023227/14038.jpg
14038,14.3,7.5,3.4,0,0.314,die_profile_images/2024/04/24/023513/14038.jpg
14039,18.7,7.5,5.6,0,0.622,die_profile_images/2024/04/24/023336/14039.jpg
14101,25,22,1.5,0,0.298,die_profile_images/.net_data/aa196f37-01cf-451b-b2b8-be126b5848a6_round tube.jpg
14102,25.7,15.7,5,0,0.877,die_profile_images/.net_data/ab437041-fc43-4146-b426-9dd2718c6288_round tube.jpg
14103,25,12,6.5,0,1.046,die_profile_images/.net_data/fb013969-83d0-463c-b506-d10cb714b7d2_round tube.jpg
14104,38,35.4,1.3,0,0.404,die_profile_images/.net_data/b071d6f2-678d-48de-b786-3fb76c596869_round tube.jpg
14105,38,36.4,0.8,0,0.252,die_profile_images/.net_data/3507379d-2af6-4528-9d35-6153eb938ae7_round tube.jpg
14106,26,12,7,0,1.128,die_profile_images/.net_data/2ba7a260-4049-45b4-8a94-2eb198db8cbb_round tube.jpg
14107,32,25,3.5,0,0.806,die_profile_images/.net_data/4fd7b7e6-892a-4a20-9881-97c385b7d157_round tube.jpg
14108,31.8,25.4,3.2,0,0.776,die_profile_images/.net_data/bf2a324f-462b-45eb-b28d-73111e463bf3_round tube.jpg
14109,28,25,1.5,0,0.37,die_profile_images/.net_data/95995ab6-bc7a-4000-8412-d74f8e648008_ROUND TUBE.jpg
14110,28,26.4,0.8,0,0.228,die_profile_images/.net_data/5cac40f3-012c-410b-adb4-1435d77baf66_ROUND TUBE.jpg
14111,35,25,5,0,1.272,die_profile_images/.net_data/cc82b496-c4d8-427f-820d-122380947af8_14111.jpg
14111,35,25,5,0,1.272,die_profile_images/2021/12/11/110435/round_tube.jpg
14112,38,15,11.5,0,2.585,die_profile_images/.net_data/d87f86a0-0d1f-4d2b-9366-efbb877c7da7_round tube.jpg
14113,38,26,6,0,1.628,die_profile_images/.net_data/1ec48652-4f79-4d0c-8b4d-a025036f7a71_round tube.jpg
14114,25,20,2.5,0,0.477,die_profile_images/2021/03/23/040540/round_tube.jpg
14115,30,25,2.5,0,0.583,die_profile_images/2021/03/23/040423/round_tube.jpg
14116,25.4,6.58,9.41,0,1.276,die_profile_images/2021/04/23/022935/14116.jpg
14117,35,17,9,0,1.984,die_profile_images/2021/05/21/111922/round_tube.jpg
14118,30,26.8,1.6,0,0.385,die_profile_images/2021/08/20/051839/14118.jpg
14119,32,24,4,0,0.949,die_profile_images/2021/08/16/120820/cc82b496-c4d8-427f-820d-122380947af8_14111.jpg
14120,25.4,21.4,2,0,0.396,die_profile_images/2022/04/23/113850/ROUND_TUBE.jpg
14121,28,24,2,0,0.44,die_profile_images/2022/05/25/120914/round_tube.jpg
14122,32,29.5,1.25,0,0.326,die_profile_images/2023/07/12/061227/14239.jpg
14200,40,34,3,0,0.941,die_profile_images/2021/03/23/040153/round_tube.jpg
14201,42,34.9,3.55,0,1.157,die_profile_images/.net_data/10f7e043-bc30-41be-844e-f2395a3dc09d_round tube.jpg
14202,42,32.3,4.85,0,1.528,die_profile_images/.net_data/5baa4c4d-32a4-47c6-940e-6927a3f88054_round tube.jpg
14203,48.4,46.4,1,0,0.45,die_profile_images/.net_data/041e6a11-0b88-492e-af51-19f61396894a_round tube.jpg
14204,40,30,5,0,1.484,die_profile_images/.net_data/8dc7f4a1-8da6-4e52-bd74-8e5c9506f752_round tube.jpg
14205,45.2,24.8,10.2,0,3.028,die_profile_images/.net_data/8a54803e-72a0-4b77-bb4a-07425aeb7b42_round tube.jpg
14206,50,40,5,0,1.9,die_profile_images/.net_data/e311e593-c53e-4e82-8307-effb38ae39ed_round tube.jpg
14207,40,35.3,2.35,0,0.75,die_profile_images/.net_data/3df8ef08-d9d1-44ee-8da5-653b7e092fe4_round tube.jpg
14208,60,50,5,0,2.332,die_profile_images/.net_data/956dc638-b387-49ca-9658-a3d954d16c9d_round tube.jpg
14209,50,44,3,0,1.195,die_profile_images/.net_data/c3ba1d1d-2487-43f3-8468-88abcd76ede5_round tube.jpg
14210,60,40,10,0,4.241,die_profile_images/.net_data/695db4ac-200f-4c2b-9fad-728d4280f118_round tube.jpg
14211,50.4,47.4,1.5,0,0.622,die_profile_images/.net_data/4cbdfd94-a1c6-4286-8a68-6356d030ecb2_round tube.jpg
14212,50,41,4.5,0,1.736,die_profile_images/.net_data/cef1e16b-3828-47f8-8820-58ece3567d8e_round tube.jpg
14213,63,60.2,1.4,0,0.84,die_profile_images/.net_data/2eda5e05-3822-419f-a6f0-15d689107bb7_round tube.jpg
14214,50,48.1,0.95,0,0.395,die_profile_images/.net_data/71618a0b-cd7c-4223-a943-10286d5f15c2_round tube.jpg
14215,63.5,57.2,3.15,0,1.612,die_profile_images/.net_data/ab3e9ae4-d31b-43ef-a291-abc5b001e34e_round tube.jpg
14216,51.5,39,6.25,0,2.398,die_profile_images/.net_data/b3e2538b-71d3-46c0-b25e-98ddf50380dc_round tube.jpg
14217,54.5,47,3.75,0,1.614,die_profile_images/.net_data/8feec54d-8294-4eb2-9a08-b5230c3f79a5_round tube.jpg
14218,50.4,46.4,2,0,0.821,die_profile_images/.net_data/8e1eb68e-cc15-4ecc-ae3e-f2146172f2ba_round tube.jpg
14219,45,18,13.5,0,3.607,die_profile_images/.net_data/d5797300-b170-4e7d-8a9f-cb8482c6d762_round tube.jpg
14220,43,18,12.5,0,3.234,die_profile_images/.net_data/b598683b-87da-42a0-9e2c-1799e3caab58_round tube.jpg
14221,69.85,63.5,3.18,0,1.795,die_profile_images/.net_data/d40d221a-02ac-44c8-8a38-21ec2ba93d8e_round tube.jpg
14222,54,34,10,0,3.732,die_profile_images/.net_data/f73e7b3b-f0a0-491a-8c90-83c95f3e6adb_round tube.jpg
14223,44.5,38.14,3.18,0,1.114,die_profile_images/.net_data/13f16e0a-d939-4a68-8dd9-6589e6039622_ROUND TUBE.jpg
14224,50.8,25.4,12.7,0,4.104,die_profile_images/.net_data/5e38ea8a-3025-4e2a-89c1-778296653885_round tube.jpg
14225,60,52.4,3.8,0,1.811,die_profile_images/.net_data/df52091d-8ac5-4316-bcac-6175eee8e4cd_round tube.jpg
14226,50.6,48.6,1,0,0.453,die_profile_images/.net_data/1e5fdded-e0ce-4ad5-9392-52fdb74ab214_round tube.jpg
14227,43.6,40.9,1.35,0,0.483,die_profile_images/.net_data/8ed3e553-fd29-4caf-9013-9d6b4fa6c7da_ROUND TUBE.jpg
14228,56.5,54,1.25,0,0.533,die_profile_images/.net_data/3abed4b8-b9fe-48ef-863b-36bdfbfd24f8_14111.jpg
14229,62,52,5,0,2.417,die_profile_images/.net_data/58377423-a1e2-47ad-9034-d17ef183f716_ROUND TUBE.jpg
14230,75,65,5,0,2.968,die_profile_images/.net_data/928c3c66-c043-4955-9a08-af263147b7f7_ROUND TUBE.jpg
14231,50,45.6,2.2,0,0.891,die_profile_images/2021/03/23/125425/round_tube.jpg
14232,71,67,2,0,1.17,die_profile_images/2021/03/26/053005/round_tube.jpg
14233,62,56,3,0,1.501,die_profile_images/2021/04/07/114850/round_tube.jpg
14234,39,74,17.5,0,8.386,die_profile_images/2021/04/23/044934/round_tube.jpg
14235,50.8,21.8,14.5,0,4.464,die_profile_images/2021/05/26/042453/14023.jpg
14236,60,54,3,0,1.45,die_profile_images/2021/06/16/041727/14023.jpg
14237,43.5,39.9,1.8,0,0.568,die_profile_images/2021/07/12/010019/round_tube.jpg
14238,40,27,6.5,0,1.846,die_profile_images/2021/07/27/104154/round_tube.jpg
14239,41.9,38.9,1.5,0,0.552,die_profile_images/2021/07/30/111358/round_tube.jpg
14240,75,71,2,0,1.238,die_profile_images/2022/03/21/041943/ROUND_TUBE.jpg
14241,42,30.7,5.65,0,1.742,die_profile_images/2022/07/28/020325/round_tube.jpg
14242,41.5,17,12.25,0,3.039,die_profile_images/2023/07/10/045416/14242.jpg
14243,41.5,12,14.75,0,3.346,die_profile_images/2023/07/10/045543/14242.jpg
14244,41.5,14,13.75,0,3.236,die_profile_images/2023/07/10/050339/14242.jpg
14245,37.5,15.25,11.13,0,2.488,die_profile_images/2023/07/10/045803/14242.jpg
14246,40,36,2,0,0.644,die_profile_images/2023/08/09/060033/14246.jpg
14247,50,47,1.5,0,0.616,die_profile_images/2023/10/26/121754/14239.jpg
14248,50,46,2,0,0.874,die_profile_images/2024/01/11/115004/14248.jpg
14249,53,50.2,1.4,0,0.612,die_profile_images/2024/01/31/120420/14249.jpg
14250,33,18,7.5,0,1.622,die_profile_images/2024/07/17/093726/14250.jpg
14251,70,50,0,0,5.086,die_profile_images/2024/10/15/055840/14251.jpg
14252,31.5,7,0,0,1.454,die_profile_images/2025/03/24/034304/14252.jpg
14301,76.2,69.8,3.2,0,1.961,die_profile_images/.net_data/548aad5a-70a1-49bd-851e-d33e69832529_round tube.jpg
14302,76.2,63.5,6.35,0,3.762,die_profile_images/.net_data/8a8569fc-8f54-4119-b5b1-d405271f1876_round tube.jpg
14303,88.9,76.2,6.35,0,4.446,die_profile_images/.net_data/b9514862-5a96-40a2-bb89-177834a2d027_round tube.jpg
14304,101.6,88.9,6.35,0,5.434,die_profile_images/.net_data/e31178a0-6543-4ca3-ab53-75aa7fdb24b4_round tube.jpg
14305,101.6,95.24,3.18,0,2.654,die_profile_images/.net_data/55403a64-b546-4cc2-a561-972be809e55f_round tube.jpg
14306,88.9,82.55,3.18,0,2.308,die_profile_images/.net_data/0a302ff3-5227-42c8-b881-dd7d8dafaadc_round tube.jpg
14307,76.2,57.2,9.5,0,5.374,die_profile_images/.net_data/9b93430c-6240-463b-bb76-ec2636042e6f_round tube.jpg
14308,82.55,76.19,3.18,0,2.14,die_profile_images/.net_data/eb0e9713-7be8-491a-b633-bb6bd3c2e1fd_round tube.jpg
14309,96,86,5,0,3.859,die_profile_images/.net_data/1ce3b8b1-47d0-466b-884b-5e1aa786027f_14111.jpg
14310,88,84,2,0,1.458,die_profile_images/2021/03/26/053445/round_tube.jpg
14311,87.5,70,8.75,0,5.844,die_profile_images/2021/06/16/044012/14023.jpg
14312,80,70,5,0,3.18,die_profile_images/2023/11/22/021353/Screenshot_20231122_141325_Chrome.jpg
14313,108,90,9,0,7.55,die_profile_images/2023/12/25/045304/14313.jpg
14335,50.8,21.8,14.5,0,5.4,die_profile_images/2021/06/16/043845/ROUND_TUBE.jpg
14341,63.5,60.2,1.65,0,0.865,die_profile_images/2022/04/02/112134/round_tube.jpg
14342,8,6,1,0,0.05,die_profile_images/2024/12/09/111218/14342.jpg
15001,18,18,1.45,0,0.135,die_profile_images/.net_data/9cf226c1-9462-486c-b184-27e81e34ba5d_plain T.jpg
15101,25,25,2,0,0.254,die_profile_images/.net_data/b6e9db59-86af-4e4b-afbf-bc06439a437d_plain T.jpg
15301,70,70,3,0,1.109,die_profile_images/.net_data/3b79087c-5862-428a-9706-111e48434a05_plain T.jpg
15302,50,50,8,0,1.987,die_profile_images/.net_data/c5f031dc-0612-4218-abd4-5f455a013170_plain T.jpg
15303,50.8,50.8,4,0,1.053,die_profile_images/2022/03/16/110322/plain_T.jpg
15351,24,28.5,2.6,0,0.35,die_profile_images/.net_data/b12b01eb-f835-4938-aeed-22ed25f7164e_UNEQUAL T.jpg
15352,30.7,13,0.7,0,0.082,die_profile_images/2024/07/17/093506/15352.jpg
15701,38,38,1.5,0,0.317,die_profile_images/.net_data/d3e3d0b8-1d0a-440d-8f66-af402e72282d_25501.jpg
15702,18.7,17.92,1.5,0,0.164,die_profile_images/2021/04/17/124717/15702.jpg
15703,34.5,37,4.9,0,0.66,die_profile_images/.net_data/b80b8b5c-98d8-4c30-bfb0-3994b5592d96_15703.jpg
15704,27,41.3,4.8,0,0.72,die_profile_images/2021/11/30/021407/17504.jpg
16001,11.8,7.9,1,0,0.075,die_profile_images/.net_data/d4cf0409-0b96-403f-9d52-9901fe590e33_16001.jpg
16101,36,32.4,1.8,0,0.53,die_profile_images/.net_data/7cb1a8d3-5535-4e96-a19d-6e57f0a07370_16101.jpg
16102,36,32.1,1.95,0,0.573,die_profile_images/.net_data/e57b1574-f1c7-496e-bab9-233bbaa26593_16102.jpg
16103,39.5,37.7,0.9,0,0.327,die_profile_images/.net_data/08136a69-ea73-405e-b156-acb0ff42632a_16103 sp round tube.jpg
16103,39.5,37.1,1.2,0,0.327,die_profile_images/.net_data/51c80dab-c87e-43a7-8abd-ec6e010298d8_16103 sp round tube.jpg
16104,28,25.6,1.2,0,0.322,die_profile_images/.net_data/d2e731fa-0ec1-4a30-a3a3-7f51ae4ceaca_16104 round tube.jpg
16105,25.3,20.4,0,0,0.4,die_profile_images/2021/04/05/043544/16105.jpg
16201,50.6,48.6,1,0,0.5,die_profile_images/.net_data/87a96b7f-7731-4f3b-bc5f-cb6958d04c84_16202.jpg
16202,48.8,46.1,1.35,0,0.605,die_profile_images/.net_data/e2dbecaf-41b0-4553-a993-d94969635940_16202.jpg
16203,49.25,32.5,5.8,0,1.924,die_profile_images/2021/07/24/040115/16203.jpg
16204,50,30,3,0,1.205,die_profile_images/2023/04/07/010701/16204.jpg
17001,9.5,9.5,0.55,0,0.041,die_profile_images/.net_data/d9cb5738-6893-4a0a-a0b7-98670d0333cb_equal u channel.jpg
17002,10,10,1.2,0,0.09,die_profile_images/.net_data/2e3ce103-1245-40e1-9803-dd0046a6eb9d_equal u channel.jpg
17003,12,12,0.75,0,0.069,die_profile_images/.net_data/1fc2e96c-fa0e-4c82-9950-6400adff85a1_equal u channel.jpg
17004,19.1,31.8,3.2,0,0.653,die_profile_images/2021/08/12/030704/17004.jpg
17101,25,25,2,0,0.383,die_profile_images/.net_data/6d1d46af-9a00-4ba1-b0f1-b01cda69787a_equal u channel.jpg
17102,38,38,3,0,0.874,die_profile_images/.net_data/64a9fb1c-a3b4-4e46-b57e-34ffddf13d0e_equal u channel.jpg
17103,25,25,1.5,0,0.291,die_profile_images/.net_data/a32a1bf6-f28f-4ac9-9f10-f1c53df331ff_equal u channel.jpg
17104,30,30,3,0,0.68,die_profile_images/.net_data/dd3ad66f-b207-4db5-81be-98d2261a2816_UNEQUAL CHANNEL.jpg
17105,40,40,2,0,0.626,die_profile_images/2021/05/10/035415/equal_u_channel.jpg
17201,44.95,44.95,2,0,0.704,die_profile_images/.net_data/2f89f07d-1dc7-438b-9a0a-999107fcb709_equal u channel.jpg
17202,60,60,3,0,1.409,die_profile_images/2021/07/31/040015/equal_u_channel.jpg
17203,50,50,3,0,1.166,die_profile_images/2023/12/14/023953/equal_u_channel.jpg
17501,21,15,1.6,0,0.206,die_profile_images/.net_data/b9a18c97-7c5d-42d8-b33d-c4d08d66fcc2_UNEQUAL CHANNEL.jpg
17502,23,12,1.8,0,0.21,die_profile_images/.net_data/4b21e5e2-faad-4ae1-8d1c-8cbe9c7d865d_UNEQUAL CHANNEL.jpg
17503,23.75,20,1.7,0,0.27,die_profile_images/2023/10/04/042916/17518.jpg
17504,38,19,2,0,0.388,die_profile_images/.net_data/745052a7-12d0-4916-8dfa-d3b7307ec973_UNEQUAL CHANNEL.jpg
17505,50,25,2,0,0.518,die_profile_images/.net_data/240c7753-0b85-4495-970d-8f4f55e6f6a7_UNEQUAL CHANNEL.jpg
17506,76.2,38.1,6.35,0,2.395,die_profile_images/.net_data/027bb304-268d-4c51-9596-887dd1179aa7_UNEQUAL CHANNEL.jpg
17507,85,42,2,0,0.89,die_profile_images/.net_data/3cc9ffc2-cfa1-4d23-a28a-176d19f47680_UNEQUAL CHANNEL.jpg
17508,101.6,50.8,6.35,0,3.284,die_profile_images/.net_data/9a95da96-0779-470e-aba3-40a0f470b682_UNEQUAL CHANNEL.jpg
17509,100,75,6.35,0,4.068,die_profile_images/.net_data/fec4d381-3c45-47d1-b8af-f8a37bc8b509_UNEQUAL CHANNEL.jpg
17510,127,50.8,2,0,1.212,die_profile_images/.net_data/375b1605-9000-40fb-adc9-3f14e5174043_UNEQUAL CHANNEL.jpg
17511,20,15,2,0,0.248,die_profile_images/.net_data/6ebe9cbc-ca2e-4ef0-9679-afb2ca606864_UNEQUAL CHANNEL.jpg
17512,70,60,3,0,1.49,die_profile_images/2021/05/14/043142/UNEQUAL_CHANNEL.jpg
17513,19,13,2,0,0.221,die_profile_images/2021/11/16/054417/UNEQUAL_CHANNEL.jpg
17514,75,25,2,0,0.653,die_profile_images/2022/09/16/114449/UNEQUAL_CHANNEL.jpg
17515,57.15,38.1,3.18,0,1.088,die_profile_images/2022/05/06/110453/UNEQUAL_CHANNEL.jpg
17516,73.05,38.1,3.18,0,1.224,die_profile_images/2022/05/06/110202/UNEQUAL_CHANNEL.jpg
17517,100,50,1.8,0,0.954,die_profile_images/2022/07/20/124238/UNEQUAL_CHANNEL.jpg
17518,50.8,38.1,3.18,0,1.034,die_profile_images/2022/09/15/051040/UNEQUAL_CHANNEL.jpg
17519,15.88,22.23,3.18,0,0.462,die_profile_images/2022/10/11/112434/17004.jpg
17520,60,40,5,0,1.754,die_profile_images/2024/04/09/044042/UNEQUAL_CHANNEL.jpg
17521,10,12,1,0,0.077,die_profile_images/2024/05/15/125343/17521.jpg
17522,22.4,6.2,1.2,0,0.103,die_profile_images/2024/06/03/104526/17522.jpg
17523,15.5,9.45,1.5,0,0.149,die_profile_images/2025/02/12/112932/17523.png
18001,63.5,38,1.2,0,0.589,die_profile_images/.net_data/d426da92-9684-4216-a344-3e35a055de27_18001.jpg
18002,5.6,5.6,1.1,0,0.046,die_profile_images/.net_data/dae9576f-e9e2-4c58-ba44-8343dab79276_18002.jpg
18003,63,63,5,0,2.489,die_profile_images/.net_data/6dfdbf19-c090-4323-8fd6-b36512d38a83_18003.jpg
18004,114,68,6,0,7.932,die_profile_images/.net_data/d5234a85-a505-4967-a5dc-c89ebc9699a9_18004.jpg
18005,23.75,20,1.7,0,0.27,die_profile_images/.net_data/586f602c-57ae-4516-99d7-cbc5fa280c0f_18005.jpg
18006,76.2,38,7,0,2.611,die_profile_images/.net_data/7097dfe8-e703-4476-98d8-69e5b0d368b4_18006.jpg
18007,76.5,38,6.5,0,2.448,die_profile_images/2021/04/17/015719/18007.jpg
18008,18,72,2,0,0.783,die_profile_images/2024/09/10/094558/18008.jpg
19001,40,4,0,0,0.351,die_profile_images/.net_data/9c1241bd-bb45-4d0a-a99b-a4ba522dc781_19001.jpg
19002,30,6,0,0,0.483,die_profile_images/.net_data/bd575143-7db1-4b26-9b11-ea3a477751f4_19003.jpg
19003,50,8,0,0,1.077,die_profile_images/.net_data/b778ed8a-c21d-4bdb-b13c-30177310e7c5_19003.jpg
19004,80,10,0,0,2.101,die_profile_images/2024/01/30/045546/19004.jpg
19005,100,10,0,0,2.641,die_profile_images/2024/01/30/045627/19005.jpg
19301,20,10,0,0,0.482,die_profile_images/.net_data/63974370-8f1d-4fb6-9f16-b3cc3e2cc0d8_19301.jpg
19801,19.9,19.9,0,0,1.031,die_profile_images/.net_data/ec83c14a-4b91-4ccc-b5f6-7ce80ba10722_19801.jpg
19802,25,25,0,0,1.65,die_profile_images/.net_data/f6645603-d0eb-4d3d-adb4-9720b9661041_19801.jpg
19803,19,19,0,0,0.826,die_profile_images/2021/04/05/043343/19803.jpg
19804,60,3,0,0,0.48,die_profile_images/2023/04/06/052659/19804.jpg
19805,40,6,0,0,0.626,die_profile_images/2023/04/06/052752/19805.jpg
20001,35,22,0.65,0,0.195,die_profile_images/.net_data/0552f7c0-e3da-498a-bbba-3510b8b52df9_1rectangular tube.jpg
20002,38,24,0.65,0,0.213,die_profile_images/.net_data/a0d2694b-b286-4c8d-a98b-98e613a2af1d_1rectangular tube.jpg
20003,38,24,0.75,0,0.245,die_profile_images/.net_data/2bf9a5b7-7c38-4bdf-ba99-de2e8eed03dd_rectangular tube.jpg
20004,38,24,0.85,0,0.276,die_profile_images/.net_data/dcaa3ba3-7cc3-4c26-b063-4fb7311da80d_rectangular tube.jpg
20005,38,24,1,0,0.324,die_profile_images/.net_data/6b7efec7-fd02-4f46-9633-a21bffe7d073_1rectangular tube.jpg
20006,35,22,0.75,0,0.224,die_profile_images/.net_data/4493ae04-532e-4d1c-af9a-a1822ef30357_rectangular tube.jpg
20007,38,24,1.2,0,0.373,die_profile_images/.net_data/1rectangular tube.jpg
20008,38,24,1.5,0,0.413,die_profile_images/.net_data/1rectangular tube.jpg
20009,38,24,1.6,0,0.508,die_profile_images/.net_data/1rectangular tube.jpg
20010,35,22,1,0,0.297,die_profile_images/2024/04/01/114011/20010.jpg
20012,40,20,3,0,0.872,die_profile_images/2024/02/26/010606/20012.jpg
20101,50.8,12.7,1.1,0,0.412,die_profile_images/.net_data/5dd9d5ea-ad1a-47e1-b646-e64662b48e23_1rectangular tube.jpg
20102,50.8,19,1.1,0,0.401,die_profile_images/.net_data/2a102d07-54c7-4dd3-9b52-5089ed5b9ab4_1rectangular tube.jpg
20103,48,24,0.7,0,0.266,die_profile_images/.net_data/1rectangular tube.jpg
20103,48,24,0.7,0,0.266,die_profile_images/.net_data/995f16ba-a6ef-42ff-8cc8-253209f4d42c_1rectangular tube.jpg
20104,48,24,0.9,0,0.341,die_profile_images/.net_data/cdc11ddb-da93-41bd-aa5b-31fdf962aa32_1rectangular tube.jpg
20105,48,24,1.4,0,0.523,die_profile_images/.net_data/f10fba63-0cd7-44f9-a703-e6aec4371a50_RECTANGULAR TUBE.jpg
20107,50.8,25.4,1,0,0.4,die_profile_images/.net_data/7bccbb07-fc7d-4a48-ac4e-406bb637bd67_rectangular tube.jpg
20108,50.8,25.4,1.2,0,0.478,die_profile_images/.net_data/3873a7fd-b277-453e-bf4b-0a1bb96442bc_1rectangular tube.jpg
20109,50.8,25.4,1.5,0,0.676,die_profile_images/.net_data/b878cfc4-c141-4d2a-9d73-f194c1e01e4f_1rectangular tube.jpg
20110,50.8,25.4,1.6,0,0.592,die_profile_images/.net_data/b8f16ca1-d5ef-48e4-b277-9e730bd0c42a_1rectangular tube.jpg
20111,50,25,2,0,0.82,die_profile_images/.net_data/579897d8-f5e3-4287-bb70-59c65bfda1f4_1rectangular tube.jpg
20112,50,38,2,0,0.993,die_profile_images/.net_data/59e239a0-00dc-498a-8209-46ca058c0b79_1rectangular tube.jpg
20113,50.8,38.1,1.5,0,0.695,die_profile_images/.net_data/db37abb8-a1b4-4de1-8f4c-d22456ef4464_1rectangular tube.jpg
20114,50,19,1.5,0,0.534,die_profile_images/.net_data/0ac8b39c-a96e-4f66-a9a3-d63b7ab983c0_1rectangular tube.jpg
20115,25,12,1.2,0,0.224,die_profile_images/.net_data/f41aedd3-b23e-4222-adcd-b3bcbaa7d3e0_1rectangular tube.jpg
20116,54.5,24.3,1.1,0,0.445,die_profile_images/.net_data/a8dc318d-7ca0-427c-b38c-466e3da4473d_1rectangular tube.jpg
20117,38.1,24,2,0,0.727,die_profile_images/.net_data/04d4a7a5-bbc9-488d-a0b0-e9ba5d3f7b68_1rectangular tube.jpg
20118,50,38,1.8,0,0.82,die_profile_images/.net_data/2a790a52-7e24-4c8c-a812-475f60eab3df_1rectangular tube.jpg
20119,38.1,19,1.5,0,0.438,die_profile_images/.net_data/81ce4180-b2d0-4e60-a00c-ec0f0a14ee36_1rectangular tube.jpg
20120,50.8,25.4,2.5,0,0.961,die_profile_images/.net_data/1de6d075-43b6-4f4d-974d-7dd449bbd05a_1rectangular tube.jpg
20121,50.8,25.4,3,0,1.137,die_profile_images/.net_data/52e4f413-5f46-4b30-970c-14f44326327d_1rectangular tube.jpg
20123,50,20,4,0,1.338,die_profile_images/2023/04/08/031530/69190.jpg
20125,60,40,4,0,1.987,die_profile_images/2024/04/09/043848/1rectangular_tube.jpg
20127,29,19,1,0,0.248,die_profile_images/2024/06/03/050734/20127.jpg
20201,62,25.4,1,0,0.461,die_profile_images/.net_data/b17fb009-ac49-4cf1-bdb3-e1afeaee765d_1rectangular tube.jpg
20202,62,25.4,1.2,0,0.55,die_profile_images/.net_data/03e98afd-573d-49f2-8415-73860e25e190_1rectangular tube.jpg
20203,62,38,0.8,0,0.425,die_profile_images/.net_data/741adf94-2f49-4a30-b1c2-48751ebca0d5_1rectangular tube.jpg
20204,62,38,0.9,0,0.447,die_profile_images/.net_data/7e23f17d-9e64-4b27-985a-1a075a32f19a_1rectangular tube.jpg
20205,62,38,1,0,0.529,die_profile_images/.net_data/f386f557-e5df-41f7-b96a-cd9279ed987e_1rectangular tube.jpg
20206,62,38,1.5,0,0.862,die_profile_images/.net_data/6a491a14-9c71-4cb3-aaba-f33bb598b1a0_1rectangular tube.jpg
20207,62,38,1.2,0,0.632,die_profile_images/.net_data/c9833eac-1c55-4eee-a964-8483c7ca1663_1rectangular tube.jpg
20208,62,38,1.6,0,0.836,die_profile_images/.net_data/ab94d8de-f09e-4509-b303-3d121e056278_1rectangular tube.jpg
20209,62,38,1.8,0,0.937,die_profile_images/.net_data/a9809bfa-e93f-4751-b1a3-c936e32bfd65_1rectangular tube.jpg
20210,62,38,2,0,1.036,die_profile_images/.net_data/286435e7-9a67-4d80-94df-c451424aeeb2_1rectangular tube.jpg
20211,63.5,38.1,2,0,1.053,die_profile_images/.net_data/3c58fa1b-fc1d-476d-9eff-1651be39d8b7_rectangular tube.jpg
20212,60,40,1.5,0,0.786,die_profile_images/.net_data/4eff1584-6a83-479a-9b40-6cf7e73dff34_rectangular tube.jpg
20213,62,25.4,2.4,0,1.07,die_profile_images/.net_data/4acfe139-18ee-4f34-964f-9c9a3723b3f3_1rectangular tube.jpg
20214,60,40,4,0,1.987,die_profile_images/.net_data/af29d952-3b1b-4bcc-8c94-13d8c78af63b_1rectangular tube.jpg
20215,70,50,4,0,2.419,die_profile_images/2024/03/20/052131/1rectangular_tube.jpg
20220,48,24,1.8,0,0.664,die_profile_images/.net_data/6ee4d6c5-1e60-41d8-b7b4-766a046f6377_1rectangular tube.jpg
20221,38,19,1,0,0.297,die_profile_images/2021/08/03/101634/rectangular_tube.jpg
20301,76,12.7,1.7,0,0.783,die_profile_images/.net_data/c970e311-55c6-41d4-9b1a-5ece511d0731_1rectangular tube.jpg
20302,76,19,1.1,0,0.551,die_profile_images/2023/10/13/122227/20302.jpg
20303,73,20,1,0,0.491,die_profile_images/.net_data/0aac9a74-5705-4e8a-a8d1-87fca12b2274_1rectangular tube.jpg
20304,76,25.4,0.9,0,0.484,die_profile_images/.net_data/5aa91347-1924-451c-a88e-6dcff98c404c_1rectangular tube.jpg
20305,76,25.4,1.5,0,0.797,die_profile_images/.net_data/a7852ba2-bb62-4e62-a0c9-10aa7816bb28_1rectangular tube.jpg
20306,76,25,3,0,1.539,die_profile_images/.net_data/747b8c58-ca5c-43a3-87e9-23a89ea25393_1rectangular tube.jpg
20307,76,12.9,3,0,1.342,die_profile_images/.net_data/3b0570b1-dd0c-4e1e-bfbc-ba80f955857e_1rectangular tube.jpg
20308,76,38,1.5,0,0.899,die_profile_images/.net_data/4ba76315-d830-42e0-ab67-d1283715abb8_1rectangular tube.jpg
20309,80,40,2,0,1.252,die_profile_images/.net_data/c30b0b8c-4e5e-42e7-a475-b8d36582b428_1rectangular tube.jpg
20310,75,50,2,0,1.306,die_profile_images/.net_data/d2ad7832-58ed-4ef1-ab12-739c920e543b_1rectangular tube.jpg
20311,76,19,1.5,0,0.745,die_profile_images/.net_data/7765a5a5-2952-4d49-a906-c6f8ae5c52ca_1rectangular tube.jpg
20312,75,50,3,0,1.92,die_profile_images/.net_data/f7eb0814-ce5c-4939-a63a-86f1ca20deea_1rectangular tube.jpg
20313,76,38,2,0,1.188,die_profile_images/.net_data/5892c570-85a2-4162-b8db-0855ba523820_1rectangular tube.jpg
20314,75,50,1.5,0,0.988,die_profile_images/.net_data/663bb080-3ef5-401c-9d46-83ae26aa9a05_1rectangular tube.jpg
20315,75,25,1.2,0,0.632,die_profile_images/.net_data/f1548d7e-51a1-416d-9bf5-38bcee521c94_rectangular tube.jpg
20317,80,40,3,0,1.846,die_profile_images/.net_data/d5ffc4c1-1745-4b99-81cb-38e6d16a9505_1rectangular tube.jpg
20318,80,50,3,0,2.008,die_profile_images/2024/03/20/052255/1rectangular_tube.jpg
20319,70,35,1.2,0,0.664,die_profile_images/2021/08/16/112852/f1548d7e-51a1-416d-9bf5-38bcee521c94_rectangular_tube.jpg
20320,80,38,1.1,0,0.68,die_profile_images/2024/03/13/025819/20320.jpg
20321,80,50,4,0,2.635,die_profile_images/2024/03/20/052501/1rectangular_tube.jpg
20401,101,12.7,1.1,0,0.662,die_profile_images/.net_data/173565de-5947-48fe-af16-57c42df90fe7_1rectangular tube.jpg
20402,101,19,1.1,0,0.699,die_profile_images/.net_data/ceccab92-b4ac-431a-be11-048d0ccd777e_1rectangular tube.jpg
20403,100,25,3,0,1.927,die_profile_images/.net_data/b3640b9a-e0ac-4443-92f7-575fa55a8516_1rectangular tube.jpg
20404,100,38,1.5,0,1.098,die_profile_images/.net_data/1b0ced95-01e7-4964-861f-3bfa6aead733_1rectangular tube.jpg
20405,100,25,0.9,0,0.598,die_profile_images/.net_data/95ecaf78-6a47-4e0b-9561-88c496da03c1_1rectangular tube.jpg
20406,100,25,1.5,0,0.743,die_profile_images/.net_data/f16de51d-0fdd-44d7-8f77-9460c815729d_1rectangular tube.jpg
20407,100,50,1.5,0,1.479,die_profile_images/.net_data/39c8e471-c666-487b-9021-1bce630613ea_1rectangular tube.jpg
20408,100,50,1.7,0,1.48,die_profile_images/.net_data/4ce22ac5-fbe9-4c27-a3fd-2abc4ee5209a_1rectangular tube.jpg
20409,100,50,2,0,1.754,die_profile_images/.net_data/44ba9caa-4464-4569-a07a-02487f55f9a7_1rectangular tube.jpg
20410,100,12,1.5,0,0.918,die_profile_images/.net_data/093ac0e8-228c-44af-8669-920df4b593c6_1rectangular tube.jpg
20411,100,19,1.5,0,0.975,die_profile_images/.net_data/e24fc8db-dc8d-4027-a1bb-7cfd85b83183_1rectangular tube.jpg
20412,100,25,1,0,0.664,die_profile_images/.net_data/f83bae2f-3ee3-496e-89e3-d2031dc357f4_1rectangular tube.jpg
20413,100,75,2,0,1.846,die_profile_images/.net_data/9526e021-874c-449a-b5d8-3f49feeae79d_1rectangular tube.jpg
20414,100,50,2.5,0,1.957,die_profile_images/.net_data/5b4558dc-9a9f-40a2-8450-7dec273e7bf5_1rectangular tube.jpg
20415,100,50,1.8,0,1.423,die_profile_images/.net_data/3b1d6fa7-8901-4188-bc92-f6a6e1ebab29_1rectangular tube.jpg
20416,101.6,44.45,1.5,0,1.158,die_profile_images/2025/01/07/053312/20416.jpg
20417,100,25,1.3,0,0.859,die_profile_images/.net_data/3d93b775-1887-49eb-8351-64a21571eeae_rectangular tube.jpg
20418,100,12,2,0,1.166,die_profile_images/2021/06/22/022616/rectangular_tube.jpg
20419,101.6,44.45,3,0,2.268,die_profile_images/.net_data/fa38b6b6-7ab8-4ad7-82e9-b566b5178621_rectangular tube.jpg
20420,100,50,3,0,2.332,die_profile_images/2024/01/25/100941/1rectangular_tube.jpg
20421,100,60,4,0,3.283,die_profile_images/2024/03/20/051711/rectangular_tube.jpg
20422,100,50,5,0,3.78,die_profile_images/2024/04/09/044303/1rectangular_tube.jpg
20423,100,50,8,0,5.788,die_profile_images/2024/04/09/043616/1rectangular_tube.jpg
20423,100,50,8,0,5.788,die_profile_images/2024/04/09/043744/1rectangular_tube.jpg
20501,112,55,2,0,1.76,die_profile_images/.net_data/1f1287b1-103c-4a7c-85f4-a1d0261717ee_1rectangular tube.jpg
20502,120,50,4,0,3.499,die_profile_images/2024/04/05/093720/1rectangular_tube.jpg
20503,15,10,2,0,0.226,die_profile_images/2024/08/16/025302/73611.jpg
20504,18,16,2,0,0.324,die_profile_images/2024/08/16/025426/73612.jpg
20601,125,25,1,0,0.799,die_profile_images/.net_data/f1487534-6f98-49c6-8685-48f98a591439_1rectangular tube.jpg
21001,27,15,6,0,1.227,die_profile_images/.net_data/fa033beb-a084-475f-99c2-d982265f66af_HEXAGON.jpg
21002,19,21.94,0,0,0.843,die_profile_images/.net_data/55520675-6b61-492a-adfb-1be52df9c115_hex solid bar.jpg
21003,25,28.87,0,0,1.461,die_profile_images/.net_data/5f89fb61-00b7-4132-9e31-aa3e92c2ef6c_hex solid bar.jpg
21004,32,36.95,0,0,2.394,die_profile_images/.net_data/968836ac-a806-410d-b8d6-5a99e70ef21e_hex solid bar.jpg
21005,12.7,14.62,0,0,0.376,die_profile_images/2021/07/05/035413/hexa_solid_bar.jpg
21006,32,32,19.7,0,1.538,die_profile_images/2022/12/17/022943/21006.jpg
21007,13,6,3.5,0,0.317,die_profile_images/2023/03/09/022147/21006.jpg
21008,30,18.5,5.75,0,1.378,die_profile_images/2023/06/08/050159/HEXAGON.jpg
21009,6,6.84,0,0,0.084,die_profile_images/2023/06/08/050451/hexa_solid_bar.jpg
21010,16,0,0,0,0.598,die_profile_images/2024/01/01/101758/hex_solid_bar.jpg
22001,22,16,0.9,0,0.125,die_profile_images/.net_data/162d834f-9939-4f57-bfc9-3891bba8ffc6_f section small.jpg
22002,37,12,0.7,0,0.112,die_profile_images/.net_data/08f2fa81-2a73-4140-b67d-1c1f84537955_f section big.jpg
22201,12,25,1.2,0,0.189,die_profile_images/.net_data/21146669-73bc-400a-853c-831c99cec4bf_22201.jpg
22202,12.1,25,1.3,0,0.201,die_profile_images/.net_data/4b665010-14f8-4485-a6b8-d961d6009b53_22202.jpg
22501,22,12,1,0,0.299,die_profile_images/.net_data/606ce41a-c058-4ecf-ac46-ae872ba7e01a_double u channel.jpg
22601,44.45,25.4,3.18,0,0.763,die_profile_images/2024/09/10/095317/22601.jpg
23001,6,6,0,0,0.1,die_profile_images/.net_data/e71d1b3e-05e4-4b0a-ab49-b24a2f726a96_SQUARE BAR.jpg
23002,10,10,0,0,0.27,die_profile_images/.net_data/884c36d0-19b7-4448-b066-d37fb41584fa_SQUARE BAR.jpg
23003,12.7,12.7,0,0,0.435,die_profile_images/.net_data/5450eaf9-ae6a-4f0a-846a-f68aec64153a_SQUARE BAR.jpg
23004,19,19,0,0,0.974,die_profile_images/.net_data/2dbf537f-a4b5-4b2c-8160-88b0483c15b0_SQUARE BAR.jpg
23005,38.1,38.1,0,0,3.919,die_profile_images/.net_data/c3ce36b3-0081-4a0c-9937-8a13c12b15d9_SQUARE BAR.jpg
23006,20,20,0,0,1.079,die_profile_images/.net_data/e3ad1239-d211-409b-b738-462efef129a5_SQUARE BAR.jpg
23007,28,30,0,0,2.268,die_profile_images/.net_data/f62c85b7-01fc-45a5-b8ff-ca3ba4f4d134_SQUARE BAR.jpg
23008,25,25,0,0,1.687,die_profile_images/.net_data/3f093591-736f-4d88-bc3f-553f3e899a74_SQUARE BAR.jpg
23009,40,40,0,0,4.32,die_profile_images/.net_data/93a2626d-94e4-45d3-bb33-39818cc2d3e6_SQUARE BAR.jpg
23010,32,32,0,0,2.764,die_profile_images/.net_data/b14819e9-52a3-4fbd-827b-e0897e85bb6a_SQUARE BAR.jpg
23011,50,50,0,0,6.75,die_profile_images/2021/08/04/101943/SQUARE_BAR.jpg
24105,34.5,37,2.2,0,0.66,die_profile_images/.net_data/bb73fc99-718c-410a-bcae-60469557590c_UNEQUAL T.jpg
24201,29,44,2,0,0.513,die_profile_images/.net_data/17bec3ea-0e9c-4b3f-9079-10904921146c_24201.jpg
24202,44,29.3,2,0,0.534,die_profile_images/2025/01/06/100406/24202.jpg
24301,30,30,1.45,0,0.201,die_profile_images/.net_data/0ad825b1-7c7a-4836-bec7-4b68d61cf959_24301.jpg
24302,30,30,1.3,0,0.24,die_profile_images/.net_data/4d290279-5c7b-4fe3-9936-331dce2a9fa1_24302.jpg
24303,30,30,1.05,0,0.176,die_profile_images/.net_data/a0d1f3d9-c821-4ba1-b676-364823293c6a_24303.jpg
24304,60,60,6,0,1.626,die_profile_images/.net_data/235a278d-f821-418e-8be4-b9612f3da3a5_24304.jpg
24305,62,62,5.1,0,1.312,die_profile_images/.net_data/9c4ddd48-2d5c-425e-8453-b7d9222914b8_24305.jpg
24306,35,35,2.5,0,0.454,die_profile_images/2024/11/06/044753/24306.jpg
25001,11,38.1,1,0,0.272,die_profile_images/.net_data/3f3efad8-190c-4b8b-80ab-86a1f448f2cf_25001.jpg
25002,33,20,1.15,0,0.304,die_profile_images/.net_data/4a16f14b-a4b9-4883-ac2c-ff311b9cb18f_25002.jpg
25101,50,25,2,0,1.087,die_profile_images/.net_data/e464d809-adfd-4d0a-8a7e-4a09216cb44b_SP RT 25101.jpg
25102,55.5,40,1.5,0,0.843,die_profile_images/.net_data/a6ce3f76-85f1-4f7a-a295-67c26dd05a62_25102 sp rt.jpg
25103,50,20,1.15,0,0.41,die_profile_images/.net_data/92a545c0-84d1-45ca-be20-639cf813ee33_25103.jpg
25301,70,12,2,0,0.774,die_profile_images/.net_data/15db1fa0-0125-4e6a-b494-6f17ae97059f_25301 sp rt.jpg
25302,70,20,2,0,0.879,die_profile_images/.net_data/c70c119c-a9de-4d4b-b908-8a09a551712c_25302 sp rt.jpg
25306,76,30,2,0,1.327,die_profile_images/.net_data/b3b08b8a-8e89-49b2-aadf-6e3f33107f5a_25306 sp rt.jpg
25307,76,38,2,0,1.407,die_profile_images/.net_data/37b2c8e8-4b47-48db-b22e-89c9a35ed743_25307 sp rt.jpg
25401,100,30,2,0,1.566,die_profile_images/.net_data/155a872f-b343-46d7-a555-1ddedf8b48a2_25401.jpg
25402,100,38,2,0,1.669,die_profile_images/.net_data/8b5d1c38-e626-4cdb-8d1a-6126b4433e5b_SP RT 25402.jpg
25403,110,50,1.5,0,1.427,die_profile_images/.net_data/0fe50412-ab55-4ec6-8df4-c2160712c1ee_25403.jpg
25404,100,75,2,0,2.278,die_profile_images/.net_data/237c752e-52b2-455a-a6dd-521cb4261d76_25404.jpg
25405,123.3,42.9,1.5,0,1.693,die_profile_images/2023/02/25/054443/25405.jpg
25406,30,45,2,0,0.773,die_profile_images/2024/09/10/094315/25406.jpg
25407,40,33,1.4,0,0.535,die_profile_images/2024/09/10/094119/25407.jpg
25501,30,10.1,2,0,0.299,die_profile_images/2023/09/23/052009/25501.jpg
26004,41,14,0.5,0,0.287,die_profile_images/.net_data/37132005-cb65-4b91-aae8-dace8e05d3dc_26004.jpg
26101,62,12.5,1.2,0,0.266,die_profile_images/.net_data/6175ad89-2035-4524-b88c-b19b68956758_louver section.jpg
26102,77.6,27.6,1.7,0,0.465,die_profile_images/.net_data/4c34e90e-3fb0-4e68-93fb-bfcd1c546694_26102.jpg
26103,103.2,50.7,2,0,0.749,die_profile_images/.net_data/80351878-d1b6-4e10-84b6-025b84d5e3e8_26103.jpg
26104,41,14,0.5,0,0.106,die_profile_images/.net_data/24647825-2404-460f-b465-392875515126_26004.jpg
26105,70.38,15.92,1.5,0,0.437,die_profile_images/2021/07/03/125345/primw.jpg
26251,76,25.37,1.2,0,0.606,die_profile_images/.net_data/d5a09a61-80a1-4521-84ba-f38dc66cd521_26251.jpg
26252,76,25.37,1.5,0,0.967,die_profile_images/.net_data/edbc304b-cdb9-4eba-9aca-fbf0eb833147_26251.jpg
26253,45,10,1,0,0.311,die_profile_images/.net_data/68d96fb7-de10-4550-98cd-609cdf650423_26253.jpg
26254,35,18,1.7,0,0.498,die_profile_images/2021/03/18/120858/26254.jpg
27001,50,5.6,1.6,0,0.251,die_profile_images/2024/11/06/045754/27001.jpg
27002,80,5.6,1.6,0,0.38,die_profile_images/2024/11/06/050024/27002.jpg
27003,68.5,59,3,0,1.568,die_profile_images/2024/11/17/122800/27003.jpg
27004,50,48.4,1.6,0,0.694,die_profile_images/2024/11/17/122411/27004.jpg
27005,80,48.4,1.6,0,0.823,die_profile_images/2024/11/17/122532/27005.jpg
28201,50,50,1.5,0,0.593,die_profile_images/.net_data/e1e118f8-83a1-4984-af24-242c6b65d507_28201.jpg
28301,75,75,1.5,0,1.007,die_profile_images/.net_data/b52f271b-baff-4d51-86b0-63c46727f2ae_28301.jpg
29001,91.5,35,3.8,0,2.418,die_profile_images/.net_data/cb08db30-61f5-4601-bab8-8ad15d45ee0d_29001.jpg
29002,87,23,2.75,0,1.912,die_profile_images/.net_data/53dc8586-7641-430d-9d2e-bdec102128b6_Heat sink 102.jpg
29003,35,12.5,2,0,1.912,die_profile_images/.net_data/45e1a6bf-3a27-47a7-8b35-399ed741518d_Heat sink 103.jpg
29004,16.6,15.8,0.91,0,0.303,die_profile_images/.net_data/49073fa7-371b-4b70-ae17-96f931cfdd3c_Heat sink 104.jpg
29005,24,16.5,1,0,0.268,die_profile_images/.net_data/b8645568-5221-4411-aa2b-1cfeff3f3adf_Heat sink 105.jpg
29006,48,32,3,0,1.704,die_profile_images/.net_data/e608956c-e556-4291-abbc-460959cbf278_29006.jpg
29007,25,25,4,0,0.864,die_profile_images/.net_data/5f790745-e47e-4009-996e-7a41534f1635_29007.jpg
29008,27,31,1.6,0,0.872,die_profile_images/.net_data/242fa0cf-7c6f-4389-9be0-2fab654a7c31_58201.jpg
29009,50.4,25.4,2,0,1.931,die_profile_images/2021/04/17/042520/29009.jpg
29501,53,39,2,0,2.19,die_profile_images/2021/05/08/103146/29501.jpg
29502,53,40,2,0,2.405,die_profile_images/2021/08/31/033734/29501.jpg
29503,48.1,39.5,5,0,2.843,die_profile_images/2023/01/27/112502/29503.jpg
30001,19,19,1,0,0.194,die_profile_images/.net_data/5bea1a9d-3d1a-4a0d-8224-5c1eaba064c8_squar tube.jpg
30002,20,20,2,0,0.388,die_profile_images/.net_data/4f0ea09a-e6fb-4c35-bf59-7fedfbb4a413_squar tube.jpg
30003,20,20,1.5,0,0.299,die_profile_images/.net_data/3279c10b-47be-4b88-b875-b7bb43c8f117_squar tube.jpg
30004,22,22,0.95,0,0.215,die_profile_images/.net_data/2a440cdf-cf2b-4e8e-be94-de008e2ef7dd_squar tube.jpg
30005,12,12,1.5,0,0.17,die_profile_images/2024/12/19/044750/30005.jpg
30101,25,25,1.5,0,0.364,die_profile_images/.net_data/aba81226-5a32-4ac5-ba19-78d646dfb76f_squar tube.jpg
30102,25,25,2,0,0.496,die_profile_images/.net_data/e42fee75-97df-4f9e-8aab-2dd7e46f9238_squar tube.jpg
30103,38,38,1,0,0.399,die_profile_images/.net_data/175b14af-3dc6-4712-9e1a-027d8a249ba7_squar tube.jpg
30104,38,38,1.25,0,0.446,die_profile_images/.net_data/633c578f-a189-41ca-928c-ea6bc2a6bca9_squar tube.jpg
30105,38,38,1.5,0,0.59,die_profile_images/.net_data/3b211519-fb46-428b-852f-20c978d95771_squar tube.jpg
30106,38,38,2,0,0.824,die_profile_images/.net_data/c9e65e99-2e81-4d50-9bc0-b417003b7b30_squar tube.jpg
30107,25.4,25.4,2,0,0.505,die_profile_images/.net_data/13158f47-5a27-4414-a516-0a63caa5fa18_squar tube.jpg
30108,38,38,3,0,1.134,die_profile_images/.net_data/4b3c3abf-7cbd-431b-bcf7-41ccbdba32d3_squar tube.jpg
30109,40,40,0.8,0,0.338,die_profile_images/.net_data/e993d658-22ea-469f-9f48-b17ed031ca5c_squar tube.jpg
30110,40,40,1.5,0,0.623,die_profile_images/.net_data/2cc30ddf-cd42-4360-af4c-bc0536c379fc_squar tube.jpg
30111,38.1,38.1,1.25,0,0.497,die_profile_images/.net_data/7f34e13a-0471-450e-8f19-2dd47a716fed_squar tube.jpg
30112,25.4,25.4,3,0,0.725,die_profile_images/2021/03/16/043417/squar_tube.jpg
30113,40,40,3,0,1.198,die_profile_images/2021/03/16/043315/squar_tube.jpg
30114,30.2,30.2,3.2,0,0.925,die_profile_images/2021/11/30/021234/30114.jpg
30115,40,40,4,0,1.555,die_profile_images/2024/01/13/025638/30115.jpg
30201,50,50,1,0,0.529,die_profile_images/.net_data/a5f7fd5b-e8b4-4ae5-ae91-8e37e9ec2fba_squar tube.jpg
30202,50.8,50.8,1.2,0,0.632,die_profile_images/2025/02/27/113645/30202.jpg
30203,50,50,1.5,0,0.918,die_profile_images/.net_data/964f89d1-249e-4ed4-93f3-432308fea78d_squar tube.jpg
30204,50.8,50.8,2,0,1.079,die_profile_images/.net_data/8a824a9b-a296-4768-8c64-1389f4698dac_squar tube.jpg
30205,50.8,50.8,2.5,0,1.304,die_profile_images/2022/12/17/042137/squar_tube.jpg
30206,50.8,50.8,3,0,1.548,die_profile_images/.net_data/a3fd2069-8806-413e-9d90-11f56aa1f5d3_squar tube.jpg
30207,50,50,4,0,1.995,die_profile_images/2024/01/13/025739/30207.jpg
30207,50,50,4,0,2.095,die_profile_images/2024/03/20/052023/squar_tube.jpg
30208,50,50,3,0,1.522,die_profile_images/2024/04/05/093603/squar_tube.jpg
30250,60,47,8.5,0,2.925,die_profile_images/2023/11/04/020639/20320.jpg
30251,70,50,10,0,5.089,die_profile_images/2023/11/04/020744/20321.jpg
30301,62,62,2,0,1.296,die_profile_images/.net_data/7429b535-52bc-4e4a-9ad5-6e2dc5734c8d_squar tube.jpg
30302,60,60,4,0,2.419,die_profile_images/2024/01/13/025828/30302.jpg
30401,75,75,2.5,0,1.95,die_profile_images/.net_data/d17db6fa-e9b3-4479-a7e8-7d2167cfbdd2_squar tube.jpg
30402,75,75,2,0,1.576,die_profile_images/.net_data/c1f83abc-3300-4334-bf98-1369aeb3270f_squar tube.jpg
30403,75,75,1.2,0,0.956,die_profile_images/.net_data/3688075b-394c-45d8-b5e5-19dcaf9f8f3c_squar tube.jpg
30404,75,75,3.2,0,2.481,die_profile_images/2021/06/22/103522/squar_tube.jpg
30405,85,85,2,0,1.792,die_profile_images/.net_data/9f547673-4759-4604-8a8c-124de559b471_squar tube.jpg
31001,62,25.4,0.9,0,0.57,die_profile_images/.net_data/d62eaf56-e8d7-47d9-a257-c37f28fc22b1_Moulding door handle.jpg
31002,80,25.4,0.9,0,0.625,die_profile_images/.net_data/c489f4c6-4e75-4eab-a37c-b22961918468_Moulding door handle.jpg
31003,62,25.4,0.9,0,0.555,die_profile_images/.net_data/e3378899-30e7-4555-ba32-ef2142be3323_Moulding door top bottom.jpg
31004,60.6,25.2,0.9,0,0.625,die_profile_images/.net_data/0bdaf164-0107-44fc-8492-9c7928f86ebf_moulding door middle.jpg
31005,80,25.4,0.9,0,0.581,die_profile_images/.net_data/34e9eceb-3805-42a5-bf1d-873459a8b6f1_Moulding door top bottom.jpg
31006,80,25.4,0.9,0,0.562,die_profile_images/.net_data/57c5975c-79da-479d-9cc5-90c5d17069c4_moulding door top bottom single leg.jpg
31007,80,25.4,0.9,0,0.586,die_profile_images/.net_data/932f81ca-75e3-4c59-9dfb-c45079be00c3_moulding door middle.jpg
31008,62,25.4,0.9,0,0.51,die_profile_images/.net_data/222fb044-9bf0-4659-9123-8ca71466ca81_moulding door top bottom single leg.jpg
31501,126,50,1.7,0,1.924,die_profile_images/.net_data/5fe385ea-85a4-4a18-8b7e-c33719f40d82_31501.jpg
31502,63.5,40,0.9,0,0.652,die_profile_images/.net_data/7353d9bb-4153-468d-be0c-c9c7f701b297_moulding door P pipe.jpg
32001,40.5,36.6,5.6,0,2.211,die_profile_images/.net_data/176764bb-9090-432c-bc1f-2898ab92f565_32001.jpg
32002,40,37,4.2,0,2.206,die_profile_images/.net_data/e8350920-5a40-49aa-a344-60fcfbdbeb6d_32002.jpg
32003,55.4,40.2,3.5,0,3.263,die_profile_images/.net_data/bd963841-8269-4c0b-be2b-d348012be403_32003.jpg
33001,75,45,1.2,0,1.144,die_profile_images/.net_data/c3f205ea-08e4-464b-b258-0fbe51b85075_domal three track.jpg
33002,40,45,1.3,0,0.855,die_profile_images/.net_data/1bf962a1-667e-4354-bf7e-e0b58670b48c_domal two track.jpg
33003,53.9,35,1.3,0,0.79,die_profile_images/.net_data/bb8b4e74-f05c-4891-84a9-9b024466ed66_33003.jpg
33004,83.1,35,1.3,0,1.14,die_profile_images/.net_data/04ba49e5-735a-48b9-aab0-84521a53a269_62142.jpg
33005,129.6,45,1.3,0,1.877,die_profile_images/.net_data/4629d354-c2f9-4005-9c12-710808ecf5ec_33005.jpg
33006,94.75,45,1,0,0.962,die_profile_images/2021/03/18/105145/33006.jpg
33008,140,48,1.5,0,2.677,die_profile_images/2022/12/07/062450/33008.jpg
33201,38,30,1,0,0.254,die_profile_images/.net_data/9f4d9c76-3804-482a-a816-4c9aeaed5d8f_33201.jpg
33202,41.7,39,1.6,0,0.48,die_profile_images/.net_data/a8c29900-e83c-4f4f-b5ea-ae32c93e2931_33202.jpg
33202,41.7,39,1.6,0,0.48,die_profile_images/2022/12/07/062921/33202.jpg
33203,26.2,30.9,1.3,0,0.25,die_profile_images/.net_data/f5bc356f-4fdb-44da-b0f9-3139f156abe7_33203.jpg
33401,66,26,1.3,0,0.831,die_profile_images/.net_data/e7f8cc71-0ebf-4745-a8fe-23f69ab00d4f_33401.jpg
33402,75.25,25.25,1.5,0,0.975,die_profile_images/.net_data/0e21e563-56f3-4714-a4e3-a82986cfd833_33402.jpg
33403,75,35,1.5,0,1.188,die_profile_images/.net_data/510b7277-afff-4217-9e3a-66ab82d565ce_33403.jpg
33404,75,35,1.8,0,1.497,die_profile_images/.net_data/390e74bf-7721-47dd-b609-2770bb09727b_33404.jpg
33404,75,35,1.8,0,1.497,die_profile_images/2022/12/07/062609/33404.jpg
33405,75.75,25.25,0.95,0,0.612,die_profile_images/.net_data/b51923c2-0e3d-4eed-aafd-39599f85a0c8_33405.jpg
33406,75,25.4,0.95,0,0.612,die_profile_images/.net_data/f7452bbd-0950-44ad-b38b-5533f382a9d4_33406.jpg
33407,22,55.8,1.3,0,0.6,die_profile_images/.net_data/2fa73fad-294e-4e1b-bd2b-aa7b11a7af66_33407.jpg
33408,65,27,1.24,0,0.77,die_profile_images/2021/04/30/040114/33408.jpg
33409,27,65,1.24,0,0.675,die_profile_images/2024/03/08/124753/33409.jpg
34001,31,42,1.4,0,0.48,die_profile_images/.net_data/61ed48c4-b6a0-40dd-b40c-adff725851c4_34001.jpg
34002,39,40,1.4,0,0.544,die_profile_images/.net_data/b29cf8c4-68b9-4e24-890c-dfd1dc5f0a38_34002.jpg
34004,40,37,1.5,0,0.713,die_profile_images/2024/03/21/055027/34004.jpg
34005,47.5,43,1.4,0,0.684,die_profile_images/2024/03/21/060206/71102.jpg
34201,42,31,1.4,0,0.71,die_profile_images/.net_data/691333a8-5a70-4da9-8f68-cec27cdba721_34201.jpg
34401,46,42,1.3,0,0.647,die_profile_images/.net_data/b9a4d8bd-2a59-4384-8298-739303ebaa5e_34401.jpg
34402,54,40,1.3,0,0.663,die_profile_images/.net_data/cf1b05bf-4a16-46c7-90bc-9de90863e6ee_34402.jpg
34403,54.2,40,1.3,0,0.76,die_profile_images/.net_data/c6af0f53-4846-41c5-870b-6378f56a7bbc_34403.jpg
34601,28.85,15.3,1.5,0,0.258,die_profile_images/.net_data/4097b45d-3459-486e-b623-dae02bed2c9c_34601.jpg
34602,32.2,17,1,0,0.212,die_profile_images/.net_data/a15d746b-eb52-4673-9efb-aaa05d8c72d9_34602.jpg
34603,32.2,17,1,0,0.22,die_profile_images/.net_data/7ed311a3-1fd3-42e9-ad50-fb70401830dd_34603.jpg
34604,32.2,17,1,0,0.219,die_profile_images/.net_data/f72b1bca-7306-47d8-bcc8-5740f73d7d59_34604.jpg
34605,14.35,32,1,0,0.158,die_profile_images/.net_data/6b1bd428-6240-4263-b616-0fe7b86bb527_34605.jpg
34701,24.5,19.4,1.2,0,0.229,die_profile_images/2023/07/06/124834/71098.jpg
34702,26,24.5,1.2,0,0.282,die_profile_images/2023/07/06/043336/71110.jpg
34703,32,24.5,19.4,0,0.302,die_profile_images/2023/07/06/125335/71099.jpg
34704,66,56.6,1.4,0,0.699,die_profile_images/2023/07/06/125502/71100.jpg
34705,56.1,34,1.3,0,0.454,die_profile_images/2023/07/06/040032/71101.jpg
34706,50,46,1.45,0,0.771,die_profile_images/2024/09/13/122431/34706.jpg
34707,73.2,50,1.5,0,1.219,die_profile_images/2023/07/06/042530/71106.jpg
34708,66,50.5,1.45,0,0.965,die_profile_images/2023/07/06/040423/71104.jpg
34709,78.5,58,1.4,0,1.135,die_profile_images/2023/07/06/040615/71105.jpg
34710,96.3,58,1.5,0,1.406,die_profile_images/2023/07/06/042656/71107.jpg
34711,74.9,58,1.4,0,1.391,die_profile_images/2023/07/06/043042/71108.jpg
35201,50,50,2,0,1.089,die_profile_images/.net_data/517e76bd-32db-4995-8037-1d96b5e6e595_SP SQ TUBE 35201.jpg
35501,100,100,3,0,3.547,die_profile_images/.net_data/b7474e79-7326-4109-bba7-5be06bdf09c6_25405.jpg
35502,16,16,2,0,0.302,die_profile_images/2024/08/16/025147/73610.jpg
35503,25,25,2,0,0.476,die_profile_images/2024/12/09/111442/35503.jpg
35504,30,30,3,0,0.874,die_profile_images/2025/04/14/022341/35504.jpg
36001,37,80,7.9,0,3.073,die_profile_images/.net_data/ff710960-86c8-46e5-9af9-2af887d8c4f5_66428.jpg
36002,40,40,1.6,0,0.796,die_profile_images/.net_data/9b234f86-3366-445a-bacb-c3893b259567_66429.jpg
36003,50,48.1,1.75,0,0.98,die_profile_images/.net_data/c48e5552-78f4-4332-ae30-55c5e4fb221b_RAILING 62144.jpg
36004,68.22,44.85,1.7,0,1.373,die_profile_images/.net_data/5266db26-235d-4545-a716-43a3fa1ad15a_36004.jpg
36005,120,45,7.3,0,5.479,die_profile_images/.net_data/997b2acc-8395-4c8e-95c3-226a2a18fc1c_36005.jpg
36006,95,25,2.17,0,0.72,die_profile_images/.net_data/4d86451c-4f58-48f0-9e7e-f0fd14415a62_36006.jpg
36007,88,22.75,3.2,0,2.26,die_profile_images/.net_data/195b8b8e-9659-4db3-b740-59a4e0c1aee2_36007.jpg
36008,94,63,3.2,0,3.89,die_profile_images/.net_data/4bf9a4f4-66ce-405d-9fd9-4dfe44b165c5_36008.jpg
36009,56.3,71.5,1.9,0,2.478,die_profile_images/.net_data/95000752-bc91-44e2-a0a4-774a20e3418a_36009.jpg
36010,9,33.8,2.25,0,0.272,die_profile_images/.net_data/88a641a4-d2a9-44fb-a895-98175016e18c_36010.jpg
36011,84,97,9.85,0,6.214,die_profile_images/.net_data/a790ed5d-d4a6-4d0c-8dc5-b12403398abb_36011.jpg
36012,67.09,68.5,7.8,0,3.982,die_profile_images/.net_data/32c23d54-82ae-454a-8035-5539bde162ce_36012.jpg
36013,120.5,45.7,0,0,5.502,die_profile_images/2021/04/22/031307/36013.jpg
37001,35,25,1.2,0,0.319,die_profile_images/.net_data/4342d74a-856a-4ddf-a2d4-e37f96f6c61c_62187.jpg
37002,35,30,1.2,0,0.327,die_profile_images/.net_data/3e970cae-03b1-4027-a662-1d27162dbff6_62186.jpg
37003,30,25,1,0,0.25,die_profile_images/.net_data/d33ddabf-98c6-4b75-988f-1b77c236f13f_37003.jpg
37004,35,35,1.22,0,0.388,die_profile_images/.net_data/71d34619-8d27-4601-9114-9e76fb1d82a4_37004.jpg
37005,40,30,1.3,0,0.427,die_profile_images/2022/03/20/034324/37005.jpg
38001,32,62,1.9,0,2.054,die_profile_images/.net_data/f06c0a99-9ae3-4cb3-9d89-a42aa4e6fb3e_38001.jpg
38002,40,90,4.15,0,4.384,die_profile_images/.net_data/3b475254-677b-4caa-8815-b848472c130d_38002.jpg
38003,54,52,2.3,0,2.628,die_profile_images/.net_data/37e330b9-3722-4928-8503-7036c4e20954_38003.jpg
38004,70,56,1.6,0,3.316,die_profile_images/.net_data/ce7acc78-02bf-4413-8fd9-2d42970dbf3f_38004.jpg
39001,92,80,3,0,3.7,die_profile_images/2022/09/02/102202/SP_SECTION_62158.jpg
39002,39.71,24.77,1.44,0,0.529,die_profile_images/.net_data/44d0b62d-b3bd-4210-9722-f3b5b4b5474f_58206.jpg
39003,45,17.65,2,0,0.426,die_profile_images/.net_data/bba091bc-3efd-4aec-81da-44d3fdff2c74_47105.jpg
39004,20.6,16.9,1.5,0,0.224,die_profile_images/.net_data/0465eb14-70ec-4def-8d77-0e51daf55f28_47106.jpg
39005,96,20,2,0,1.274,die_profile_images/2022/09/02/102704/39005.jpg
39006,40,30,2.25,0,0.974,die_profile_images/2021/11/30/035057/39006.jpg
39007,101.5,18,2,0,1.781,die_profile_images/2022/09/02/102835/39007.jpg
39008,34,8,1.2,0,0.16,die_profile_images/.net_data/d2da8e40-f532-4fdc-a9e8-fefd5d09952f_39008.jpg
40111,48,24,0.9,0,0.357,die_profile_images/.net_data/6f6889b5-1b2b-4c83-80f5-0a509fe2a9e6_L pipe.jpg
40112,48,24,1.1,0,0.433,die_profile_images/.net_data/c80bddac-5cdf-4186-aa6f-8bd0410f029e_L pipe.jpg
40212,38,24,0.75,0,0.243,die_profile_images/.net_data/377f2ad4-5cf0-42d2-bfe2-51adbc8066af_L tube.jpg
40213,38,24,1,0,0.322,die_profile_images/.net_data/ed98761c-ee0c-4aca-bc18-28114d42103c_L tube.jpg
40214,38,24,1.35,0,0.43,die_profile_images/.net_data/40137c45-5830-4008-abd2-18ac16c595d5_L TUBE.jpg
41001,40,40,1.7,0,1.288,die_profile_images/.net_data/a48512ca-df12-474b-9301-f10bd2284acb_guide section.jpg
41002,80,40,1.45,0,1.807,die_profile_images/.net_data/02ae79cb-11d4-40c8-8201-eda64d243d27_41002.jpg
42001,37,11.75,3.75,0,0.533,die_profile_images/2023/12/30/100500/42001.jpg
42002,34.8,16.75,4.75,0,0.796,die_profile_images/2024/02/09/092737/42002.jpg
43001,42,17.8,2,0,0.51,die_profile_images/.net_data/81708800-1565-4d4e-ab6b-0483ecf08fd2_43001.jpg
43002,38,15,2.6,0,0.431,die_profile_images/.net_data/65007459-361a-4ac4-b84e-acc8766cb937_43002.jpg
43003,30.1,30.52,5.88,0,1.248,die_profile_images/.net_data/caccfa1d-0fe3-45c1-88f4-2008d156ee66_43003.jpg
43004,42,13,2.6,0,0.413,die_profile_images/.net_data/4252da8b-c326-4bbe-ac54-56959543cfff_43004.jpg
43005,49.5,33,4.2,0,1.101,die_profile_images/.net_data/ef15607f-e4df-4640-bafd-bd949527414c_43005.jpg
43006,37,13,2.6,0,0.375,die_profile_images/.net_data/2a350bbd-5936-4f41-b45d-afd9af032ce0_43006.jpg
43007,37,13.9,2.5,0,0.354,die_profile_images/.net_data/05772c7f-9817-47eb-92c9-568c0fe695fd_43007.jpg
43008,46.1,16.5,2.3,0,0.442,die_profile_images/.net_data/648554a9-e5b5-4b34-90cb-7119b3077595_43008.jpg
43009,35.6,15,1.2,0,0.361,die_profile_images/.net_data/66ff3691-7460-49d6-aa31-9c9d2a311bb4_43009.jpg
43010,42,18,2,0,0.374,die_profile_images/.net_data/05b239bc-e1bf-4f61-bdad-9f52fb2377ab_43010.jpg
43011,41,15.2,1,0,0.335,die_profile_images/.net_data/3a821651-630d-4c51-bea8-f1c9e0474a19_43011.jpg
43012,35.6,17.8,2,0,0.413,die_profile_images/.net_data/f323a855-07c8-48ef-97a7-78c7684b03a3_43012.jpg
43013,29.9,9.9,1.95,0,0.629,die_profile_images/.net_data/eebe1e53-fc66-4cc9-aa08-03e12dd4ee9c_43013.jpg
43014,42,15.8,2.2,0,0.429,die_profile_images/.net_data/df09002c-0233-442c-b4de-d07b430ee993_43014.jpg
43015,28.6,9.9,0,0,0.749,die_profile_images/2022/08/19/101408/43015.jpg
43016,36.5,9.85,0,0,0.683,die_profile_images/.net_data/4f27a6be-a4ad-435e-ade8-9271605fd6da_43016.jpg
43017,45,20.4,1.15,0,0.373,die_profile_images/2021/03/17/065657/43017.jpg
43018,43,13,2.35,0,0.424,die_profile_images/.net_data/62ca4b5f-10f0-4445-af6c-452fd122bac2_43018.jpg
43019,35,20.5,1,0,0.362,die_profile_images/.net_data/6d96ded7-e79c-4f72-ac37-9e56c63fd877_43019.jpg
43020,35,20.5,1.6,0,0.447,die_profile_images/.net_data/b4033f8b-8502-4faf-8c01-ceb1801f91d6_43020.jpg
43021,45,20.4,1.3,0,0.437,die_profile_images/.net_data/74f9438a-3092-425a-ad32-de8c79d2ba41_43021.jpg
43022,67.5,22,1.05,0,0.613,die_profile_images/.net_data/c82e8ae5-0488-4aa4-832a-21646d014f15_KITCHEN PROFILE 62151 - Copy.jpg
43023,67.5,22,1.35,0,0.67,die_profile_images/.net_data/7f973cc9-e897-41b2-b663-53df79d8385e_43023.jpg
43024,45,22,0.95,0,0.458,die_profile_images/.net_data/f2785a9d-e06d-4a1d-b0c3-f65147100db0_KITCHEN PROFILE 62153 - Copy.jpg
43025,45,22,1.3,0,0.497,die_profile_images/.net_data/a94eb364-f4e7-4c1a-8c10-85c1d07b0867_43025.jpg
43026,42.4,10.6,2,0,0.535,die_profile_images/.net_data/5af34881-2e11-4458-9b9e-643429a11e61_43026.jpg
43027,41.5,11.6,0,0,1.283,die_profile_images/.net_data/d9ef9bd3-f025-497a-beb4-1403d6540eef_43027.jpg
43028,55,17,1.9,0,0.484,die_profile_images/.net_data/e8a4411b-b334-49e3-b7b4-85fdd64b32d2_43028.jpg
43029,50,16,2.4,0,0.555,die_profile_images/.net_data/dc82502f-ad81-473e-836e-716278753f28_43029.jpg
43030,42,20,2.2,0,0.439,die_profile_images/.net_data/a2e7f711-1e74-4bbf-abfd-192847e7f6e5_43030.png
43031,45,21.5,1.15,0,0.448,die_profile_images/2021/03/17/064204/43031.jpg
43032,66.3,21.5,1.2,0,0.576,die_profile_images/2021/03/17/064320/43032.jpg
43033,37,20.6,1.5,0,0.313,die_profile_images/2021/03/23/094959/43033.jpg
43034,42,2.55,15,0,0.48,die_profile_images/2021/04/27/103320/43034.jpg
43035,46,16.5,2.28,0,0.388,die_profile_images/2021/04/27/103500/43035.jpg
43036,41.9,18,2,0,0.393,die_profile_images/2021/05/26/100415/43036.jpg
43037,33,24,0,0,0.803,die_profile_images/2021/06/14/023605/43037.jpg
43038,40,17,2,0,0.429,die_profile_images/2021/08/16/103744/43038.jpg
43039,38,15,2,0,0.39,die_profile_images/2021/08/16/103901/43039.jpg
43040,45,20.4,1.1,0,0.35,die_profile_images/2022/10/21/042808/43017.jpg
43041,42,17.8,14.8,2,0.422,die_profile_images/2022/11/11/042306/43041.jpg
43041,42,17.8,2,0,0.422,die_profile_images/2022/12/17/053409/43001.jpg
43042,42,15,1.45,0,0.442,die_profile_images/2024/05/21/031424/43032.jpg
44001,36,25.14,1.8,0,0.811,die_profile_images/.net_data/6bfe4f17-a316-46ac-888b-1b7f84fffae1_44001.jpg
44051,54,16.2,2,0,0.756,die_profile_images/.net_data/b8c8ba53-a13a-4f53-bf52-734e2332b488_44051.jpg
44052,25,25,2,0,0.359,die_profile_images/.net_data/50e29a4e-728b-4fcf-9a96-fe2fc413dd13_44052.jpg
44053,25,8.8,2,0,0.174,die_profile_images/.net_data/5cf41abf-5195-4a34-ab26-7078d810c07e_44053.jpg
44054,45,30.2,2,0,0.89,die_profile_images/.net_data/ab3356a6-92f9-431b-ab94-ef678945ec8a_44054.jpg
44055,45,16.2,2,0,0.69,die_profile_images/.net_data/01040898-8c69-4bcf-a1fa-0e9530a6afcf_44055.jpg
44056,42.2,16,1,0,0.353,die_profile_images/.net_data/f9c489aa-a554-4f5c-b118-6b2bd8a867d1_44056.jpg
44057,51.3,26.5,2.6,0,0.595,die_profile_images/.net_data/28a84b4c-e088-4946-a8af-24da9ab7786a_44057.jpg
44058,51.3,26.6,1.5,0,0.573,die_profile_images/.net_data/8bf171ed-014d-4190-b9a8-6b0b1df69e23_44058.jpg
44059,21.6,17.9,1.3,0,0.243,die_profile_images/.net_data/6d815027-d498-4d53-a007-4243aec9fe7e_44059.jpg
44151,76.5,40.5,1.3,0,1.052,die_profile_images/.net_data/41400d21-9d3d-4bd1-b75b-6851f33a8b66_44151.jpg
44152,115.5,40.5,1.3,0,1.573,die_profile_images/.net_data/8a817ac4-9415-439d-a18e-8f44e135dca6_44152.jpg
44153,62,27,1.3,0,0.793,die_profile_images/.net_data/68e7d637-24c1-4922-8eac-81c97faf782c_44153.jpg
44154,71.9,25,1.3,0,0.83,die_profile_images/.net_data/747df92d-6bda-485f-ba41-6d202ad39ff2_44154.jpg
44155,36.5,25,1.3,0,0.504,die_profile_images/.net_data/9035c30b-b0b3-4aeb-b6a2-a5c9b3c62d6a_44155.jpg
44201,50,50,4.5,0,2.506,die_profile_images/2022/03/21/095820/44201.jpg
44202,40,60,3,0,1.753,die_profile_images/2022/03/21/095908/44202.jpg
44203,60,40,3,0,1.979,die_profile_images/2023/02/22/121825/44203.jpg
44204,60,40,3,0,1.844,die_profile_images/2023/02/22/122400/44204.jpg
44205,65,23.5,4,0,1.137,die_profile_images/2023/02/22/122641/44205.jpg
44206,160,109,8,0,8.463,die_profile_images/2023/04/22/055844/44206.jpg
44207,269,160,8,0,15.306,die_profile_images/2023/04/22/055954/44207.jpg
44208,249,60,5,0,4.711,die_profile_images/2023/04/22/060051/44208.jpg
44210,189,59,4.9,0,10.33,die_profile_images/2024/03/12/113414/44209.jpg
44251,88.2,38.3,1,0,0.52,die_profile_images/.net_data/53683e02-dc26-43fa-8db9-c623b8b9b39f_44251.jpg
44301,42,32,14.2,2.5,0.641,die_profile_images/2022/10/17/094821/44301.jpg
44351,15.9,9,1,0,0.085,die_profile_images/2021/02/28/033929/44351.jpg
44352,36.7,13.21,1,0,0.171,die_profile_images/2021/02/28/034959/44352.jpg
44353,45,22,1.2,0,0.584,die_profile_images/2021/03/01/124117/44353.jpg
44354,45,22,1.2,0,0.433,die_profile_images/2021/03/01/124442/44354.jpg
44355,20,17.1,1,0,0.157,die_profile_images/2021/03/01/124819/44355.jpg
44356,102,25,1.4,0,1.163,die_profile_images/2021/03/01/124946/44356.jpg
44357,43.5,23.1,1.2,0,0.313,die_profile_images/2021/03/01/125115/44357.jpg
44358,102,25,1.4,0,0.879,die_profile_images/2021/03/01/125234/44358.jpg
44359,90.6,22.6,1.5,0,0.706,die_profile_images/2021/03/01/125335/44359.jpg
44360,102,25,1.4,0,1.034,die_profile_images/2021/03/01/125441/44360.jpg
44361,18,18,1,0,0.1,die_profile_images/2021/03/01/125551/44361.jpg
44362,12,12,1,0,0.068,die_profile_images/2021/03/01/125703/44362.jpg
44363,5,5,0.7,0,0.025,die_profile_images/2021/03/01/010017/44363.jpg
44364,54.23,21.4,1.4,0,0.416,die_profile_images/2021/03/01/010143/44364.jpg
44365,104.5,8,1.5,0,0.726,die_profile_images/2021/10/30/030041/44365.jpg
44366,50,90,2,0,1.495,die_profile_images/2021/10/30/030303/44366.jpg
44367,50,90,2,0,1.495,die_profile_images/2021/10/30/030536/44367.jpg
44368,50,90.5,2,0,1.947,die_profile_images/2021/10/30/030750/44368.jpg
44369,13.13,23.39,1,0,0.172,die_profile_images/2021/10/30/031336/44369.jpg
44370,13.79,15,0.8,0,0.096,die_profile_images/2021/10/30/031610/44370.jpg
44371,33.6,6.1,1.3,0,0.147,die_profile_images/2021/10/30/032013/44371.jpg
44372,75,49,2,0,2.295,die_profile_images/2023/12/01/031725/44372.jpg
44373,75,49,2,0,2.38,die_profile_images/2023/12/01/031849/44373.jpg
44374,104.5,8,1.5,0,0.607,die_profile_images/2023/12/01/032051/44374.jpg
44375,55,25,2,0,0.751,die_profile_images/2024/03/13/113416/44375.jpg
44376,55,25,2,0,0.839,die_profile_images/2024/03/13/113311/44376.jpg
44451,45,30,1.2,0,0.681,die_profile_images/2021/03/20/042937/44451.jpg
44452,45,30.39,1.2,0,0.537,die_profile_images/2021/03/20/043134/44452.jpg
44453,20.74,13.5,1.2,0,0.178,die_profile_images/2021/03/20/043258/44453.jpg
44454,45,8,1.8,0,0.242,die_profile_images/2021/03/20/043422/44454.jpg
44455,45,14.21,1.2,0,0.291,die_profile_images/2021/03/20/043722/44455.jpg
44456,45,28,1.8,0,0.363,die_profile_images/2021/03/20/043838/44456.jpg
44457,75,30,1.2,0,1.149,die_profile_images/2021/03/20/044016/44457.jpg
44458,73.25,30,1.8,0,0.989,die_profile_images/2021/03/20/044144/44458.jpg
44459,30,28.52,1.2,0,0.326,die_profile_images/2021/03/20/044306/44459.jpg
44460,53,14.21,1.2,0,0.422,die_profile_images/2021/03/20/044425/44460.jpg
44461,60,28,1.6,0,0.581,die_profile_images/2021/03/20/044642/44461.jpg
44462,45,8,1.6,0,0.227,die_profile_images/2021/03/20/044801/44462.jpg
44463,105,30,2,0,1.7,die_profile_images/2021/03/20/044922/44463.jpg
44464,105,30,1.8,0,1.273,die_profile_images/2021/03/20/045042/44464.jpg
44465,28.2,11.3,1.8,0,0.22,die_profile_images/2021/03/20/045310/44465.jpg
44466,80,14.21,1.2,0,0.539,die_profile_images/2021/03/20/045458/44466.jpg
44467,76.21,40,1.9,0,1.364,die_profile_images/2024/06/10/034748/44467.jpg
44468,74.6,36.95,1.15,0,1.252,die_profile_images/2024/06/02/050822/44468.jpg
44469,17.4,19.3,1.2,0,0.18,die_profile_images/2024/07/26/114838/44469.jpg
44551,25.7,22,1.3,0,0.235,die_profile_images/2021/05/08/110359/44551.jpg
44552,76.2,9.5,1.5,0,0.529,die_profile_images/2024/06/02/015830/44552.jpg
44601,80,45,1.15,0,1.424,die_profile_images/2022/09/17/115440/44601.jpg
44602,111.45,42,1.3,0,1.606,die_profile_images/2023/10/07/124222/44602.jpg
44603,41.7,37.81,1.15,0,0.366,die_profile_images/2023/10/07/124414/44603.jpg
44604,41.7,45.6,1.15,0,0.643,die_profile_images/2023/10/07/125434/44604.jpg
44605,75,90.01,1.2,0,0.926,die_profile_images/2023/10/07/125721/44605.jpg
44606,18,12.51,1.1,0,0.151,die_profile_images/2023/10/07/125854/44606.jpg
44607,12.91,14.9,1.06,0,0.108,die_profile_images/2024/07/21/033020/44607.jpg
44608,30,75,1.3,0,0.994,die_profile_images/2024/07/21/033146/44608.jpg
44609,33.78,36.05,1.25,0,0.365,die_profile_images/2024/12/02/105358/44609.jpg
44610,41.55,36.05,1.25,0,0.593,die_profile_images/2024/12/02/105546/44610.jpg
44611,34.48,20.2,1.45,0,0.479,die_profile_images/2024/12/02/110239/44611.jpg
44612,13.4,9.05,0.9,0,0.073,die_profile_images/2024/12/02/110432/44612.jpg
44613,25,63,1.35,0,0.771,die_profile_images/2024/12/02/110642/44613.jpg
44614,70.47,20.3,1.3,0,0.782,die_profile_images/2024/12/02/110944/44614.jpg
44615,12.6,17.61,1,0,0.158,die_profile_images/2024/12/02/111356/44615.jpg
44616,88.5,40.2,1.35,0,1.336,die_profile_images/2024/12/02/111533/44616.jpg
44651,84,46,1.11,0,3.97,die_profile_images/2021/05/27/035514/44651.jpg
44652,120,35,1,0,4.916,die_profile_images/2021/05/27/035711/44652.jpg
44653,120,35,1.3,0,5.203,die_profile_images/2023/09/11/112100/44653.jpg
44701,6,3,0,0,0.043,die_profile_images/2023/09/10/100545/44701.jpg
44725,35,22,1.2,0,0.388,die_profile_images/2023/08/21/120014/44725.jpg
44726,60,22,1.2,0,0.555,die_profile_images/2023/08/21/120109/44726.jpg
44751,112,33.86,1.8,0,1.741,die_profile_images/2021/10/14/050818/44751.jpg
44752,35.8,75,2,0,1.398,die_profile_images/2021/10/14/051025/44752.jpg
44753,53.81,8.29,1.9,0,0.31,die_profile_images/2021/10/14/051230/44753.jpg
44754,112,45,1.8,0,2.503,die_profile_images/2021/11/12/104216/44754.jpg
44755,77.01,50,2,0,1.563,die_profile_images/2021/10/14/051603/44755.jpg
44756,96,55,1.6,0,1.59,die_profile_images/2021/10/14/051830/44756.jpg
44757,73,55,2,0,1.627,die_profile_images/2022/04/01/113322/44757.jpg
44758,59.48,45,1.8,0,1.339,die_profile_images/2022/09/10/122545/44758.jpg
44759,60,48.57,1.5,0,0.602,die_profile_images/2022/03/24/050713/44759.jpg
44760,55,68,1.6,0,1.41,die_profile_images/2022/09/10/122737/44760.jpg
44761,64.8,55.3,1.8,0,1.159,die_profile_images/2022/11/04/114150/44761.jpg
44762,112,50,2,0,2.146,die_profile_images/2023/02/06/024010/44762.jpg
44763,87.3,38.18,1.6,0,1.511,die_profile_images/2023/04/07/114609/44763.jpg
44764,87.31,38,1.4,0,1.265,die_profile_images/2023/04/07/010955/44764.jpg
44765,67.95,40.2,1.4,0,1.236,die_profile_images/2024/03/29/035727/44765.jpg
44766,60,27,1.6,0,0.873,die_profile_images/2024/03/29/035906/44766.jpg
44767,87.81,38.9,1.5,0,1.5,die_profile_images/2024/03/29/040014/47767.jpg
44768,93,23,2,0,1.659,die_profile_images/2025/05/01/025101/44768.jpg
44801,10,7,1,0,0.06,die_profile_images/2024/01/18/122158/44801.jpg
44802,42,39,1.3,0,0.589,die_profile_images/2025/03/12/120650/44802.jpg
44803,43.5,40,1.4,0,0.843,die_profile_images/2025/03/12/120939/44803.jpg
44804,88,40,1.4,0,1.467,die_profile_images/2025/03/12/121134/44804.jpg
44805,104,40,1.4,0,1.809,die_profile_images/2025/03/12/121413/44805.jpg
44806,61.5,31,1.3,0,0.957,die_profile_images/2025/03/12/121621/44806.jpg
44807,75,31,1.3,0,0.982,die_profile_images/2025/03/12/121730/44807.jpg
44851,56,66.5,3,0,1.552,die_profile_images/2022/06/13/020844/44851.jpg
44901,23.3,13.3,1.65,0,0.214,die_profile_images/2023/08/10/045308/44902.jpg
44902,24.8,12.6,2.1,0,0.209,die_profile_images/2022/08/08/125648/44902.jpg
44903,61.5,27.2,3,0,0.878,die_profile_images/2022/10/16/053840/44903.jpg
44904,51.4,25.6,3,0,0.714,die_profile_images/2022/10/16/054014/44904.jpg
44905,50.35,45.2,1.6,0,0.81,die_profile_images/2022/10/16/054118/44905.jpg
44906,40,33.6,2.85,0,0.647,die_profile_images/2022/10/16/054224/44906.jpg
44907,24.8,12.6,1.05,0,0.183,die_profile_images/2023/08/05/025713/44907.jpg
44908,17.8,7.4,1.44,0,0.136,die_profile_images/2024/08/22/031524/44908.jpg
44909,19.6,11.76,1.7,0,0.179,die_profile_images/2024/08/22/031339/44909.jpg
44951,81.7,68.05,2.5,0,2.825,die_profile_images/2022/11/03/125304/44951.jpg
44952,81.7,68.05,2.5,0,2.762,die_profile_images/2024/03/14/120200/44951.jpg
44953,57.49,47,2,0,0.692,die_profile_images/2025/05/02/060429/44953.jpg
45001,32,17.5,1.2,0,0.28,die_profile_images/.net_data/055f85be-ee81-4da4-b423-12ada4074b6d_45001.jpg
45051,45.61,45.61,1.75,0,0.777,die_profile_images/2023/02/22/123710/45051.jpg
46001,85.8,46,1.5,0,1.268,die_profile_images/.net_data/698ac931-07df-4e89-8571-3fc306a9ff7b_46001.jpg
46002,13,17.7,1,0,0.181,die_profile_images/.net_data/a29cf158-4b05-4a86-9fe6-794e4f24fca3_46002.jpg
46003,86.7,27.2,1.4,0,1.138,die_profile_images/.net_data/d18b89a1-37da-4dd2-8339-464b1a386125_46003.jpg
46004,100,32.75,1.4,0,1.13,die_profile_images/.net_data/d7ed67d2-0a3d-4468-89ce-d6f52f29ece5_46004.jpg
46005,46.7,27.2,1.4,0,0.64,die_profile_images/.net_data/251743da-57f2-427b-9bcc-2ae534df3360_46005.jpg
46006,35,58.9,1.4,0,0.864,die_profile_images/.net_data/e714254e-13f8-463d-b64f-7ea426a187b0_46006.jpg
46007,29,28.5,1.5,0,0.465,die_profile_images/.net_data/d6dd4186-22cb-4869-a5e8-dd9603fc8948_46007.jpg
46008,26.4,26.7,1.5,0,0.479,die_profile_images/.net_data/3f5c2d09-a8ee-4b87-b67f-f5bcb043ca19_46008.jpg
46009,35,23.85,1.25,0,0.274,die_profile_images/.net_data/4b8ecff0-52ae-45df-b71a-e781f14d7c37_46009.jpg
46010,31.5,57.9,1.4,0,0.698,die_profile_images/.net_data/98891b6d-5984-45e5-8d7b-0b545f32515c_46010.jpg
46011,95.4,31.1,1.4,0,1.539,die_profile_images/.net_data/5aecdbf2-4543-4536-9163-c017711fc3c5_46011.jpg
46012,156,50,1.55,0,2.967,die_profile_images/.net_data/e8ac9a26-3264-4f37-81ab-5547cf177e2a_46012.jpg
46013,145.2,31.1,1.4,0,1.875,die_profile_images/.net_data/9589888d-4a5a-4a6f-8b48-ad1c8c6664c9_46013.jpg
46014,13.4,37.19,1.3,0,0.224,die_profile_images/.net_data/8fe08c7d-e529-43fe-9a54-8b178b6233ac_46014.jpg
46015,49.5,23.4,1.2,0,0.344,die_profile_images/.net_data/392627fd-2933-4d9b-9408-a3637338cdbb_46015.jpg
46016,62.4,40,1.4,0,1.163,die_profile_images/.net_data/bf229aa3-98f6-45d0-855e-ab91601520c5_46016.jpg
46017,150,42.75,1.4,0,2.218,die_profile_images/.net_data/98f59c89-206a-4a3a-9123-a38526c58067_46017.jpg
46018,150,42.75,1.4,0,2.278,die_profile_images/.net_data/04cdfe3b-c527-4574-93e1-a4e8dda6e30e_46018.jpg
46019,9,13.35,1.4,0,0.132,die_profile_images/.net_data/8c49c6f4-6727-4ad4-b76f-de453c18f4b8_46019.png
46020,96.2,27.2,1.4,0,1.08,die_profile_images/.net_data/c0c76f58-c58b-4efe-b445-87138134b63e_46020.jpg
46021,71.7,27.2,1.4,0,0.998,die_profile_images/.net_data/6765e012-f015-491f-8e44-c1aa11c3e326_46021.jpg
46022,31,15.8,1.3,0,0.227,die_profile_images/.net_data/0dd3decb-d755-4008-88fe-fff17f018d83_46022.jpg
46023,39.1,30,1.5,0,0.593,die_profile_images/.net_data/1cff5be2-8674-4d58-b77f-ff1d787e053f_46023.jpg
46024,65.2,32.4,1.5,0,0.932,die_profile_images/.net_data/a971cf1b-0b0a-400c-b83c-8088fc75c68f_46024.jpg
46025,75,50,1.4,0,1.404,die_profile_images/.net_data/62916056-04e5-498a-b97d-808545f56780_46025.jpg
46026,114,50,1.4,0,1.857,die_profile_images/.net_data/55f228c1-9a0d-45a7-affc-594278f61bb2_46026.jpg
46027,64.4,50,1.3,0,1.307,die_profile_images/.net_data/e6766c21-523c-46f1-8a38-3335926e977e_46027.jpg
46028,150,25,1.4,0,1.588,die_profile_images/.net_data/1ebc182d-181a-4418-84ad-fafce5d4a676_46028.jpg
46029,16,16.25,1.4,0,0.247,die_profile_images/.net_data/ef0ebf38-876c-4964-8472-7f25331f92d6_46029.jpg
46030,77.8,41.7,2,0,1.043,die_profile_images/2021/03/01/021333/46030.jpg
46031,50,23.8,2,0,0.604,die_profile_images/2021/03/01/021502/46031.jpg
46032,26,14.6,1.25,0,0.252,die_profile_images/2021/03/01/021626/46032.jpg
46033,40,32.4,1.5,0,0.738,die_profile_images/2021/06/16/033136/46033.jpg
46034,45,41.9,1.2,0,0.782,die_profile_images/2021/08/16/120107/46034.jpg
46035,80,41.9,1.2,0,1.263,die_profile_images/2021/08/16/120251/46035.jpg
46036,44,28.15,1.8,0,0.643,die_profile_images/2021/08/16/120442/46036.jpg
46037,115,41.9,1.2,0,1.722,die_profile_images/2021/09/30/123027/47037.jpg
46038,73.8,45.6,1.2,0,1.2,die_profile_images/2021/11/09/121519/47038.jpg
46039,108.8,45.6,1.2,0,1.645,die_profile_images/2021/11/09/121641/47039.jpg
46040,78.4,22,1.2,0,0.828,die_profile_images/2021/11/09/121827/47040.jpg
46041,113.4,22,1.2,0,1.079,die_profile_images/2021/11/09/122033/47041.jpg
46042,113.4,22,1.2,0,1.223,die_profile_images/2021/11/09/122223/47042.jpg
46043,24.5,55,1.2,0,0.661,die_profile_images/2021/11/09/122357/47043.jpg
46044,27.5,55,1.2,0,0.776,die_profile_images/2021/12/13/094941/47044.jpg
46045,33,20,1.2,0,0.513,die_profile_images/2021/11/09/122855/47045.jpg
46046,73,20,1.2,0,0.916,die_profile_images/2021/11/09/123044/47046.jpg
46047,73,20,1.2,0,0.874,die_profile_images/2021/11/09/123338/47047.jpg
46048,100,100,1.7,0,2.556,die_profile_images/2021/11/30/052643/47048.jpg
46049,75.7,47.3,1.3,0,0.84,die_profile_images/2022/03/24/054310/46049.jpg
46050,35,58.9,1.4,0,0.936,die_profile_images/2022/03/24/054512/46050.jpg
46051,85.8,65.8,1.5,0,1.436,die_profile_images/2022/03/24/054709/46051.jpg
46052,5,12,4.93,0,0.154,die_profile_images/2022/03/25/125212/46052.jpg
46053,77.8,30,1.3,0,0.881,die_profile_images/2022/03/25/125754/46053.jpg
46054,21.6,17.99,1.13,0,0.192,die_profile_images/2022/03/25/125924/46054.jpg
46055,92,43.98,1.5,0,1.242,die_profile_images/2022/09/06/051515/46055.jpg
46056,24,6.5,1.5,0,0.217,die_profile_images/2022/09/06/051633/46056.jpg
46057,23.1,63.46,1.5,0,0.769,die_profile_images/2023/05/23/043627/46057.jpg
46058,35.6,59.3,1.8,0,1.082,die_profile_images/2023/05/23/043721/46058.jpg
46059,31.5,57.9,1.8,0,0.819,die_profile_images/2023/05/23/043826/46059.jpg
46060,58,18,2.2,0,0.659,die_profile_images/2023/05/23/043919/46060.jpg
46061,57.5,52.71,1.5,0,0.965,die_profile_images/2023/05/23/044009/46061.jpg
46062,58.4,27.2,1.4,0,0.787,die_profile_images/2023/05/23/044114/46062.jpg
46063,125,18,2.2,0,1.52,die_profile_images/2023/05/23/044206/46063.jpg
46064,35,67.9,1.4,0,0.954,die_profile_images/2023/05/23/044251/46064.jpg
46065,46.8,18,2.2,0,0.525,die_profile_images/2023/05/23/044348/46065.jpg
46066,30,65,1.2,0,0.82,die_profile_images/2023/05/23/044446/46066.jpg
46067,24.3,57.3,1.2,0,0.672,die_profile_images/2023/05/23/044535/46067.jpg
46068,30,65.8,1.2,0,0.706,die_profile_images/2023/05/23/044624/46068.jpg
46069,30,45.3,1.2,0,0.537,die_profile_images/2023/05/23/044718/46069.jpg
46070,100,45.3,1.4,0,1.217,die_profile_images/2023/05/23/044807/46070.jpg
46071,100,65.8,1.2,0,1.438,die_profile_images/2023/05/23/044910/46071.jpg
46072,113.4,22,1.2,0,1.284,die_profile_images/2023/05/23/045020/46072.jpg
46073,113.4,22,1.2,0,1.078,die_profile_images/2023/05/23/045114/46073.jpg
46074,52.16,36,1.5,0,0.631,die_profile_images/2024/06/02/023049/46074.jpg
46075,30,49.5,2,0,0.447,die_profile_images/2024/06/02/023545/46075.jpg
46501,17.5,33,4.9,0,0.8,die_profile_images/.net_data/649257f1-5232-456c-b8ca-ad284d7c8c66_46501.jpg
46502,82.7,37,1.8,0,1.45,die_profile_images/.net_data/1e66ed2b-adbd-4dce-ac92-3a451532b7ad_46502.jpg
46503,114.2,47.69,1.4,0,1.898,die_profile_images/.net_data/18d287cf-e4f6-40b6-aaf9-565cdc3c051c_46503.jpg
46504,100,47,1.3,0,2.958,die_profile_images/.net_data/ee8c98eb-5945-4f19-9cfa-65753018dc2c_66138.jpg
46505,32,25.5,1.2,0,0.302,die_profile_images/2021/03/15/023832/46505.jpg
46506,50,46,1.4,0,0.818,die_profile_images/.net_data/5faabc54-7e84-4da1-b925-e1dd337763a6_46506.jpg
46507,66,50,1.5,0,0.991,die_profile_images/.net_data/8d5863f6-6c4b-46a8-9924-ffca27ea5196_46507.jpg
46508,78.5,58,1.4,0,1.13,die_profile_images/.net_data/32da4a9d-0430-4402-8c8b-1dcea17be520_46508.jpg
46509,19.3,20,1.2,0,0.202,die_profile_images/2021/10/02/111657/46509.jpg
46510,39.6,32,1.3,0,0.369,die_profile_images/2021/10/02/112253/46510.jpg
46511,32,40,1.2,0,0.499,die_profile_images/2021/10/02/114635/46511.jpg
47001,100,47,2,0,1.56,die_profile_images/.net_data/1389015b-4871-4aed-8622-2af5ba96ee29_47001.jpg
47002,25,15.9,1.3,0,0.35,die_profile_images/.net_data/18b7abf4-2c62-4773-9536-09c5b017c369_47002.jpg
47003,24.4,5.1,1.3,0,0.142,die_profile_images/.net_data/b02d1b52-4df1-45ab-b60d-b94b6a17606d_47003.jpg
47004,65.1,25,1.5,0,0.884,die_profile_images/.net_data/ddf643b9-dd31-4fee-ac93-fae014e7b1f4_47004.jpg
47005,82.6,62.5,1.5,0,1.022,die_profile_images/.net_data/0d0b9823-0d29-4e90-8d7d-120a3328eec3_47005.jpg
47006,82.15,7.35,1.5,0,0.398,die_profile_images/.net_data/6d5fea81-6da6-4641-987b-44d33c070735_47006.jpg
47007,22.8,15.8,1,0,0.189,die_profile_images/.net_data/dc69e30e-fad5-41db-aaec-332b76914db9_47007.jpg
47008,26.4,16,1.2,0,0.221,die_profile_images/.net_data/1902f03c-bd39-4a33-bd4e-250619187504_47008.jpg
47009,81.3,44.45,1.9,0,1.407,die_profile_images/.net_data/ae1d2203-f2d0-429d-99e5-afa4953b673c_47009.jpg
47010,100,46,1.8,0,1.121,die_profile_images/.net_data/53db567f-2cbf-44b2-94e9-2f4ebd740377_47010.jpg
47011,48,23.5,1.5,0,0.525,die_profile_images/.net_data/08003206-3ddd-4891-937f-fa9011467097_47011.jpg
47012,95,18,1.5,0,0.981,die_profile_images/2021/05/08/024320/47012.jpg
47013,39.5,9.5,2,0,0.457,die_profile_images/2021/05/08/024542/47013.jpg
47014,95,19.8,1.5,0,0.972,die_profile_images/2021/05/08/024734/47014.jpg
47015,14.8,10.4,0.8,0,0.091,die_profile_images/2021/05/08/025101/47015.jpg
47016,11.8,5.88,0.68,0,0.098,die_profile_images/2021/05/08/025228/47016.jpg
47017,26.83,6.6,1.2,0,0.098,die_profile_images/2021/05/08/025403/47017.jpg
47018,50.74,5.18,0.8,0,0.135,die_profile_images/2021/05/08/025526/47018.jpg
47019,62,8,1.44,0,0.315,die_profile_images/2021/05/08/025703/47019.jpg
47020,76.59,5.18,0.8,0,0.191,die_profile_images/2021/05/08/025820/47020.jpg
47021,63.8,32.5,1.5,0,0.725,die_profile_images/2021/05/08/030147/47021.jpg
47022,30,25,1.8,0,0.59,die_profile_images/2021/06/13/115329/47022.jpg
47023,26,22,1.8,0,0.345,die_profile_images/2021/06/13/120841/47023.jpg
47024,49,28.1,1.8,0,0.857,die_profile_images/2021/06/13/121020/47024.jpg
47025,27,9.4,1.5,0,0.193,die_profile_images/2021/06/13/121207/47025.jpg
47026,70,31.5,1.2,0,0.665,die_profile_images/2021/12/18/124618/47026.jpg
47027,49,30,1.8,0,0.877,die_profile_images/2022/06/21/020822/47027.jpg
47028,16.2,26.1,1.6,0,0.188,die_profile_images/2022/10/17/110635/47028.jpg
47029,70.7,16.83,1.8,0,0.804,die_profile_images/2022/11/04/104839/47029.jpg
47030,82,16.2,1.8,0,0.95,die_profile_images/2022/11/04/104947/47030.jpg
47031,71.7,30.3,2,0,1.419,die_profile_images/2022/11/04/105104/47031.jpg
47032,30.3,27.25,1.6,0,0.311,die_profile_images/2022/10/17/110811/47032.jpg
47033,40,45,1,0,0.391,die_profile_images/2022/10/17/110923/47033.jpg
47034,36,40,1,0,0.321,die_profile_images/2022/10/17/111050/47034.jpg
47035,25.5,12.5,1,0,0.268,die_profile_images/2022/10/17/111155/47035.jpg
47036,22,22,1,0,0.219,die_profile_images/2022/10/17/111307/47036.jpg
47037,25,25,1,0,0.252,die_profile_images/2022/10/17/111420/47037.jpg
47038,86.86,62.6,1.45,0,1.459,die_profile_images/2023/07/13/115822/47038.jpg
47039,88.88,4.07,1.47,0,0.366,die_profile_images/2023/07/13/120026/47039.jpg
47040,137.75,47.28,1.5,0,2.098,die_profile_images/2023/07/17/112355/47040.jpg
47041,141.76,4.05,3,0,0.728,die_profile_images/2023/07/17/112538/47041.jpg
47042,32,29.5,1.25,0,0.326,die_profile_images/2023/08/05/122354/14028.jpg
47043,50,25,1.3,0,0.49,die_profile_images/2024/04/20/104732/47043.jpg
47044,50,30,1.5,0,0.751,die_profile_images/2024/04/25/113805/47044.jpg
47045,30,25,1.5,0,0.514,die_profile_images/2024/04/25/113905/47045.jpg
47046,30,30,1.5,0,0.511,die_profile_images/2024/04/25/114008/47046.jpg
47047,50,30,1.5,0,0.822,die_profile_images/2024/04/25/114112/47047.jpg
47048,23,13.5,1.5,0,0.231,die_profile_images/2024/04/25/114229/47048.jpg
47049,30,24,1.6,0,0.398,die_profile_images/2024/04/25/114322/47049.jpg
47050,25.3,12.78,0,0,0.191,die_profile_images/2024/04/25/114413/47050.jpg
47051,39.6,17.7,1.3,0,0.344,die_profile_images/2024/04/25/114502/47051.jpg
47052,32.6,10,0.6,0,0.132,die_profile_images/2024/04/27/033727/47052.jpg
47053,30.8,4.7,0.7,0,0.079,die_profile_images/2024/04/27/033937/47053.jpg
47054,60,40,1,0,0.561,die_profile_images/2024/04/27/034025/47054.jpg
47055,70,40,1,0,0.611,die_profile_images/2024/04/27/034107/47055.jpg
47056,50,30,1,0,0.457,die_profile_images/2024/04/27/034153/47056.jpg
47057,21.4,14.2,5.7,0,0.174,die_profile_images/2024/05/16/115800/47057.jpg
47058,116.7,90.5,2,0,2.298,die_profile_images/2024/06/06/040323/47058.jpg
47059,75,21.68,2,0,0.631,die_profile_images/2024/06/23/024717/47059.jpg
47101,120,10,3,0,1.049,die_profile_images/.net_data/80b8f0a6-3056-49ea-bc26-cb02aafc6305_47101.jpg
47102,62,49.5,1.5,0,0.926,die_profile_images/.net_data/48de202d-b82c-4b3c-86ee-c6a1196e00fa_47102.jpg
47103,31.5,27.2,1.2,0,0.402,die_profile_images/.net_data/c2863ae9-9fb7-4324-97b3-63b423b480b6_47103.jpg
47104,31.5,29.2,1.2,0,0.313,die_profile_images/.net_data/f3eac4e0-b157-4a30-9020-a1f4b4056d57_47104.jpg
47107,8.7,13.86,1,0,0.124,die_profile_images/.net_data/365edf26-0136-4f29-8a5d-03a1cc19189f_47107.jpg
47108,13,17.4,1,0,0.153,die_profile_images/.net_data/9164bfae-770b-4650-9bb2-38a1b1cdea1e_47108.jpg
47109,42.25,11.54,1.54,0,0.632,die_profile_images/2024/05/05/112242/47109.jpg
47110,25,1.5,0,0,0.383,die_profile_images/2024/02/21/110121/47110.jpg
47111,31.99,13.8,1.2,0,0.207,die_profile_images/2024/02/20/040428/47111.jpg
47111,31.99,13.8,1.2,0,0.207,die_profile_images/2024/02/21/110437/47111.jpg
47112,75,10,1.3,0,0.82,die_profile_images/2024/04/13/122257/47112.jpg
47113,40,20,2,0,0.496,die_profile_images/2024/04/02/024744/47113.jpg
47114,17.3,3.8,2.3,0,0.152,die_profile_images/2024/04/22/050108/47114.jpg
47115,59.5,35,1.41,0,0.992,die_profile_images/2024/04/05/021143/47115.jpg
47116,36.7,6.62,1.5,0,0.181,die_profile_images/2024/04/05/023133/47116.jpg
47117,50.5,29,1.5,0,0.236,die_profile_images/2024/04/05/023330/47117.jpg
47118,13.6,9.56,1.5,0,0.124,die_profile_images/2024/04/05/023501/47118.jpg
47119,63.9,36.2,1.2,0,0.849,die_profile_images/2024/08/22/093838/47119.jpg
47120,42.5,18.1,3,0,0.656,die_profile_images/2024/06/17/034214/47120_N.jpg
47121,43,27.5,3,0,0.723,die_profile_images/2024/05/11/100642/47121.jpg
47122,64.16,35.1,1.6,0,0.861,die_profile_images/2024/05/15/061002/4712.jpg
47123,28,32,6.5,0,1.33,die_profile_images/2024/05/20/025200/47123.jpg
47124,24.65,14.52,1.2,0,0.239,die_profile_images/2024/07/07/104800/47124.jpg
47201,12.9,15,1,0,0.115,die_profile_images/.net_data/39cf84b9-7915-4dec-8ab6-c63bd4da63fa_47201.jpg
47202,15.7,10.8,1,0,0.1,die_profile_images/.net_data/f4f4a804-a11e-4dfc-a70b-99ef7a5f2307_47202.jpg
47203,17.6,6.7,0.9,0,0.1,die_profile_images/.net_data/f4bd2d90-fd69-499d-bea3-fded85d42ec8_47203.jpg
47204,10,13.4,0,0,0.135,die_profile_images/.net_data/94ec714f-d4d9-4599-885d-6982429c9b7d_47204.jpg
47205,73,14.2,1,0,0.428,die_profile_images/.net_data/feb50df3-c277-4518-9dd4-b12de14ab57d_47205.jpg
47206,69.2,6,1.2,0,0.327,die_profile_images/.net_data/068dffa6-4c54-4909-a2d3-9d8eb79c69be_47206.jpg
47207,18.3,14.62,0.95,0,0.157,die_profile_images/.net_data/0d33f72f-86fe-402a-8696-26f1eb5458f8_47207.jpg
47208,46,42,1.2,0,0.226,die_profile_images/.net_data/a458fcf3-8943-419c-9405-d9021b406c20_47208.jpg
47209,93.45,19.92,0.9,0,0.543,die_profile_images/.net_data/3767f623-1548-41b0-9ba4-2e0463e5af18_47209.jpg
47210,79.18,9.2,1,0,0.47,die_profile_images/.net_data/991f0b94-0a36-41c4-93e8-243c375a9508_47210.jpg
47211,27.9,5.24,0.95,0,0.087,die_profile_images/2023/06/15/042131/47211.jpg
47301,40.93,25,1.4,0,0.4,die_profile_images/.net_data/85140dc8-e6c1-4e84-ac34-158583112559_47301.jpg
47302,100,35,1.5,0,1.45,die_profile_images/.net_data/0fd009a9-65f2-4edb-9db0-942849424bdd_47302.jpg
47303,104.1,42.5,1.2,0,1.331,die_profile_images/.net_data/ce6a6d6b-85dc-4800-944e-2dc744fdd9da_47303.jpg
47304,89,39.6,1.2,0,1.246,die_profile_images/.net_data/9d5bfc80-c510-40ff-883c-ba00e29ad42d_47304.jpg
47305,66.18,42.5,1.2,0,1.01,die_profile_images/.net_data/73b9e2f4-cc57-46d1-a167-f681e4a512ba_47305.jpg
47306,50.99,39.6,1.25,0,0.807,die_profile_images/.net_data/166aa174-51ad-4f7f-9bcd-cf431c57c0ee_47306.jpg
47307,63,25.52,1.2,0,0.86,die_profile_images/.net_data/db94645a-bb6a-41b1-88d9-82f988428c2d_47307.jpg
47308,39.32,34.2,1.2,0,0.385,die_profile_images/.net_data/5a2d6b4d-6515-4241-b396-81386c1b749c_47308.jpg
47309,35.6,21.5,1.5,0,0.504,die_profile_images/.net_data/30c5b5c3-c969-4c03-8a8f-82363656f26c_47309.jpg
47310,28.03,24.2,1.15,0,0.349,die_profile_images/.net_data/1234c6ea-f10a-4944-aada-482fef0a322c_47310.jpg
47311,114.9,50,1.4,0,2.338,die_profile_images/.net_data/f4760a8c-4b22-40ea-8d7d-55832c4015ef_47311.jpg
47312,98.45,47.1,1.5,0,2.07,die_profile_images/.net_data/fce24872-79af-4c28-9e5b-9681d6659e5a_47312.jpg
47313,72.5,50,1.5,0,1.447,die_profile_images/.net_data/437a1028-5932-4342-9299-783ff902da7f_47313.jpg
47314,56,47.1,1.4,0,1.205,die_profile_images/.net_data/3bc5d25e-01cb-47bd-b3da-562eb1213d3d_47314.jpg
47315,65,29,1.5,0,0.902,die_profile_images/.net_data/61b57c8a-cd67-43c6-b29f-cadb7f773262_47315.jpg
47316,39.36,38.3,1.3,0,0.452,die_profile_images/.net_data/d43196b1-8a1c-45dd-818b-b56a955e877c_47316.jpg
47317,28.02,24.2,1.2,0,0.401,die_profile_images/.net_data/94a36804-1e2f-439b-89ff-f21bc48b7310_47317.jpg
47318,39.2,22.5,1.4,0,0.622,die_profile_images/.net_data/5fe49d66-4628-47a7-be80-4e747b6afa9b_47318.jpg
47319,48.67,25.9,1.7,0,0.535,die_profile_images/.net_data/f05f7326-b032-49ce-91b6-c9713dcc4d71_47319.jpg
47320,75.6,21.5,1.5,0,0.963,die_profile_images/.net_data/a34fc552-414e-455c-b794-a367c7e18ee3_47320.jpg
47321,79.2,22.5,1.4,0,1.257,die_profile_images/.net_data/8b1b5c13-974a-48c4-8ea4-c2b9de7542ee_47321.jpg
47322,44.55,29.55,1.5,0,0.457,die_profile_images/.net_data/016228ed-93bd-4e23-8055-1946017209e9_47322.jpg
47323,75.25,44.55,2.1,0,1.092,die_profile_images/.net_data/b6ab3d28-0998-45f8-b824-8dcfb0f5a390_47323.jpg
47324,47.65,44.55,2,0,0.86,die_profile_images/.net_data/865e5d82-8a34-4afa-b787-336c87fbdfe4_47324.jpg
47325,132.3,23.15,2,0,2.006,die_profile_images/.net_data/1d307284-bc97-403a-8035-7408f57a2ed1_47325.jpg
47326,60.6,38.4,2,0,0.773,die_profile_images/.net_data/92b5838b-9e99-419a-93ed-69a5175ec4d2_47326.jpg
47327,12.4,3.4,0,0,0.108,die_profile_images/.net_data/1d20af27-0c49-4c51-b53f-ecd77eab04de_47327.jpg
47328,68.4,26.5,1.5,0,0.719,die_profile_images/.net_data/ae4999e6-aa67-48af-aa77-ddad8ce099a5_47328.jpg
47329,51.2,25.9,1.5,0,0.319,die_profile_images/.net_data/24a763b7-c806-49b9-993c-8c96f4e9a044_47329.jpg
47330,49.6,37.5,1.3,0,0.591,die_profile_images/.net_data/9e7e52f6-c684-4afc-8bea-b2b694f1ffcd_47330.jpg
47331,75,10,1.5,0,0.603,die_profile_images/.net_data/f6948cc6-0509-41e6-9214-5c0d1d238c7f_47331.jpg
47332,44,39,1.5,0,0.694,die_profile_images/.net_data/f5126e85-0c5a-4b30-a257-ad1e92cd8294_47332.jpg
47333,54.5,25,1.5,0,0.673,die_profile_images/.net_data/b58168ef-a779-44c9-9a03-e25b7647d213_47333.jpg
47334,51.36,39,1.5,0,0.751,die_profile_images/.net_data/e1ee7f60-7f67-4e16-959a-9ee7b19574d9_47334.jpg
47335,70.3,47.1,1.6,0,1.208,die_profile_images/.net_data/2e513a3e-d4f1-46bf-925d-2eb41b214494_47335.jpg
47336,24.5,20.5,1.2,0,0.264,die_profile_images/.net_data/81e538e0-e55a-48bd-a8ec-167cce9cc6c4_47336.jpg
47337,115.7,47.1,1.5,0,1.933,die_profile_images/.net_data/75ca29ff-9dff-4f60-a00b-737bfc64b8af_47337.jpg
47338,65,32,1.5,0,1.052,die_profile_images/.net_data/c9664481-940a-4edb-b3e4-44753b39d059_47338.jpg
47339,42.2,38.8,1.5,0,0.766,die_profile_images/.net_data/ecd5ed26-6555-4242-a854-3341b050308e_47339.jpg
47340,42.2,38.8,1.4,0,0.751,die_profile_images/.net_data/6929efcc-31f0-4485-be48-e8d88546ab3e_47340.jpg
47341,79.3,40,4.2,0,4.071,die_profile_images/.net_data/5a30d7c8-e5b4-49fd-834e-7cba371f7008_47341.jpg
47342,65,29,1.4,0,0.814,die_profile_images/2021/03/01/115741/47342.jpg
47343,39.2,22.5,1.3,0,0.467,die_profile_images/2021/03/01/120214/47343.jpg
47344,79.2,22.5,1.3,0,1.066,die_profile_images/2021/03/01/120653/47344.jpg
47345,105,39.6,1.2,0,1.384,die_profile_images/2021/03/01/120849/47345.jpg
47346,143,39.6,1.3,0,1.821,die_profile_images/2021/03/01/121112/47346.jpg
47347,132.3,32,3.5,0,2.915,die_profile_images/2021/11/26/024741/47347.jpg
47348,27.7,26.5,1.5,0,0.392,die_profile_images/2021/03/01/121959/47348.jpg
47349,89.9,42,1.6,0,1.666,die_profile_images/2021/03/01/122155/47349.jpg
47350,123.7,83.9,2,0,2.747,die_profile_images/2021/03/01/122355/47350.jpg
47351,83.9,46,1.6,0,1.517,die_profile_images/2021/03/01/122841/47351.jpg
47352,8.4,13.8,0.95,0,0.118,die_profile_images/2021/07/05/110224/47107.jpg
47353,89.9,35.01,1.6,0,1.527,die_profile_images/2021/07/21/110125/47353.jpg
47354,70.7,20.5,6.1,0,1.388,die_profile_images/2021/07/07/120323/47354.jpg
47355,83.91,39,1.6,0,1.52,die_profile_images/2021/07/21/110521/47355.jpg
47356,48,26.72,1.5,0,0.673,die_profile_images/2021/07/21/110757/47356.jpg
47357,19.4,24.5,1.5,0,0.267,die_profile_images/2021/07/03/045402/47357.jpg
47358,70.9,17.6,1.3,0,0.655,die_profile_images/2021/04/11/112338/47358.jpg
47359,94.41,26.72,1.5,0,1.548,die_profile_images/2021/07/21/111049/47359.jpg
47360,31.59,17.3,1.2,0,0.234,die_profile_images/2021/07/21/111349/47360.jpg
47361,31.59,17.3,1.2,0,0.247,die_profile_images/2021/07/21/111634/47361.jpg
47362,135,48,1.5,0,2.278,die_profile_images/2021/07/21/112433/47362.jpg
47363,85,48,1.5,0,1.547,die_profile_images/2021/07/26/060041/47363.jpg
47364,55,32,3.5,0,1.082,die_profile_images/2021/08/31/035940/47364.jpg
47365,47.32,11.07,1.5,0,0.418,die_profile_images/2021/08/31/041857/47365.jpg
47366,47.2,65.72,2,0,1.114,die_profile_images/2021/08/31/042040/47366.jpg
47367,85,48,1.5,0,1.444,die_profile_images/2021/11/29/052054/2_track.jpg
47368,89.5,20.5,2.5,0,0.945,die_profile_images/2022/03/17/125124/47368.jpg
47369,35.1,83.91,1.6,0,1.312,die_profile_images/2022/04/02/110309/47369.jpg
47370,125.72,42,2,0,1.56,die_profile_images/2022/04/22/032233/47370.jpg
47371,51.84,24.6,1.3,0,0.442,die_profile_images/2022/04/22/023712/47371.jpg
47372,33.6,24.6,1.4,0,0.371,die_profile_images/2022/04/22/024146/47372.jpg
47373,37.47,54.2,1.9,0,1.101,die_profile_images/2022/04/22/024348/47373.jpg
47374,58.5,18.67,4.67,0,0.881,die_profile_images/2022/04/22/024609/47374.jpg
47375,86.79,18.67,2.91,0,1.553,die_profile_images/2022/04/22/025032/47375.jpg
47376,36.2,20.39,1.5,0,0.389,die_profile_images/2022/04/22/025320/47376.jpg
47377,31.99,13.8,1.2,0,0.202,die_profile_images/2022/04/22/025454/47377.jpg
47378,31.99,13.8,1.2,0,0.231,die_profile_images/2022/04/22/025745/47378.jpg
47379,42.8,23.3,1.5,0,0.363,die_profile_images/2022/04/22/025904/47379.jpg
47380,34.11,17,1.21,0,1.239,die_profile_images/2023/10/05/010436/74380.jpg
47381,63.42,38.36,1.8,0,0.884,die_profile_images/2022/04/22/030456/47381.jpg
47382,36.2,30.37,1.6,0,0.634,die_profile_images/2022/04/22/030822/47382.jpg
47383,101,60.76,1.4,0,1.556,die_profile_images/2022/05/13/112143/47383.jpg
47384,101,42.28,1.4,0,1.556,die_profile_images/2022/05/13/112659/47384.jpg
47385,65.2,60.76,1.4,0,1.284,die_profile_images/2022/05/13/112819/47385.jpg
47386,65.2,42.2,1.4,0,1.11,die_profile_images/2022/05/13/113127/47386.jpg
47387,29.6,23.38,1.2,0,0.285,die_profile_images/2022/05/13/113235/47387.jpg
47388,114.9,60.76,1.4,0,1.66,die_profile_images/2022/05/13/113502/47388.jpg
47389,114.9,41.08,1.4,0,1.756,die_profile_images/2022/05/13/113612/47389.jpg
47390,72.5,60.76,1.4,0,1.284,die_profile_images/2022/05/13/113725/47390.jpg
47391,72.5,41.08,1.4,0,1.11,die_profile_images/2022/05/13/114530/47391.jpg
47392,125.6,42,1.5,0,2.322,die_profile_images/2022/05/13/115335/47392.jpg
47393,34.1,35.5,5.4,0,2.29,die_profile_images/2022/06/27/103043/47393.jpg
47394,15.3,3.9,2,0,0.113,die_profile_images/2022/08/02/092924/47394.jpg
47395,19.2,4.4,2.3,0,0.135,die_profile_images/2022/08/02/093039/47395.jpg
47396,88.5,41.15,4,0,2.968,die_profile_images/2022/08/03/040047/47396.jpg
47397,85.8,41.15,4,0,3.076,die_profile_images/2022/08/24/111527/47397JPG.jpg
47398,59.95,24.9,7.9,0,2.045,die_profile_images/2022/08/03/040512/47398.jpg
47399,32.65,46.4,8.1,0,1.867,die_profile_images/2022/08/03/040634/47399.jpg
47400,80,96,10,0,6.224,die_profile_images/2022/07/31/125707/47400.jpg
47401,21.9,21.6,4.46,0,0.571,die_profile_images/.net_data/816dda45-7168-4f31-9c5a-c3519b001c74_47401.jpg
47402,104.5,36.8,7.15,0,4.676,die_profile_images/.net_data/c32210fa-fb72-4650-989e-35288052db38_47402.jpg
47403,36.6,27.4,9.3,0,1.515,die_profile_images/.net_data/829108b0-25d3-43bf-8eaf-3eb75e9bff40_47403.jpg
47404,52.1,23.5,3,0,1.075,die_profile_images/.net_data/fb1a55b2-22be-40bb-a39b-aec0a4bedcc9_47404.jpg
47405,49,23.5,3,0,1.076,die_profile_images/.net_data/150b37dd-c88f-462d-be43-984db865ed70_47405.jpg
47406,31.75,15.8,0,0,1.352,die_profile_images/.net_data/8e0d964b-a69c-4ec8-a4f8-284ff49769f6_47406.jpg
47407,33.4,6,0,0,0.442,die_profile_images/.net_data/1c738b8c-fb1e-41d8-9666-da5acbb986b8_47407.jpg
47408,50,50,1.5,0,1.034,die_profile_images/2022/07/17/102903/47408.jpg
47409,43.7,29,1.3,0,0.5,die_profile_images/2022/08/29/023550/47409.jpg
47410,58.2,29,1.3,0,0.622,die_profile_images/2022/08/29/023836/47410.jpg
47411,57.5,25.2,1.3,0,0.65,die_profile_images/2022/08/29/023940/47411.jpg
47412,22.2,19.3,1.2,0,0.196,die_profile_images/2022/08/29/024053/47412.jpg
47413,131.3,46.5,1.4,0,2.027,die_profile_images/2022/10/07/121717/47413.jpg
47414,136,37,1.5,0,1.743,die_profile_images/2022/10/07/121854/47414.jpg
47415,89.1,46.5,1.2,0,1.372,die_profile_images/2022/10/07/122028/47415.jpg
47416,93.7,37,1.5,0,1.108,die_profile_images/2022/10/07/122143/47416.jpg
47417,65,29,1.5,0,1.027,die_profile_images/2022/10/03/123006/47417_JPG.jpg
47418,13.6,17,1.5,0,0.219,die_profile_images/2022/10/07/122725/47418.jpg
47419,105.8,47,1.3,0,1.89,die_profile_images/2022/10/03/034940/47419.jpg
47420,109.4,37,1.5,0,1.387,die_profile_images/2022/10/03/034104/47420.JPG
47421,35,66.5,1.6,0,1.201,die_profile_images/2022/10/07/122940/47421.jpg
47422,40,54.5,1.6,0,1.053,die_profile_images/2022/10/07/123047/47422.jpg
47423,26.7,91.2,2,0,1.344,die_profile_images/2022/10/07/123140/47423.jpg
47424,47.9,1.8,99.2,0,1.752,die_profile_images/2022/10/07/123301/47424.jpg
47425,40,40,1.2,0,0.715,die_profile_images/2022/10/07/123423/47425.jpg
47426,23,23.9,5,0,1.084,die_profile_images/2022/09/30/035609/47426.jpg
47427,60.5,60.5,45.3,1.7,1.111,die_profile_images/2022/10/17/113417/47427.jpg
47428,91.4,60.5,1.5,0,1.427,die_profile_images/2022/11/11/115029/47428.jpg
47429,60.5,74.5,1.5,0,1.536,die_profile_images/2022/11/11/115315/47429.jpg
47430,66.1,55,41,1.5,0.762,die_profile_images/2022/10/17/113535/47430.jpg
47431,85.5,60.5,1.5,0,1.282,die_profile_images/2022/11/11/115458/47431.jpg
47432,50.1,45.1,44.1,2,0.65,die_profile_images/2022/10/17/113711/47432.jpg
47433,57.4,32.8,1.5,0,0.476,die_profile_images/2022/10/17/113814/47433.jpg
47434,16.5,12.9,2,0,0.119,die_profile_images/2022/10/17/113917/47434.jpg
47435,19.5,25,18.3,1.2,0.306,die_profile_images/2022/10/17/114015/47435.jpg
47436,26.7,19.5,14.6,1.5,0.192,die_profile_images/2022/10/17/115137/47436.jpg
47437,61.5,65,1.5,0,1.215,die_profile_images/2022/11/11/115704/47437.jpg
47438,61.6,41.7,1.5,0,0.904,die_profile_images/2022/11/04/115801/47438.jpg
47439,61.6,72.4,1.5,0,1.088,die_profile_images/2022/11/04/120230/47439.jpg
47440,34.6,23.4,1.2,0,0.302,die_profile_images/2022/11/04/120508/47440.jpg
47441,23.4,19.4,1.2,0,0.263,die_profile_images/2022/11/04/120617/47441.jpg
47442,61.4,57,25.9,1.5,0.662,die_profile_images/2022/11/04/120734/47442.jpg
47443,54,49.1,44.8,1.5,0.551,die_profile_images/2022/11/04/120840/47443.jpg
47444,54.5,29.5,6.5,0,1.499,die_profile_images/2023/02/21/103420/47444.jpg
47445,54,33.9,6.5,0,1.265,die_profile_images/2023/02/21/103529/47445.jpg
47446,35,35,1.4,0,0.451,die_profile_images/2023/03/01/010101/47446.jpg
47447,35,24.5,1.4,0,0.352,die_profile_images/2023/03/01/010220/47447.jpg
47448,40,40,1.3,0,0.664,die_profile_images/2023/03/01/010348/47448.jpg
47449,61.9,42,1.5,0,1.196,die_profile_images/2023/03/04/010253/47449.jpg
47450,62,18.7,1.5,0,0.676,die_profile_images/2023/03/04/010444/47450.jpg
47451,89.65,40.47,1.9,0,1.307,die_profile_images/2023/02/21/103314/47451.jpg
47452,28.87,3.6,2,0,0.158,die_profile_images/2023/06/02/104132/47452.jpg
47453,30,15,10,0,0.926,die_profile_images/2023/06/02/104353/47453.jpg
47454,40.31,25.9,2.5,0,0.461,die_profile_images/2023/06/02/104515/47454.jpg
47455,42.23,9.6,2.5,0,0.48,die_profile_images/2023/06/11/104340/47455.jpg
47456,44.5,9.6,2,0,0.43,die_profile_images/2023/06/11/104531/47456.jpg
47457,65.2,46.48,36.5,1,0.772,die_profile_images/2023/06/11/095939/47457.jpg
47458,101,84.47,36,0,1.17,die_profile_images/2023/06/11/100600/47458.jpg
47459,69.2,31.96,1.2,0,0.639,die_profile_images/2023/06/11/100916/47459.jpg
47460,105.6,31.96,1.1,0,0.962,die_profile_images/2023/06/11/101302/47460.jpg
47461,57.2,22.5,1.25,0,0.548,die_profile_images/2023/06/11/102245/47461.jpg
47462,57,25,1,0,0.532,die_profile_images/2023/06/11/102418/47462.jpg
47463,13.3,5.6,1.15,0,0.1,die_profile_images/2023/06/11/102635/47463.jpg
47464,60.5,25.6,1.5,0,0.771,die_profile_images/2023/06/11/102814/47464.jpg
47465,30.9,21.5,1.5,0,0.5,die_profile_images/2023/06/11/102959/47465.jpg
47466,40,27.9,1.5,0,0.71,die_profile_images/2023/06/11/103442/47466.jpg
47467,11.1,9.92,1,0,0.11,die_profile_images/2023/06/11/103642/47467.jpg
47468,17.36,5.8,5,0,0.191,die_profile_images/2023/07/12/061215/47468.jpg
47469,47.5,23.4,10.4,0,2.292,die_profile_images/2023/07/13/122341/47469.jpg
47470,19.29,5.4,0,0,0.205,die_profile_images/2023/07/13/123451/47470.jpg
47471,52.3,26.6,0,0,1.375,die_profile_images/2023/07/13/123643/47471.jpg
47472,51.81,28.6,0,0,1.216,die_profile_images/2023/07/13/123915/47472.jpg
47473,57.83,2.46,0,0,0.648,die_profile_images/2023/07/13/124355/47473.jpg
47474,32,25.85,1.5,0,0.294,die_profile_images/2023/08/07/113139/47474.jpg
47475,57.29,24.5,1.5,0,0.538,die_profile_images/2023/08/09/125922/47475.jpg
47476,43.71,32,1.5,0,0.388,die_profile_images/2023/08/07/113500/47476.jpg
47477,78.55,44.4,6,0,2.237,die_profile_images/2023/08/07/113613/47477.jpg
47478,65,32,1.4,0,0.88,die_profile_images/2023/08/07/113724/47478.jpg
47479,65,29,1.3,0,0.879,die_profile_images/2024/03/05/100948/47500.jpg
47480,36.2,38,1.6,0,0.679,die_profile_images/2023/09/16/024756/47480.jpg
47481,30.49,12,1.3,0,0.229,die_profile_images/2023/09/16/024654/47481.jpg
47482,35.6,83.91,1.2,0,1.398,die_profile_images/2023/09/15/120210/47482.jpg
47483,37.9,26.72,1.8,0,0.814,die_profile_images/2023/09/15/120308/47483.jpg
47484,26,30,2.15,0,1.051,die_profile_images/2023/09/15/120512/47484.jpg
47485,143.2,18.67,3,0,2.795,die_profile_images/2023/09/15/120606/47485.jpg
47486,56.86,56.86,1.85,0,1.186,die_profile_images/2023/10/11/102705/47486.jpg
47487,96.83,42.3,19,0,1.44,die_profile_images/2023/11/01/123124/47487.jpg
47488,45.6,29.51,0,0,0.605,die_profile_images/2023/11/01/123323/47488.jpg
47489,17.3,7.9,1.1,0,0.098,die_profile_images/2023/11/01/124059/47489.jpg
47490,95.75,42.37,2,0,1.629,die_profile_images/2023/12/20/115144/47490.jpg
47491,65.1,17.04,2.84,0,1.479,die_profile_images/2023/12/20/115242/47491.jpg
47492,53.64,22.75,2,0,0.907,die_profile_images/2023/12/30/120231/47492.jpg
47493,64.53,20.21,9,0,1.703,die_profile_images/2023/12/30/120437/47493.jpg
47494,78.99,68,1.55,0,1.833,die_profile_images/2024/01/17/105927/47494.jpg
47495,76.87,23.15,2,0,1.26,die_profile_images/2024/01/17/110047/47495.jpg
47496,79,42.9,1.5,0,1.273,die_profile_images/2024/01/17/110325/47496.jpg
47497,42.65,35.35,6.35,0,1.522,die_profile_images/2024/02/10/101107/47497.jpg
47498,94,94,4,0,4.645,die_profile_images/2024/02/10/101310/97498.jpg
47499,19.4,6.65,2,0,0.264,die_profile_images/2024/02/10/101434/47499.jpg
47500,84.86,11.54,2.14,0,0.586,die_profile_images/2024/05/05/104759/47500.jpg
47501,54.2,120.27,5,0,3.353,die_profile_images/.net_data/589aa3da-c1c7-4cfd-a66c-474945a57fbe_47501.jpg
47502,52.2,105.47,8,0,4.81,die_profile_images/.net_data/d82842bd-a714-4185-bfeb-1b18623606a1_47502.jpg
47503,142.7,32.75,1.75,0,0.8,die_profile_images/.net_data/3d0ab089-63ff-4d4d-a15e-60fb9a79e275_47503.jpg
47504,109,46,0,0,5.14,die_profile_images/.net_data/d54c03ef-9782-4383-94ae-403669e873e8_47504.jpg
47505,84,109,2.5,0,5.42,die_profile_images/2021/08/26/105342/47505.jpg
47506,121.5,60.87,3,0,4.468,die_profile_images/.net_data/0ebfb1e1-ecc7-4f96-aef3-e62a024c2904_47506.jpg
47507,124,70,2.5,0,5.91,die_profile_images/.net_data/5ccc72d8-5555-42f6-ab12-1afcc76fe0a8_47507.jpg
47508,70,37.75,1.25,0,0.836,die_profile_images/2021/04/30/042256/47508.jpg
47509,76.5,51.73,3,0,1.532,die_profile_images/2021/04/30/042417/47509.jpg
47510,109,84,2.5,0,5.484,die_profile_images/2021/04/30/042535/47510.jpg
47511,112,82.74,2.75,0,5.189,die_profile_images/2021/05/27/120507/47511.jpg
47512,113.54,30.68,1.75,0,0.639,die_profile_images/2021/07/02/023717/47512.jpg
47513,70,37.75,1.25,0,0.885,die_profile_images/2021/08/16/111434/47513.jpg
47514,40,27.02,0,0,1.989,die_profile_images/2022/03/03/121248/47514.jpg
47515,28.5,27,0,0,1.687,die_profile_images/2022/03/24/092832/47515.jpg
47516,82,70,2,0,3.324,die_profile_images/2023/04/07/125749/47516.jpg
47517,62.28,34.8,1.4,0,0.958,die_profile_images/2023/04/07/125910/47517.jpg
47518,68.97,43.29,7,0,2.768,die_profile_images/2023/04/07/010058/47518.jpg
47519,40,40,1.5,0,0.928,die_profile_images/2023/04/07/010259/47519.jpg
47520,83.49,65,8,0,3.089,die_profile_images/2023/04/07/010436/47520.jpg
47521,86,132,3.25,0,7.893,die_profile_images/2023/08/03/124719/47521.jpg
47601,48.7,22,4.6,0,1.803,die_profile_images/2024/09/19/101247/47601.jpg
47602,48.7,24,4.6,0,1.914,die_profile_images/2024/09/19/101453/47602.jpg
47603,27.25,15.9,1.5,0,0.254,die_profile_images/2024/09/19/103811/47603.jpg
47701,60.2,10.2,3,0,2.016,die_profile_images/2024/10/13/122604/47701.jpg
47702,65,12,3,0,2.325,die_profile_images/2024/10/13/122821/47702.jpg
47703,66,18.2,3,0,2.862,die_profile_images/2024/10/13/123009/47703.jpg
47704,30.5,10.3,2.2,0,0.561,die_profile_images/2024/10/13/123216/47704.jpg
47705,58.7,17.2,0,2.5,1.201,die_profile_images/2024/11/11/061234/47705.jpg
47706,64.7,45.8,2.5,0,2.443,die_profile_images/2024/11/11/061425/47706.jpg
47707,16.9,7.1,0,0,0.216,die_profile_images/2024/10/21/102504/47707.jpg
47801,54.5,36.5,2,0,0.95,die_profile_images/2024/03/18/060821/47801.jpg
47802,36.5,18,2,0,0.511,die_profile_images/2024/03/18/060918/47802.jpg
47803,63,36.5,2,0,0.788,die_profile_images/2024/03/18/061010/47803.jpg
47901,120,42.74,1.52,0,2.385,die_profile_images/2024/03/11/051737/47901.jpg
47902,80.75,45,1.5,0,1.644,die_profile_images/2024/03/11/051927/47902.jpg
47903,38.25,17.25,2,0,0.719,die_profile_images/2024/03/11/053656/47903.jpg
47904,38.25,20,2,0,0.672,die_profile_images/2024/03/23/102842/47904.jpg
47905,38,27.49,1.5,0,0.493,die_profile_images/2024/03/23/102941/47905.jpg
47906,36,27.49,1.5,0,0.45,die_profile_images/2024/03/23/103045/47906.jpg
47907,23.2,12,1.25,0,0.142,die_profile_images/2024/03/23/103143/47907.jpg
47908,31.5,31.5,1.5,0,0.72,die_profile_images/2024/03/23/103305/47908.jpg
47909,15,15.5,1.25,0,0.21,die_profile_images/2024/03/23/103446/47909.jpg
47910,46.25,30,3,0,0.731,die_profile_images/2024/08/08/102012/47910.jpg
47911,49,24,3,0,1.148,die_profile_images/2024/08/08/102134/47911.jpg
47912,40,45,2,0,1.109,die_profile_images/2024/08/08/102301/47912.jpg
47913,23.5,20,2.5,0,0.484,die_profile_images/2024/08/08/102556/47913.jpg
48001,50,8,3,0,0.48,die_profile_images/.net_data/e5524c10-61f7-44ea-aef0-82515ff9bdfc_48001.jpg
48002,17,17,0,0,0.396,die_profile_images/.net_data/85465f4e-bc10-46a7-9170-e057b7813411_48002.jpg
48003,53.6,12,1.7,0,0.398,die_profile_images/.net_data/10f0c0e1-2825-4a60-bfe8-d94a5a52e2b6_48003.jpg
48004,45,15.35,2,0,0.393,die_profile_images/.net_data/1802109b-e523-4937-9021-e6b76a7315c3_48004.jpg
48005,36,36,3,0,0.74,die_profile_images/.net_data/ec88e64e-e4bb-48a4-adb2-cd86ad9b5e22_48005.jpg
48006,14.9,14.9,1.7,0,0.209,die_profile_images/.net_data/32949bf7-6a61-4123-bde4-4c1692d5bc08_48006.jpg
48007,26.7,13.4,1,0,0.129,die_profile_images/2021/04/30/020441/48007.jpg
48008,12,12,1.35,0,0.082,die_profile_images/2021/04/30/125639/48008.jpg
48009,25,16.38,1,0,0.12,die_profile_images/2021/04/30/020639/48009.jpg
48010,15.45,5,0,0,0.124,die_profile_images/2021/04/30/020942/48010.jpg
48011,15.45,15.45,2.2,0,0.181,die_profile_images/2021/04/30/020117/48011.jpg
48012,10.25,3.9,0.8,0,0.04,die_profile_images/2021/04/30/024034/48012.jpg
48013,49.9,5.15,1.25,0,0.267,die_profile_images/2021/04/30/024450/48013.jpg
48014,29.4,10.9,1.2,0,0.173,die_profile_images/2021/04/30/024153/48014.jpg
48015,33,8.9,1,0,0.141,die_profile_images/2021/04/30/024311/48015.jpg
48016,15,15,1.1,0,0.093,die_profile_images/2021/04/30/020311/48016.jpg
48017,25,25,1.1,0,0.149,die_profile_images/2021/04/30/024556/48017.jpg
48025,8,8,1.1,0,0.048,die_profile_images/2021/04/30/023658/48025.jpg
48026,10,10,1.1,0,0.06,die_profile_images/2021/04/30/023814/48026.jpg
48027,105.5,52.2,2,0,1.738,die_profile_images/2022/03/10/021053/48027.jpg
48028,22.5,26.5,1.2,0,0.28,die_profile_images/2022/03/10/021243/48028.jpg
48101,11.35,7,1,0,0.064,die_profile_images/.net_data/f9d2ebb8-8c3e-43b9-8d3e-471dade81ea3_48101.jpg
48102,50,19.5,1.9,0,0.455,die_profile_images/.net_data/4b2ce2ea-5c17-46ae-bb44-ae821bf487d8_48102.jpg
48103,30,30,1.4,0,0.354,die_profile_images/.net_data/828a3b8d-a5e4-4562-bad4-7e1e64aafa8d_48103.jpg
48104,25,17.3,1.4,0,0.187,die_profile_images/.net_data/b38e1194-89ef-4c42-9f05-eafeeb0cf1c0_48104.jpg
48105,25,17.3,1.4,0,0.183,die_profile_images/.net_data/732115af-9a9b-4284-9c76-b462f560b188_48105.jpg
48106,30,30,1.4,0,0.389,die_profile_images/.net_data/60fffb8e-8a59-4537-8b24-81a964613d05_48106.jpg
48107,47.3,47.3,1.4,0,0.385,die_profile_images/.net_data/e1e84b1b-3790-4127-a42a-f6e9897f66d2_48107.jpg
48108,25,12.3,1.4,0,0.166,die_profile_images/.net_data/66763c15-670f-4121-b597-9e1f88c93bdb_48108.jpg
48109,42.3,42.3,1.4,0,0.352,die_profile_images/.net_data/26343823-e280-4667-9e5b-5ed153f1d037_48109.jpg
48110,25,12.3,1.4,0,0.162,die_profile_images/.net_data/db600e71-1e4c-4f3e-bd5f-a9b05c6b4f30_48110.jpg
48111,8.5,4.86,0.9,0,0.041,die_profile_images/.net_data/6bbf5977-2cf1-4338-85fe-71c72deccdd9_48111.jpg
48112,14,14,1,0,0.079,die_profile_images/.net_data/8335608c-bf97-4bec-831f-4d2c1f8c9c96_48112.jpg
48113,12,12,1.1,0,0.07,die_profile_images/.net_data/b19e6a48-10c9-4193-a78a-5c8bbc133822_48113.jpg
48114,7.5,7,1,0,0.048,die_profile_images/.net_data/20db9b50-a548-4a35-8f3d-a807b63c94c8_48114.jpg
48115,27,13.4,1.1,0,0.209,die_profile_images/2022/06/29/040126/48115.jpg
48116,60,6,3,0,0.507,die_profile_images/2022/06/29/033524/48116.jpg
48117,50.04,5,3,0,0.386,die_profile_images/2022/06/21/023135/48117.jpg
48118,52.03,38.53,1.5,0,0.483,die_profile_images/2023/03/04/022445/48118.jpg
48119,25,14.3,1.4,0,0.17,die_profile_images/2023/03/24/041111/48119.jpg
48120,30,14.3,1.4,0,0.189,die_profile_images/2023/03/24/041238/48120.jpg
48121,10,10,7,0,0.138,die_profile_images/2023/08/24/045204/48121.jpg
48122,30.3,24.6,1.4,0,0.227,die_profile_images/2024/12/12/102319/48122.jpg
48506,60,48,2,0,1.06,die_profile_images/2023/07/12/103915/68506.jpg
49001,50,50,1.4,0,0.645,die_profile_images/.net_data/24e4e8ef-b542-4485-a075-cf8fe6826216_49001.jpg
49002,64,56,1.8,0,1.155,die_profile_images/.net_data/c2465a45-1d7d-4b94-ab2b-f89cdbbd4702_49002.jpg
49003,68.11,35,1.8,0,0.937,die_profile_images/.net_data/7d3d1d91-18b3-47b3-bd5a-e2cb1ad873c6_49003.jpg
49004,100,57,2.5,0,2.571,die_profile_images/.net_data/c520a990-b9a6-4501-ae12-ebf2fab440ce_49004.jpg
49005,51.1,19.9,1.5,0,0.51,die_profile_images/.net_data/151716c6-5556-48f4-bb9e-50ad1f224bee_49005.jpg
49006,39.2,31.4,1.5,0,0.516,die_profile_images/.net_data/b0d8efdb-8986-436a-9f85-9461563ecb14_49006.jpg
49007,27.95,37,1.5,0,0.511,die_profile_images/.net_data/3e6c4660-fa18-45d0-a917-338087a94755_49007.jpg
49008,38.95,40.65,1.7,0,1.121,die_profile_images/.net_data/d3c6c229-f3ae-4f7e-aca0-347aeae88c12_49008.jpg
49009,67.7,81.3,1.7,0,1.39,die_profile_images/.net_data/8641600c-9f5d-4b84-8637-6081a7220c7f_49009.jpg
49010,45,45,1.2,0,0.67,die_profile_images/.net_data/f1d0391f-3ad6-458d-bb5e-37dfc815740a_49001.jpg
49011,57.29,18.3,1.32,0,0.357,die_profile_images/.net_data/0fcfe593-fcfa-4c02-9a4e-0f972df964ae_49011.jpg
49012,53,10,2,0,0.413,die_profile_images/.net_data/4ec1abf2-b95e-410d-8182-86357d218cd0_49012.jpg
49013,145.6,100,2,0,0.916,die_profile_images/.net_data/8a606bc5-994c-45ba-accb-60f643e91b6d_49013.jpg
49014,150,19,2,0,0.999,die_profile_images/.net_data/2240bc5a-8e17-4c1a-8dff-8125b531e65b_49014.jpg
49015,36.5,27.5,1.3,0,0.527,die_profile_images/2021/03/18/122503/49015.jpg
49017,81.3,67.4,2,0,1.598,die_profile_images/2021/03/20/052323/49017.jpg
49018,81.3,38.8,2,0,1.281,die_profile_images/2021/03/20/052451/49018.jpg
49019,131,38.95,2,0,1.88,die_profile_images/2024/05/14/022125/49019.png
49020,131,67.7,2.7,0,2.188,die_profile_images/2024/05/14/022251/49020.png
49021,46,10,2,0,0.375,die_profile_images/2025/01/18/105118/49021.jpg
49022,50,18.3,1.32,0,0.323,die_profile_images/2025/01/18/105320/49022.jpg
49701,27.61,5.98,1.9,0,0.174,die_profile_images/.net_data/b2b1c595-1c7f-4683-8ff9-0b043c2f57ec_49701.jpg
50101,29.5,12.4,1,0,0.163,die_profile_images/.net_data/386dbbcc-36c3-47f1-b15a-b2c2f5ace6ea_50101.jpg
50102,36,14.25,1.5,0,0.25,die_profile_images/.net_data/c0c9d406-bb79-48d4-be55-b8d130593e7b_50102.jpg
50103,35,14,1.4,0,0.23,die_profile_images/.net_data/f2070221-dc60-4486-81d2-a6bc67c29923_50103.jpg
50104,35.5,13,1.35,0,0.202,die_profile_images/.net_data/7a5c8781-0640-463f-9329-a2a6d2e90e02_50104.jpg
50105,34.5,12,0.75,0,0.144,die_profile_images/.net_data/3c8f7ba7-80b5-46ca-aa98-01aea399c851_50105.jpg
50106,36,12.87,1.7,0,0.15,die_profile_images/.net_data/e763f2cd-6669-49dd-b7c9-61212ab5b5b2_50106.jpg
50107,35.5,12.8,1.35,0,0.188,die_profile_images/.net_data/ea5da9a3-d007-4f68-a300-3d1fd2d8de36_50107.jpg
50108,29.5,10.9,0.85,0,0.137,die_profile_images/.net_data/88fbca34-e91e-41a9-a758-08ac9007d661_50108.jpg
50109,25.15,13,1.4,0,0.572,die_profile_images/.net_data/30d271d0-7470-45d9-b323-98ca772a7b27_50109.jpg
50110,25.2,13,3,0,0.463,die_profile_images/.net_data/ff577cd1-5d47-4198-8762-6b311be2f9ef_50110.jpg
50111,38.65,17,2.5,0,0.477,die_profile_images/.net_data/89574a12-2ff8-4ce9-9ebe-4df24c21a2b7_50111.jpg
50112,25.7,13.3,3,0,0.452,die_profile_images/.net_data/3de96414-9979-4ff1-a823-db1ea3c2042d_50112.jpg
50113,28.3,14.35,1.95,0,0.673,die_profile_images/.net_data/5a0d17a5-9812-457e-b760-7f109e4e2e4c_50113.jpg
50114,31.6,12.4,1.6,0,0.237,die_profile_images/.net_data/be193488-7dd6-42de-8cf6-9a19f5b5ec25_50114.jpg
50115,35.8,15.8,1.8,0,0.431,die_profile_images/.net_data/f148dac8-1aa2-47ae-b481-4f81cae267fd_50115.jpg
50116,32.8,13,1.5,0,0.319,die_profile_images/.net_data/19288d7d-5f00-4bd3-8b19-39c9137f10ee_50116.jpg
50117,37.8,17.2,2.2,0,0.43,die_profile_images/.net_data/d33836e8-cc38-4c0e-9857-20fac22c7c83_50117.jpg
50118,27,13.7,2,0,0.349,die_profile_images/.net_data/25a06b10-6a90-444b-94a1-ea69e35bf100_50118.jpg
50119,52.5,15,2.25,0,0.563,die_profile_images/.net_data/b5b81567-68a3-4011-879a-e21a9828e7e9_50119.jpg
50120,13.6,13.6,2,0,0.229,die_profile_images/.net_data/c4f1f2c9-7c4c-48b1-abd3-a59cf68d74ad_50120.jpg
50121,30.2,25.3,2.35,0,0.163,die_profile_images/.net_data/f4a2b993-d741-404b-9438-d66836fbd9cf_50121.png
50122,30.2,25.3,2.35,0,0.844,die_profile_images/.net_data/6c7bcf01-0ad2-4e02-a230-7752e2544e72_50121.jpg
50123,37.5,15.5,2.95,0,0.57,die_profile_images/.net_data/abd5de44-09a1-4e3b-98ea-9dee7a6197b5_50123.jpg
50501,30,14,1.75,0,0.557,die_profile_images/.net_data/f530b621-fbbe-41d6-a9d7-3213d97d5084_50501.jpg
50502,25,25,0,0,1.553,die_profile_images/.net_data/2015b229-e291-47fb-9c9e-76c930f5c157_50502.jpg
50503,100,45,0,0,4.815,die_profile_images/.net_data/277003f2-1b07-4303-9555-6cdd8b48f779_50503.jpg
50504,32,32,0,0,1.586,die_profile_images/.net_data/379cc539-711d-41e8-ae02-02ba91fc62aa_50504.jpg
50505,45,35,0,0,2.939,die_profile_images/2021/05/08/123431/50505.jpg
50506,30,15,0,0,1.056,die_profile_images/2021/05/08/123552/50506.jpg
50507,8,8,0,0,0.118,die_profile_images/2021/05/08/123719/50507.jpg
50508,32,12.02,0,0,0.77,die_profile_images/2021/05/08/123954/50508.jpg
51001,10.2,6.2,2,0,0.082,die_profile_images/.net_data/2ac49905-abe2-48c3-a3cb-6feb7807dd71_i channel.jpg
51101,62.5,120,3,0,2.462,die_profile_images/.net_data/33f32652-a5ba-4472-ac09-c596c37bb64c_51101.jpg
51102,101.6,76.2,4.76,0,3.14,die_profile_images/2022/10/19/010320/51102.jpg
52001,61,31.75,0.75,0,0.339,die_profile_images/.net_data/beff7ff1-8677-4989-8f66-a661435cadd1_3.4 two track top.jpg
52002,61,31.75,0.8,0,0.425,die_profile_images/.net_data/b9d39ae3-0820-4c90-9b24-bbfbc4aa1580_3.4 two track top.jpg
52003,61,31.75,1,0,0.683,die_profile_images/.net_data/e2358b94-94bc-46ee-8cdd-5e9a1ff081e2_3.4 two track top.jpg
52004,61,31.75,1.3,0,0.691,die_profile_images/.net_data/ca58d1ef-89a2-44ce-bbb9-8f4e43607f76_3.4 two track top.jpg
52005,61,31.75,1.5,0,0.798,die_profile_images/.net_data/d174e63a-9e45-48c8-9f74-c9034f7aee5d_3.4 two track top.jpg
52051,92,31.75,0.8,0,0.521,die_profile_images/.net_data/5bf34e48-eb42-4646-8ab0-24160b91f5a0_3.4 four track top.jpg
52052,92,31.75,0.9,0,0.605,die_profile_images/.net_data/17be6581-ae87-48d1-b04f-a6070616330a_3.4 three track top.jpg
52053,92,31.75,1.6,0,1.077,die_profile_images/.net_data/27cba115-3983-482a-92e1-46307308a45e_3.4 three track top.jpg
52054,92,31.75,1.3,0,0.925,die_profile_images/.net_data/65ae467f-6bf9-440a-b510-b3fa720e7b9d_3.4 three track top.jpg
52091,122,31.75,1,0,1.183,die_profile_images/.net_data/1d02515c-d329-41e0-bbef-a8c8a391a2eb_3.4 four track top.jpg
52101,61,31.75,0.75,0,0.489,die_profile_images/.net_data/234b09d9-ee89-47d1-abe9-e7e0d684b2ab_3.4 two track bottom.jpg
52102,61,31.75,0.9,0,0.587,die_profile_images/.net_data/3d95c054-c0fb-4496-a7d5-29107ed53fcc_3.4 two track bottom.jpg
52103,61.85,31.75,0.72,0,0.633,die_profile_images/.net_data/e7c92e94-f975-4b25-9ab4-c290a3775c17_3.4 two track bottom.jpg
52104,61,31.75,1.55,0,0.883,die_profile_images/.net_data/3a199b90-c252-42bf-b610-60404b3f15a3_3.4 two track bottom.jpg
52151,92,31.75,0.85,0,0.712,die_profile_images/.net_data/b8794a1c-532b-4b64-8c13-5b6c486caaa5_3.4 three track bottom.jpg
52152,92,31.75,1.05,0,0.879,die_profile_images/.net_data/3b47aead-f1af-40aa-9784-06da3cf1f243_3.4 three track bottom.jpg
52153,92,31.75,1.3,0,1.215,die_profile_images/.net_data/415eef8a-7aa0-46d1-a2bd-969fd119295a_3.4 three track bottom.jpg
52154,92.29,31.75,1.6,0,1.164,die_profile_images/.net_data/f5b8ac0d-fed4-400f-afcb-b046b6672574_3.4 three track bottom.jpg
52191,122,31.75,1,0,0.97,die_profile_images/.net_data/83e31707-dd32-4969-af0a-e00f7bc3b93a_3.4 four track bottom.jpg
52201,40,18,0.7,0,0.25,die_profile_images/.net_data/90aa4e2d-eeb6-4198-a2de-6947c3c82d2c_HANDLE.jpg
52202,40,18,0.85,0,0.306,die_profile_images/.net_data/8b768151-8634-4de8-95b7-a31e73290da2_handle 3.4.jpg
52203,40,18,1.05,0,0.413,die_profile_images/.net_data/96530dce-efeb-45dc-9513-99bd8a2e5174_1' handle.jpg
52204,40,18,1.55,0,0.607,die_profile_images/.net_data/ee9720e7-1f24-4f6b-9756-cf511ade9ed2_handle 3.4.jpg
52205,40,18,1.55,0,0.459,die_profile_images/2022/10/31/112058/1_handle.jpg
52251,60,18,1.2,0,0.545,die_profile_images/.net_data/d3c23420-6517-4be3-9f54-efb4394e97e9_handle 3.4 60 mm series.jpg
52301,40,18,0.75,0,0.327,die_profile_images/.net_data/2ef78ee3-5315-4da7-b6d7-1f21627ee76c_INTERLOCK.jpg
52302,40,18,0.85,0,0.371,die_profile_images/.net_data/63f52c25-af51-4b34-a3b4-b2e4239b7770_interlock 3.4.jpg
52304,40,18,1.15,0,0.503,die_profile_images/.net_data/ed21be19-77fc-4789-8220-9a90b48db530_interlock 3.4.jpg
52305,40,18,1.55,0,0.634,die_profile_images/.net_data/d1a281d5-f916-4449-b61d-86b7947157de_40 X 18 INTERLOCK.jpg
52351,60,18,1.2,0,0.655,die_profile_images/.net_data/38582406-947a-4444-80a3-8180b9157636_interlock 3.4 60mm series.jpg
52401,40,18,0.7,0,0.258,die_profile_images/.net_data/acd23b42-565a-4bca-84a3-0d7162f91e50_TOP BOTTOM.jpg
52402,40,18,0.75,0,0.276,die_profile_images/.net_data/39c541f3-ff03-49f0-9325-061b9cffd432_top bottom 3.4.jpg
52403,40,18,1,0,0.369,die_profile_images/.net_data/4d6b7dab-a616-4966-99d9-7670484b91e3_top bottom 3.4.jpg
52404,40,18,1.5,0,0.553,die_profile_images/.net_data/19dc1176-c5ee-4de6-bfc5-5953f607ea77_1' top bottom.jpg
52405,40,18,0.75,0,0.25,die_profile_images/.net_data/952abe05-6673-4e79-9f03-7c84f4d4dd1d_52405.jpg
52451,60,18,1.2,0,0.622,die_profile_images/.net_data/733a368a-184e-4598-8097-26d1f00922ea_top bottom 3.4 60mm series.jpg
52501,52,18,0.85,0,0.37,die_profile_images/.net_data/57ed6a42-5e5b-4cb1-881d-6f7c787805eb_BEARING BOTTOM.jpg
52502,52,18,1.05,0,0.459,die_profile_images/.net_data/f6fa46ce-25e9-44d2-9139-57714189f649_bearing bottom 3.4.jpg
52503,52,18,1.5,0,0.656,die_profile_images/.net_data/1bfe08e2-274e-4ae4-9e15-808b43ff8b3f_60 mm bearing bottom.jpg
52601,40,18,0.65,0,0.25,die_profile_images/.net_data/a37b355b-7b86-41d2-ae3a-259de80b24eb_middle.jpg
52602,40,18,0.85,0,0.266,die_profile_images/.net_data/f9468499-0627-4bb6-a101-598b59fef1db_33406.jpg
53001,75,25,1.3,0,0.661,die_profile_images/.net_data/2798edb8-5af4-4dce-93a6-4e6c30540558_1'' two track top.jpg
53051,116,25,1.25,0,0.952,die_profile_images/.net_data/3697ef93-7233-4c88-a5a6-d15fd0342b61_THREE TRACK TOP.jpg
53052,116,25,1.35,0,1.124,die_profile_images/.net_data/78b78809-9f81-4c54-8d99-8f41930042af_1'' three track top.jpg
53101,75,25,1.3,0,0.739,die_profile_images/2023/12/22/035700/53101.jpg
53151,116,25,1.45,0,1.014,die_profile_images/.net_data/d421048d-711f-46cc-8237-c05aae5a7189_THREE TRACK BOTTOM.jpg
53152,116,25,1.35,0,1.111,die_profile_images/.net_data/74486e51-e770-4702-84f6-c1e4726462b3_53152.jpg
53201,50,25,0.85,0,0.443,die_profile_images/.net_data/56cc2172-9bd2-40d5-83ea-5b9e40b65fbb_handle 3.4.jpg
53202,50,25,1.1,0,0.53,die_profile_images/.net_data/bbe95c3f-595f-475d-ae55-03942bfe2c99_1' handle.jpg
53203,50,25,1.5,0,0.646,die_profile_images/.net_data/54fe7f34-d9c8-487c-906d-47b0abb7c583_1' handle.jpg
53204,50,25,1.2,0,0.562,die_profile_images/.net_data/96168b1c-c5d7-4f09-a337-30bea545bf33_53204.jpg
53301,50,25,0.95,0,0.5,die_profile_images/.net_data/d3c3a991-04c1-4797-b82a-67b1f20449db_1' interlock.jpg
53302,50,25,1.2,0,0.646,die_profile_images/.net_data/e40d8009-1787-441d-836c-953785d43f61_53302.jpg
53401,50,25,0.85,0,0.4,die_profile_images/.net_data/249497d4-da2f-4d9c-8189-098d7e42c95e_top bottom 3.4 60mm series.jpg
53402,50,25,1.85,0,0.824,die_profile_images/.net_data/1be21bb1-ef3f-450e-b5c9-fffd44f0a75a_top bottom 3.4 60mm series.jpg
53403,50,25,1.2,0,0.55,die_profile_images/.net_data/3775501d-a351-46e0-ba8d-60137ab12008_1' top bottom.jpg
53501,60,25,0.8,0,0.517,die_profile_images/.net_data/12fd5ea1-cff0-4680-97e1-389c4e56c7be_60 mm bearing bottom.jpg
53502,60,25,0.95,0,0.516,die_profile_images/.net_data/ce2776fb-4870-4212-82fa-5a05bf6808ae_60 mm bearing bottom.jpg
53503,60,25,1.5,0,0.799,die_profile_images/.net_data/38b06fe9-d8f7-42a6-ad35-59e0c5394975_60 mm bearing bottom.jpg
53551,62,45,1.05,0,0.996,die_profile_images/.net_data/77b9c5a7-eb76-4129-bf17-3d7f9afe2653_TWO TRACK BOTTOM HOLLOW.jpg
53601,50,25,1.05,0,0.523,die_profile_images/.net_data/2afd45d9-8c48-4fa8-9c32-0fc2db714de9_middle 3.4.jpg
54001,50,25,1.5,0,0.62,die_profile_images/.net_data/39aa555c-aa50-4031-b4b5-779bb79803de_63mm single partitian.jpg
54101,63,38,0.85,0,0.488,die_profile_images/.net_data/f39bce2d-c0d8-4876-b029-491029c15c42_63mm single partitian.jpg
54102,63,38,1,0,0.587,die_profile_images/.net_data/526f003e-83b3-43ab-8835-7da697591ead_single partition - Copy.jpg
54103,63,38,1.15,0,0.667,die_profile_images/.net_data/2181b22d-d163-4269-9e64-4209cbbf5d97_63mm single partitian.jpg
54104,63,38,1.6,0,0.9,die_profile_images/.net_data/82b3eaa8-3fc5-45a5-9fda-5ea705824d34_single partition - Copy.jpg
54105,63,38,1.25,0,0.72,die_profile_images/.net_data/90dacdfa-312c-45fe-9fc5-1d025d28940f_single partition - Copy.jpg
54106,63.5,38.1,1.95,0,1.092,die_profile_images/.net_data/e8113248-bd8f-4089-bb6d-36d0995b0028_50mm single partitian - Copy.jpg
54201,83,38,1.35,0,0.868,die_profile_images/.net_data/e30dc564-1b44-4e3e-b12d-be49ec2bdb8a_63mm single partitian.jpg
54301,101,44.5,1.2,0,0.99,die_profile_images/.net_data/6eeaa709-bf49-4d28-9755-eaab2ceb3e52_101MM SINGLE PARTITION.jpg
54302,101,44.5,2,0,1.59,die_profile_images/.net_data/56305f59-975b-4328-ae8f-555c7e20d419_SINGLE PARTITION.jpg
54303,101,44.5,3,0,2.33,die_profile_images/.net_data/e2fa53c7-bfb2-45c9-9ad8-fbf699a6ef2e_101MM SINGLE PARTITION.jpg
54304,101,44.5,1.5,0,1.136,die_profile_images/2022/04/08/120744/single_partition_-_Copy.jpg
54401,123,44.5,3,0,2.685,die_profile_images/.net_data/d8bd7c57-e84d-4a53-8a71-885dd8eacc85_101MM SINGLE PARTITION.jpg
54901,63,38,1.5,0,1.001,die_profile_images/.net_data/69be8a85-52f1-4dca-819f-9dfd2bf54bc3_single partition leg.jpg
54902,63,38,1.7,0,1.109,die_profile_images/.net_data/e5444eee-cb4a-4c4e-93ab-cffb8c7a8466_single partition leg.jpg
54903,63,38,2.7,0,1.744,die_profile_images/.net_data/a4afa522-ef8e-4052-9e1d-89b20864d3b7_single partition leg.jpg
54904,63.5,50.1,1,0,0.687,die_profile_images/2024/02/23/034028/54404.jpg
55001,50,25,0.7,0,0.37,die_profile_images/.net_data/48c78af8-90ca-4be3-b19c-196887a06c2e_DOUBLE PARTITION.jpg
55101,63,38,0.9,0,0.59,die_profile_images/.net_data/a9cd7b2d-8bbe-4cae-b0b9-a98641afb314_double partition.jpg
55102,63,38,1,0,0.642,die_profile_images/.net_data/a807e0c3-b02e-4dbb-afd9-179339d811b6_double partition.jpg
55103,63,38,1.55,0,0.937,die_profile_images/.net_data/e3ffd223-83ad-4780-8159-2c9152f57019_63mm double partitian.jpg
55104,63,38,1.25,0,0.777,die_profile_images/.net_data/313ee1f7-1b06-494f-b590-045df327c34b_double partition.jpg
55105,63.5,38,1.5,0,0.94,die_profile_images/.net_data/db26eabb-4ed6-4021-841d-4053ac7dcc19_double partition.jpg
55106,63.5,38,3.1,0,1.728,die_profile_images/.net_data/1d36ec7c-ee49-4ab5-8671-9756a20c9d87_double partition.jpg
55107,63.5,38.1,1.85,0,1.095,die_profile_images/.net_data/f61d9cec-88b2-45d8-af67-6f62642d96b0_63mm double partitian.jpg
55201,83,38,1.3,0,0.875,die_profile_images/.net_data/81d208e8-95ef-41e9-9859-96bb59275e9c_63mm double partitian.jpg
55201,83,38,1.3,0,0.875,die_profile_images/.net_data/05914500-0062-4071-9ee5-a34a74a3129a_63mm double partitian.jpg
55202,83,38,2,0,1.456,die_profile_images/.net_data/b7680899-adf2-400b-bf00-e870a8d88ee5_DOUBLE PARTITION.jpg
55301,101,44.5,1.3,0,1.05,die_profile_images/.net_data/748e65ca-afe4-4751-8b2b-7d07326e8cd1_DOUBLE PARTITION.jpg
55302,101,44.5,1.5,0,1.27,die_profile_images/.net_data/68692534-356f-466b-a7f2-e1646d9bb638_DOUBLE PARTITION.jpg
55303,101,44.4,2,0,1.65,die_profile_images/.net_data/e2e018a4-4831-49ef-98a4-c322b32c1d8f_DOUBLE PARTITION 101.jpg
55304,101,44.5,3,0,2.576,die_profile_images/.net_data/632e883c-2dc0-4f52-b5a7-cc05b180c668_DOUBLE PARTITION.jpg
56001,47,44,1.15,0,0.61,die_profile_images/.net_data/33dcb4e4-3031-45d1-b27c-47999c5924a4_door middle single.jpg
56002,47,44,1.7,0,0.85,die_profile_images/.net_data/d6204a56-3d26-48b7-9ae5-f202f35e1632_door middle single.jpg
56101,47,44,1.05,0,0.61,die_profile_images/.net_data/81dff529-044e-4d36-84f6-f6379d3ee171_door middle double.jpg
56102,47,44,1.5,0,0.83,die_profile_images/.net_data/ced2b91d-1cad-4cbc-9e8c-5d795cb56fa7_door middle double.jpg
56151,85,44,1.2,0,0.94,die_profile_images/.net_data/18a2fc61-aa71-4b71-ad50-89555b6e724e_door middle double 56151.jpg
56201,47,44,1.15,0,0.612,die_profile_images/.net_data/d72d419d-08eb-49f4-b2fb-26c74fd1a6cb_DOOR TOP 1.jpg
56202,47,44,1.7,0,0.866,die_profile_images/.net_data/4a8e61c2-1df6-4f41-91f0-fce675388dae_DOOR TOP 1.jpg
56251,85,44,1.6,0,1.13,die_profile_images/.net_data/3f95d291-48fb-462a-a78f-3e0752511fcb_door bottom.jpg
56301,47,44,1.2,0,0.63,die_profile_images/.net_data/9219a728-0e01-44af-9891-5b0f4f9d5360_door verticle.jpg
56302,47,44,1.44,0,0.78,die_profile_images/.net_data/0eac6c35-912a-4c9d-a64a-eae26baa5705_door verticle.jpg
56303,47,44,1.5,0,0.81,die_profile_images/.net_data/6abf71c8-096c-41c9-a454-4d418f645528_door verticle.jpg
56351,85,44.5,1.4,0,1.066,die_profile_images/.net_data/d1fd9f8b-52d3-4d62-92ce-7287e8091c80_door verticle 2.jpg
56352,85,44.5,3,0,2.077,die_profile_images/.net_data/12c6caee-ec0c-4f99-a6a1-1f330394f588_door verticle 2.jpg
56353,85,44.5,2,0,1.455,die_profile_images/.net_data/1564a0d9-336c-4398-ba0c-2d42411167a0_DOOR VERTICLE.jpg
56354,85,44.5,1.5,0,1.134,die_profile_images/.net_data/95acb7fd-2a47-4391-a63a-ad17d7cbd6bd_DOOR VERTICLE.jpg
56401,47,44,1.65,0,0.772,die_profile_images/.net_data/245fe66b-c703-458f-9c74-23b8299021c2_door top single leg.jpg
56451,85,44.5,1.85,0,1.35,die_profile_images/.net_data/ae96182c-6417-45ce-8fbc-618a2b6b2301_56451.jpg
56501,85,44,1.6,0,1.13,die_profile_images/.net_data/791dd400-332e-4996-b371-c7c74ae3b37d_door bottom.jpg
56502,114,44.5,1.15,0,0.99,die_profile_images/.net_data/9c9a2922-efb1-4c33-9d24-330ccfb2ebcf_door bottom.jpg
56503,85,44,3,0,2,die_profile_images/.net_data/20b1c950-4680-44ea-969e-7033edc7a50e_door bottom.jpg
56504,114,44.5,1.35,0,1.194,die_profile_images/.net_data/0fb125cb-1123-4da8-bc6d-6200ec97dd51_door bottom.jpg
56505,85,44,1.5,0,1.066,die_profile_images/.net_data/0bcb74ea-ecf0-48af-8f7f-27e240ebceff_door bottom.jpg
56551,114,44.5,1.2,0,1.05,die_profile_images/.net_data/cff6f544-700d-49f5-8394-08d92e09420a_DOOR BOTTOM.jpg
57001,21,17.25,0.5,0,0.069,die_profile_images/.net_data/39a115b8-93b3-4181-85c5-13654a88aec1_GLASSING CLIP.jpg
57002,21,17.25,0.55,0,0.072,die_profile_images/.net_data/e14e5887-5fae-4b32-bb1a-6fe617b76874_glassing clip.jpg
57003,21,17.25,0.7,0,0.09,die_profile_images/.net_data/87d21d29-5d94-400a-8902-ab4a91b5ccea_glassing clip.jpg
57004,19.6,17.5,1.2,0,0.17,die_profile_images/.net_data/1764a276-a30a-435d-a1a1-a78b7ba0abe3_57004 CLIP.jpg
57005,21,17.25,1.2,0,0.144,die_profile_images/.net_data/f6c9c7b7-e5ba-4e85-b75b-b6c435294e5f_glassing clip.jpg
57501,44.5,5,0.45,0,0.12,die_profile_images/.net_data/e40ad86e-cce7-4dfb-a760-83e56e708ac6_glassing patta.jpg
57502,44.5,5,1.45,0,0.239,die_profile_images/.net_data/3d8e7532-fc84-4e9a-b573-782cd220ccb3_glassing patta.jpg
58001,41.6,28,0,0,1.149,die_profile_images/.net_data/f4f6b721-93bc-46ad-ae9a-e0ee28bbd863_58001.jpg
58002,30,15,2,0,0.779,die_profile_images/2021/08/07/120026/58002.jpg
58003,51.25,30.69,1.5,0,0.55,die_profile_images/2021/08/31/035039/58003.jpg
58004,23,7.6,0.9,0,0.152,die_profile_images/2022/10/17/104705/58004.jpg
58005,71.5,35.55,35.55,9.9,3.198,die_profile_images/2022/11/11/035346/58005.jpg
58006,16.6,19.5,4.18,0,0.452,die_profile_images/2022/11/11/035840/58006.jpg
58007,45,45,3,0,2.064,die_profile_images/2023/09/16/095855/58007.jpg
58008,60,60,3,0,2.626,die_profile_images/2023/09/16/095948/58008.jpg
58009,40,24,18,0,1.861,die_profile_images/2024/01/18/124926/58009.jpg
58010,27,19,0,0,0.936,die_profile_images/2025/03/12/113201/58010.jpg
58101,7.95,16,1.88,0,0.179,die_profile_images/.net_data/9b649164-ce53-4266-be9e-f639f38c5214_58101.jpg
58102,59.18,31.45,0,0,2.699,die_profile_images/2022/09/01/123824/58102.jpg
58103,60,10.7,6.7,0,1.163,die_profile_images/2021/04/03/014912/58103.jpg
58104,44,11.5,6.3,0,0.755,die_profile_images/2021/04/03/121327/58104.jpg
58105,48,11.5,6.3,0,0.863,die_profile_images/2021/04/03/015044/58105.jpg
58106,68,10,5.85,0,1.358,die_profile_images/2021/04/03/015213/58106.jpg
58107,18.4,15,0,0,0.558,die_profile_images/2021/05/27/113155/58107.jpg
58108,155.15,8.9,0.95,0,1.161,die_profile_images/2023/09/21/111302/58108.jpg
58109,117.85,8.9,0.95,0,0.841,die_profile_images/2023/09/21/111652/58109.jpg
58110,68.5,9.9,5.8,0,1.34,die_profile_images/2023/10/09/053759/58110.jpg
58111,60,30,3.1,0,1.731,die_profile_images/2023/11/01/120522/58111.jpg
58112,30,30,2.5,0,1.002,die_profile_images/2023/11/01/120338/58112.jpg
58113,30,15,4.35,0,0.665,die_profile_images/2023/12/02/103630/58113.jpg
58114,20.2,7.85,1.7,0,0.23,die_profile_images/2024/04/12/094023/58114.jpg
58115,19.8,5.8,1.45,0,0.131,die_profile_images/2024/04/12/094313/58115.jpg
58116,16.5,5.8,1.45,0,0.15,die_profile_images/2024/04/12/094434/58116.jpg
58117,152.3,8.8,0.95,0,1.103,die_profile_images/2024/06/03/053945/58117.jpg
58118,65,10.4,0,0,1.159,die_profile_images/2024/06/03/053312/58118.jpg
58119,18.39,15,1.8,0,0.558,die_profile_images/2024/06/02/014836/58119.jpg
58120,31,59.4,0,0,2.669,die_profile_images/2024/06/03/054503/58120.jpg
58121,76,32,12,0,4.04,die_profile_images/2024/06/02/013536/58121.jpg
58201,40.2,30,1.2,0,0.58,die_profile_images/.net_data/0031d9af-4d63-4ddf-8756-2fb9338bab44_58201.jpg
58202,87.5,20,4,0,1.393,die_profile_images/2022/06/17/033541/58202.jpg
58203,75,42,4.1,0,1.681,die_profile_images/2022/06/17/033756/58203.jpg
58204,75,20,3.5,0,0.958,die_profile_images/2022/09/01/060301/58204.jpg
58205,87.5,87.5,4.5,0,2.373,die_profile_images/2022/06/17/034148/58205.jpg
58301,18,15,1.2,0,0.188,die_profile_images/.net_data/8f594710-5eab-461f-80f7-d0869e939d8b_58301.jpg
58302,45,15,1.2,0,0.299,die_profile_images/.net_data/52d5cb4f-813e-4ffe-b659-1d9b732e8964_58302.jpg
58303,55,3.7,1.2,0,0.226,die_profile_images/.net_data/a5c61d9b-027a-4b68-b03d-664f81ef850a_58303.jpg
58401,25.2,17,1.2,0,0.213,die_profile_images/.net_data/9d0a57a2-2cae-45ed-ad0a-28be3dce62cf_58401.jpg
58402,13,33,1.75,0,0.293,die_profile_images/.net_data/1ec5a7e8-f7e3-4ecd-9988-ecd7f1734c9b_58402.jpg
58403,13,18,1.25,0,0.166,die_profile_images/.net_data/3383c2c1-f454-44f1-80ba-bce1b5f39c6d_58403.jpg
58404,68,28.75,1.6,0,0.86,die_profile_images/.net_data/8eed25da-019e-4467-85e9-7ee366c80bf8_58404.jpg
58405,34.4,28.75,1.6,0,0.548,die_profile_images/.net_data/6e98772c-27b5-4d21-80f4-a58d7ac7cf6f_58405.jpg
58501,50,46.56,1.72,0,0.613,die_profile_images/2024/01/11/115259/58501.jpg
58502,50.4,46,2.2,0,0.725,die_profile_images/2024/01/11/115426/58502.jpg
58503,73.1,25.2,1.55,0,0.79,die_profile_images/2024/01/11/115538/58503.jpg
58504,85.7,25.2,1.28,0,0.73,die_profile_images/2024/01/11/115644/58504.jpg
58505,75.7,21.9,1.6,0,0.397,die_profile_images/2024/01/11/024229/58505.jpg
58506,77.6,33.76,1.41,0,0.543,die_profile_images/2024/01/11/024252/58506.jpg
58507,71.4,33.5,2,0,0.952,die_profile_images/2024/03/02/035957/69507.jpg
58508,45,25.6,2.5,0,0.466,die_profile_images/2024/03/02/035203/58508.jpg
58509,77.2,69.59,1.8,0,0.772,die_profile_images/2024/03/27/104447/58509.jpg
58510,32.8,20,1.2,0,0.383,die_profile_images/2024/04/23/100149/58510.jpg
58511,49.5,45.11,2.2,0,0.725,die_profile_images/2024/11/17/121216/58511.jpg
58601,100,40,1.5,0,0.792,die_profile_images/.net_data/d4306d76-2640-4b5a-96c7-78d36cd944a9_58601.jpg
58602,45.5,55,1.4,0,0.789,die_profile_images/.net_data/4a7e5656-335b-428e-95c8-ed68ad1e724f_58602.jpg
58603,22.2,40.2,1.3,0,0.443,die_profile_images/.net_data/493a2c15-16a5-4cf2-a6bf-b3c8e5a36ab0_58603.jpg
58604,25.2,22.8,1.2,0,0.319,die_profile_images/.net_data/b68afa83-e331-4d8a-ad64-b9ffedc1ca44_58604.jpg
58605,39,9.5,1.3,0,0.368,die_profile_images/.net_data/39272f49-ce70-4e13-b68c-fc8704663ef9_58605.jpg
58606,61.5,40,2,0,1.478,die_profile_images/.net_data/44ebc35f-2de3-4fe6-bc49-4ced0ee40d38_58606.jpg
58607,38.3,38,1.3,0,0.448,die_profile_images/.net_data/7d55e984-650d-44b2-9301-ac5b2f6a5e98_58607.jpg
58608,38.3,4.8,1.2,0,0.149,die_profile_images/.net_data/66bea593-9e9a-45f2-a4a8-b9b9f4af68ca_58608.jpg
58609,40,111,3.5,0,2.696,die_profile_images/.net_data/1d473c63-a5dd-4662-81ae-f4f320ce6840_58609.jpg
58610,65.25,82.9,2.26,0,1.766,die_profile_images/2021/08/13/114757/58610.jpg
58611,65.34,67.43,2.5,0,2.235,die_profile_images/2021/07/29/120946/58611.jpg
58612,55,40,1.8,0,1.118,die_profile_images/.net_data/bd5a2d57-e723-4934-9177-4af75e64598d_58612.jpg
58613,72,98,3,0,3.5,die_profile_images/2021/10/26/112847/58613.jpg
58614,50,50,1.8,0,1.203,die_profile_images/.net_data/35a44dc2-9f3a-4f4b-872a-47513c9bbdd5_58614.jpg
58615,75,25,1.8,0,1.099,die_profile_images/.net_data/37e94585-a52c-4afb-bef6-ce5fcd72f4d3_58615.jpg
58616,75,25,1.2,0,0.755,die_profile_images/.net_data/49fa3f2f-a51f-4512-9665-30cb43d98546_58616.jpg
58617,25.6,7.84,1.4,0,0.278,die_profile_images/2021/07/29/120826/58617.jpg
58618,160,40,3,0,2.548,die_profile_images/2021/10/26/113050/58618.jpg
58619,100,40,3,0,2.497,die_profile_images/2021/10/26/113248/58619.jpg
58620,59.61,67.25,1.5,0,1.128,die_profile_images/2021/10/26/113431/58620.jpg
58621,66.42,87.95,3,0,0.256,die_profile_images/2021/10/26/113724/58621.jpg
58622,66.42,87.95,3,0,2.255,die_profile_images/2021/10/26/113923/58622.jpg
58623,35,47.5,2.5,0,1.141,die_profile_images/2021/10/26/114045/58623.jpg
58624,54.3,7.8,1.75,0,0.415,die_profile_images/2024/06/05/043212/58624.jpg
58625,69.8,9.15,1.25,0,0.34,die_profile_images/2024/06/05/043359/58625.jpg
58626,42,10.2,1,0,0.394,die_profile_images/2024/08/08/100329/58626.jpg
58627,25.3,16.2,1.4,0,0.203,die_profile_images/2024/08/08/100744/58627.jpg
58751,26.06,12.58,0.7,0,0.136,die_profile_images/2024/08/31/032754/58751.jpg
58752,25.98,10.61,0.7,0,0.101,die_profile_images/2024/08/31/033038/58752.jpg
58801,81.5,1.7,0,0,4.054,die_profile_images/2021/05/09/105308/58801.jpg
58802,46.5,1.25,0,0,1.655,die_profile_images/2021/05/09/105432/58802.jpg
59001,32,20,6.8,0,1.02,die_profile_images/.net_data/b7ce5a1a-6e95-46a1-ba8d-6ae4dffbe64c_59001.jpg
59002,65.5,35,2.6,0,1.318,die_profile_images/.net_data/769038f0-3e79-4ece-887d-1eb704ab8c2a_59002.jpg
59003,33.75,32.25,2.65,0,0.762,die_profile_images/.net_data/bba5dfd7-ce4c-4faf-9796-496108c38a77_59003.jpg
59004,27,14,0,0,0.991,die_profile_images/.net_data/d12ada7f-ca2c-4e86-a8fb-c9b610dff543_59004.jpg
59005,10.6,32,0,0,0.673,die_profile_images/.net_data/7c39dbe4-8ee5-4ce7-bf87-ac3676c07ad6_59005.jpg
59006,70.01,102.34,3.7,0,3.955,die_profile_images/.net_data/b3fd8bfa-9dc5-474a-b152-6d6891da545e_59006.jpg
59007,83.7,75.5,3,0,0.696,die_profile_images/.net_data/a557a3be-9fc2-4728-baca-e24939378efd_59007.jpg
59008,9,30,6.9,0,0.609,die_profile_images/.net_data/8ec0d286-28ca-439f-abf3-8c20b3181653_59008.jpg
59009,36.5,90.4,6,0,2.079,die_profile_images/.net_data/330c5920-745e-4b45-b6c7-b5aa9c9d2b5f_59009.jpg
59010,20,32,6,0,0.687,die_profile_images/.net_data/fed285b3-524d-4c39-9fc7-c355730a4c8c_59010.jpg
59011,58,29.5,1.1,0,1.225,die_profile_images/.net_data/8fcfba70-e681-4347-9ec8-d554facc1aac_59011.jpg
59012,36,38,1,0,0.427,die_profile_images/.net_data/5744f648-654b-4be5-8c74-679637da5c19_59012.jpg
59013,34.5,7.6,0,0,0.553,die_profile_images/.net_data/3da854f7-bbbb-4bb9-87f4-4ecf4be703bb_59013.jpg
59014,9.9,32,0,0,0.662,die_profile_images/.net_data/feb27320-b292-4c56-92c3-ac06cb0070ec_59014.jpg
59015,9.9,27.28,0,0,0.596,die_profile_images/.net_data/363e2788-6ec9-4eb2-83ba-1949bd7f21bb_59015.jpg
59016,20.5,24.6,2.8,0,0.538,die_profile_images/.net_data/e707463f-8c12-4310-9dc6-92e4b57a52cf_59016.jpg
59017,24.4,4.5,0,0,0.258,die_profile_images/.net_data/9e55d615-c4df-4958-86b5-cdb130d9bebe_59017.jpg
59018,30.5,4.7,1.5,0,0.197,die_profile_images/.net_data/68aefcb8-5ce2-4cbb-9abc-408c234ba7fb_59018.jpg
59019,15,9,0,0,0.276,die_profile_images/.net_data/5be5b36c-a77f-435c-b836-73a9104650ca_59019.jpg
59020,50,9.1,4.2,0,0.727,die_profile_images/.net_data/d06b917a-d793-4aa5-b3e7-ee36a6beb62b_59020.jpg
59021,30,7,2.4,0,0.275,die_profile_images/.net_data/9c9ff65f-89fa-4a15-a958-c3fe0bb1e114_59021.jpg
59022,51,29.8,3,0,1.064,die_profile_images/.net_data/69259b48-15fc-4e86-a8db-105cc5cc757e_59022.jpg
59023,30,9,4,0,0.461,die_profile_images/.net_data/d6af9e5e-aebb-4b21-9c91-fe14eee3118e_59023.jpg
59024,41.8,18,1.5,0,0.276,die_profile_images/.net_data/0a0acc66-e2e6-470d-af12-7226c5dad3d7_59024.jpg
59025,12.24,37.6,2.84,0,0.814,die_profile_images/.net_data/817c15ac-5576-4568-a29b-b65c9c8ef28e_62176.jpg
59026,13.5,18,3.55,0,0.378,die_profile_images/.net_data/94ddb9c9-2d0e-4352-90aa-bb313def8540_27003.jpg
59027,28,15.8,2,0,0.35,die_profile_images/.net_data/35d4c93c-4537-4dbc-8cdd-40bb318dd27a_62163.jpg
59028,58.1,35.4,3,0,0.74,die_profile_images/.net_data/969e9918-9aad-4065-b44b-f684990a9873_62162.jpg
59029,54.2,39.6,2.8,0,0.788,die_profile_images/.net_data/08afd49a-2434-4555-90cb-935071ce2080_62164.jpg
59030,58.1,31.5,2,0,0.548,die_profile_images/.net_data/831b77dd-3ffa-4abb-aabe-5d56b89942b7_62162.jpg
59031,28,15.8,1,0,0.23,die_profile_images/.net_data/711adad6-c8d2-418d-8d59-e17e2e789557_62132.jpg
59032,21,10.5,0,0,0.482,die_profile_images/.net_data/da62100d-1d7d-4ae9-8138-de91f2dc52dd_62165.jpg
59033,52.5,43,3.7,0,1.056,die_profile_images/.net_data/f72b1d41-7274-4480-aad8-f3b0d6b9f909_62204.jpg
59034,19.8,8,0,0,1.518,die_profile_images/.net_data/0de563fa-3787-4b07-8c4b-ebe715824c1b_70101.jpg
59035,18.95,9.3,0.9,0,0.08,die_profile_images/.net_data/2aeb2a48-38e1-435c-a947-253caad24fbb_Door seal.jpg
59036,18.95,6.7,0.8,0,0.062,die_profile_images/.net_data/f8e975c5-5213-4d20-b64d-088d896ba2e5_Door seal.jpg
59037,45.18,9.2,1,0,0.29,die_profile_images/.net_data/b05aa362-7532-4cd7-b38b-d44ddfe2529b_62133.jpg
59038,57.94,19.9,0.9,0,0.351,die_profile_images/.net_data/10521ba1-ce11-4727-a0f5-1f69030989cf_59038.jpg
59039,38,12,0,0,1.212,die_profile_images/.net_data/eedffaac-1a07-4202-93d3-36d8fb031fab_59039.jpg
59040,32,12,0,0,1.018,die_profile_images/.net_data/beb15eef-93a3-46d7-bfd5-f20011f9548a_59040.jpg
59041,28.31,20.88,1.9,0,0.509,die_profile_images/.net_data/1a8f935d-4f27-47cf-96b2-9fe633cdaf33_59041.jpg
59042,35.1,11.8,2,0,0.851,die_profile_images/.net_data/daa88db4-cf58-4374-972d-7250f5cf7b6b_59042.jpg
59043,32,14.5,0,0,0.823,die_profile_images/2021/03/01/051432/59043.jpg
59044,33,11.8,0,0,1.018,die_profile_images/2021/04/05/033414/59044.jpg
59045,30.3,12.9,0,0,0.792,die_profile_images/2021/04/05/033623/59045.jpg
59046,43,20,0,0,0.451,die_profile_images/2021/04/05/033246/59046.jpg
59047,32,11.6,0,0,0.798,die_profile_images/2021/05/08/032203/59047.jpg
59048,9.5,32,5,0,0.741,die_profile_images/2021/04/29/045619/59048.jpg
59049,22.5,17,0,0,0.407,die_profile_images/2021/06/13/010504/59049.jpg
59050,23,22,0,0,0.498,die_profile_images/2021/06/16/042347/59050.jpg
59051,58.1,51.54,1.85,0,0.445,die_profile_images/2023/05/04/113122/59051.jpg
60001,50,7.4,0,0,0.83,die_profile_images/.net_data/82645470-4ab4-42b2-8ddc-bf4de6c8aba0_60001.jpg
60002,54.6,7.4,0,0,0.93,die_profile_images/.net_data/797f08ad-eb63-46e1-81fd-72b61a080b37_60002.jpg
60003,40,56,2,0,1.787,die_profile_images/.net_data/26830d2d-419a-4951-b189-6cf953a7a386_60003.jpg
60004,49.5,28,1.25,0,0.375,die_profile_images/.net_data/d93206ea-e354-4fd5-8828-05ef8608b647_60004.jpg
60005,51,20,0.9,0,0.142,die_profile_images/.net_data/efc4c8ff-f724-4e72-9a8c-3e474a888332_60005.jpg
60006,22,9.75,1.25,0,0.101,die_profile_images/.net_data/343f7f7b-1d50-489d-9f31-80695d5294fb_60006.jpg
60007,33,25,1.25,0,0.445,die_profile_images/.net_data/ad9c44db-c652-4dde-9749-b3c7db76e134_60007.jpg
60008,33.85,5,1.07,0,0.125,die_profile_images/.net_data/750cf0d3-fb4c-4b03-ad7e-1b52a76c3115_60008.jpg
60009,59.85,11,0.9,0,0.199,die_profile_images/.net_data/31ad78f1-48c2-4600-a731-d2a2e7bfbcfd_60009.jpg
60010,12.1,60.17,1.2,0,0.443,die_profile_images/.net_data/fc9b26c6-5c76-4179-9936-e68eb906177d_60010.jpg
60011,60,10,1.2,0,0.433,die_profile_images/.net_data/27f98e62-b91b-45fb-b38c-eb41b569cc46_60011.jpg
60012,59.75,4.07,0.95,0,0.204,die_profile_images/.net_data/70d9c34a-8d39-40d3-9917-ed4671ac2cb4_60012.jpg
60013,100,10.1,1,0,0.328,die_profile_images/.net_data/29225dfe-99a4-4a39-add7-fdbe85bab73a_60013.jpg
60014,60.25,60.25,1.25,0,0.898,die_profile_images/.net_data/ddbfc38c-ebae-41a3-9ec4-45d0da0d8784_60014.jpg
60015,83.5,55.5,1.2,0,1.04,die_profile_images/.net_data/f05caab4-c76b-4656-909b-13298bef0dfa_60015.jpg
60016,32,7.4,1.2,0,0.133,die_profile_images/.net_data/c212d356-147f-49a1-a7b4-cbe5acc2ca4a_60016.jpg
60017,11.5,77,1.35,0,0.55,die_profile_images/.net_data/2a0b03c7-d70f-421d-b73b-d2220297670e_60017.jpg
60018,45,81.2,1.3,0,0.6,die_profile_images/.net_data/3514cff1-e11c-4741-bf41-13a5c2467c7f_60018.jpg
60019,76,31,1.25,0,0.97,die_profile_images/.net_data/dc8e49a5-e927-4133-b4e0-0f30875a1498_60019.jpg
60020,50,41,1,0,0.431,die_profile_images/.net_data/d01b2e33-1f47-44f1-b8ce-b878f96d8078_60020.jpg
60021,81.2,39,1,0,0.984,die_profile_images/.net_data/03d03d7d-b7bc-42d7-bb4c-94a0bdbfc54b_60021.jpg
60022,24.5,4.7,1,0,0.092,die_profile_images/.net_data/5a669922-f665-4192-bab7-1fbd5d56eb34_60022.jpg
60023,25.6,19.3,1,0,0.237,die_profile_images/.net_data/116e19bb-5f6d-4ecb-a6af-6c7237d4ca91_60023.jpg
60024,25.5,19.3,1,0,0.232,die_profile_images/.net_data/5b23c75e-af65-4366-a22b-e975ea4636c4_60024.jpg
60025,85.3,14.5,1.5,0,0.978,die_profile_images/.net_data/0d80ae24-4f74-4796-97b8-7600c2b51878_60025.jpg
60026,32.2,18,1.3,0,0.364,die_profile_images/.net_data/1b887b8a-3250-467c-ace7-d4ef0c6178c4_60026.jpg
60027,22.6,4.2,1.2,0,0.083,die_profile_images/.net_data/03671c64-1148-48f8-a821-949502a2394a_60027.jpg
60028,32,12,1.5,0,0.207,die_profile_images/.net_data/e83aab38-cfa4-4955-ac22-a066bd95f07e_60028.jpg
60029,31.7,11,1,0,0.138,die_profile_images/.net_data/31178c80-4c06-4dde-80ae-2b10fd042fdc_60029.jpg
60030,32,32,1.2,0,0.474,die_profile_images/.net_data/c4856f12-d715-4f52-a920-8382cd40551b_60030.jpg
60031,100,82,1.2,0,1.535,die_profile_images/.net_data/9b9e02d8-d7cd-43a1-9db0-9e90e87f0881_60031.jpg
60032,104,93,1.2,0,1.687,die_profile_images/.net_data/a262f8e3-1684-40b1-b51c-7ad4106492e0_60032.jpg
60033,82.3,30,1.2,0,0.816,die_profile_images/.net_data/e50c495b-e1ac-4d8d-bf08-12d6296551ab_60033.jpg
60034,75.8,26,1.3,0,0.553,die_profile_images/.net_data/367af275-543d-4bd5-8614-91db7a2c9ce5_60034.jpg
60035,75.8,10.6,1,0,0.41,die_profile_images/.net_data/7b54d8e1-d141-4c9f-a744-d0667a231c5c_60035.jpg
60036,57,11.3,1.2,0,0.271,die_profile_images/.net_data/9cfdb0ee-31ef-4503-b89a-71909fb2452e_60036.jpg
60037,56.7,18.4,1.1,0,0.34,die_profile_images/.net_data/4d811200-f5ff-457d-8843-636bf047a851_60037.jpg
60038,65.5,22.8,1.4,0,0.437,die_profile_images/.net_data/d406de43-665a-44ca-94cd-bfd0b33ca388_60038.jpg
60039,31.6,16.3,1.4,0,0.28,die_profile_images/.net_data/303582cc-0148-49ae-ae5a-7efb45a23c01_60039.jpg
60040,76.2,27.7,2.3,0,0.704,die_profile_images/.net_data/d7491557-172f-4049-ada2-a6038ef2ecb6_60040.jpg
60041,85,23,1.5,0,0.612,die_profile_images/.net_data/0c76a163-a098-435b-bd11-d0122fb55fd2_60041.jpg
60042,85,20,1.5,0,0.899,die_profile_images/.net_data/de32de35-5a87-4b60-97b2-be3f3684e589_60042.jpg
60043,90,60,1.7,0,2.226,die_profile_images/.net_data/c989ffd4-29cc-4c29-bc44-bf8b106b1628_60043.jpg
60044,84.9,46.7,1.8,0,1.191,die_profile_images/.net_data/3d04fdf4-b0cf-43ea-8aab-595b8006689b_60044.jpg
60045,58,36,1,0,0.667,die_profile_images/.net_data/4c287e38-8892-4e23-b451-e0ed2f6270f4_60045.jpg
60046,28.8,39.8,1.5,0,0.241,die_profile_images/.net_data/75147859-f9ab-4fc9-bd6c-6deecbe6cbd9_60046.jpg
60047,45,6.5,3.15,0,0.415,die_profile_images/.net_data/f13c7013-73c0-4aaf-8770-bd56ae0ee731_60047.jpg
60048,32,6.85,0.95,0,0.142,die_profile_images/.net_data/4ca8bd1f-abb1-4038-ac65-245a3de2e05e_60048.jpg
60049,32,19,1.2,0,0.287,die_profile_images/.net_data/7086b1a6-4dcd-4009-8f22-13c2804e4231_60049.jpg
60050,50,24,1.6,0,0.784,die_profile_images/.net_data/f84ca2a2-535e-4a1a-882f-eec47f58908f_60050.jpg
60052,28.6,22.35,1.6,0,0.399,die_profile_images/.net_data/9037953d-833f-4540-9ab3-380f0dc99881_60052.jpg
60053,28.6,22.35,1.6,0,0.399,die_profile_images/.net_data/9ec348b4-ed6a-42aa-86d7-79865f590800_60053.jpg
60054,85.3,22.3,1.8,0,0.978,die_profile_images/.net_data/f3abd2f0-4692-4862-8512-68344067c108_60054.jpg
60055,84.9,23,1.5,0,0.862,die_profile_images/.net_data/8845ebfe-b3cf-4dbe-95fd-2323561f714a_60055.jpg
60056,90,45,1.5,0,1.636,die_profile_images/.net_data/fa16492d-8df6-4d5e-86b8-ed914ab6b6a8_60056.jpg
60057,90,45,1.5,0,2,die_profile_images/.net_data/33befe9d-8b5d-445c-8480-c025f004b31c_60057.jpg
60058,75.8,30.2,1.2,0,0.872,die_profile_images/.net_data/1dae1fd9-4f9e-4c38-bf44-eb75de368938_60058.jpg
60059,20.2,17.5,1.3,0,0.221,die_profile_images/2021/07/02/094622/60059.jpg
60060,75.77,10.6,1,0,0.273,die_profile_images/2021/07/02/112934/60060.jpg
60061,45,7.4,1.2,0,0.189,die_profile_images/2021/08/16/110309/60061.jpg
60062,43,90,1.5,0,1.305,die_profile_images/2021/10/18/034213/60062.jpg
60063,45,90,1.5,0,1.419,die_profile_images/2022/05/07/050254/60063.jpg
60064,81.2,37,1,0,0.87,die_profile_images/2023/09/01/103137/60064.jpg
60501,50,25,1.4,0,0.672,die_profile_images/2021/08/16/104748/60501.jpg
60502,50,25,1.4,0,0.515,die_profile_images/.net_data/d1408f6c-a4f2-46c4-a7a8-c82bf07466d9_60502.jpg
60503,15.3,20.1,1,0,0.175,die_profile_images/.net_data/f3aa9571-9814-41c1-ab57-d09656cdc3c7_60503.jpg
60504,50,23.1,1.2,0,0.299,die_profile_images/.net_data/0942b760-ecc8-44d2-b445-8c913c3bb505_60504.jpg
60505,100,20,1.4,0,1.14,die_profile_images/.net_data/a0e5e4c6-9050-4c2a-ade3-5b9ba0d37610_60505.jpg
60506,14.6,19,1.1,0,0.173,die_profile_images/.net_data/2cc3021b-73c2-4fe6-9306-c3287408ced4_60506.jpg
60507,99.1,48,2,0,2.19,die_profile_images/.net_data/a2d583e9-ef81-4198-89da-9ade458d5bd4_60507.jpg
60508,99.1,48,2,0,2.068,die_profile_images/.net_data/d0603a45-e1d8-4e72-8995-7365898aa3cb_60508.jpg
60509,44.3,7.3,0.9,0,0.145,die_profile_images/.net_data/1fa9193f-34d6-4065-b6f9-f2dd369e7a46_60509.jpg
60510,56.5,31.8,1,0,0.322,die_profile_images/.net_data/fe9a3562-2196-41fd-9aeb-fc589ebf75ac_60510.jpg
60511,40,100,1.7,0,1.489,die_profile_images/.net_data/7539bad8-f85a-45bc-8b40-bee4bf10de34_60511.jpg
60512,96,42,1.7,0,1.455,die_profile_images/.net_data/736862d4-dae2-4236-9b2c-bdf2d1f84374_60512.jpg
60513,20,5.3,0.8,0,0.066,die_profile_images/.net_data/af1287b9-9b7c-401b-9b1d-33c0617a7eea_60513.jpg
60514,54.3,35.2,4.1,0,1.852,die_profile_images/.net_data/a39bc238-c947-4c38-b35f-ebc29da66159_60514.jpg
60515,53,20,1.4,0,0.417,die_profile_images/.net_data/d8af758f-3d03-41b4-9323-38301e6db4b1_60515.jpg
60516,24.9,14.9,1.3,0,0.312,die_profile_images/.net_data/0dc8898b-7b36-4259-b6f5-97823288f48b_60516.jpg
60517,23.65,25,1.9,0,0.339,die_profile_images/.net_data/da4dbfb4-e41c-480d-b40b-3882535c32e3_60517.jpg
60518,25,25,1.35,0,0.446,die_profile_images/.net_data/08cab281-9367-44df-9b99-41c926f54d99_60518.jpg
60519,97.3,24,1.5,0,0.869,die_profile_images/.net_data/9883d483-cf7d-4f34-b93a-43a643798a67_60519.jpg
60520,100,25,1.5,0,1.08,die_profile_images/.net_data/082a7d5e-8e26-4d9d-8071-61451f76a941_60520.jpg
60521,25,3.9,1.35,0,0.179,die_profile_images/.net_data/c5d7b698-bf7f-4854-a9fb-8dedc1738275_60521.jpg
60522,58,9.5,0.95,0,0.196,die_profile_images/.net_data/cd0f56de-0de6-41d9-9976-4fc0ef370096_60522.jpg
60523,46.4,100,4,0,2.509,die_profile_images/.net_data/c0bee356-0443-40e9-ac35-cb18ea583379_60523.jpg
60524,40,20,1,0,0.267,die_profile_images/.net_data/b6708273-8e58-4412-b4ac-f0fa1636c34d_60524.jpg
60525,50,8,1,0,0.202,die_profile_images/.net_data/3e48580c-64cf-4222-bb9d-8f2ebb070d07_60525.jpg
60526,25,8.4,1.4,0,0.262,die_profile_images/.net_data/1acb5967-087a-4224-9372-1e76d54256c1_60526.jpg
60527,50,32.8,1.6,0,0.664,die_profile_images/.net_data/7b700aba-77fa-42d3-96a0-9eddf829feb7_60527.jpg
60528,30,25,3,0,0.603,die_profile_images/.net_data/017a9275-3ff3-4bcc-be64-01305f62f502_60528.jpg
60529,30,30,2,0,0.815,die_profile_images/.net_data/8a4deff5-ecac-434c-bddf-f6ccc7b5b782_60529.jpg
60530,149.5,5,2.1,0,0.883,die_profile_images/.net_data/2f53cacf-cba3-42b3-85b2-e88c1b0cffee_60530.jpg
60531,100,30,2.4,0,1.572,die_profile_images/.net_data/9e694eb5-500f-4dce-a868-729cc35f9671_60531.jpg
60532,24.3,17.7,1.9,0,0.2,die_profile_images/.net_data/5f21ed53-4b9a-4b50-ac40-303f0770b889_60532.jpg
60533,100,23.5,1.5,0,0.699,die_profile_images/.net_data/a994c1f2-f407-4ca5-b257-3efe27e149a0_60533.jpg
60534,100,97.2,1.7,0,1.78,die_profile_images/.net_data/911c262c-1c97-430a-a784-b11cdc4f19ed_60534.jpg
60535,100,25,1.5,0,0.903,die_profile_images/.net_data/fa094b2b-a3a2-491e-8aee-85bd3faeffdf_60535.jpg
60536,100,5.78,1.5,0,0.464,die_profile_images/.net_data/30cb8c2e-b28e-494b-bc89-523b3fd57932_60536.jpg
60537,22.26,29.8,3,0,0.376,die_profile_images/.net_data/767b930a-0937-4c56-9eb6-7f4e1a32207c_60537.jpg
60538,50,32.8,2,0,0.789,die_profile_images/.net_data/459f97fe-da56-4d46-8391-d550ba8d5d55_60538.jpg
60539,50,25,1.4,0,0.588,die_profile_images/.net_data/e1cfddf9-9b65-482f-936f-d4369f9aa676_60539.jpg
60540,50,25,1.4,0,0.485,die_profile_images/.net_data/e0a01fe9-180c-4f57-b39c-9f31044b29c4_60540.jpg
60541,88,81.5,1.5,0,1.849,die_profile_images/.net_data/558b8fe2-812d-476a-8d95-55e3bc4913fb_60541.jpg
60542,81.5,58,1.8,0,1.491,die_profile_images/.net_data/78fe2b37-d310-4699-a452-11f16048b293_60542.jpg
60543,77.8,48.2,1.6,0,0.815,die_profile_images/.net_data/3de5e9e0-2641-463d-90df-2f0fbfb3dd16_60543.jpg
60544,85,15.5,1.8,0,0.958,die_profile_images/.net_data/2608bae9-b4e3-481b-8f44-0761aa75edbb_60544.jpg
60545,81.5,40,1.8,0,1.136,die_profile_images/.net_data/c934bd26-384e-4dc3-b829-c57f4896802f_60545.jpg
60546,85,53,1.35,0,1.403,die_profile_images/.net_data/972dc1a8-3730-49dd-8954-376670369ac5_60546.jpg
60547,40,18,1,0,0.201,die_profile_images/.net_data/068b5e5f-c9b2-483d-a929-df4ee37490ed_60547.jpg
60548,85,12.48,1.5,0,0.595,die_profile_images/.net_data/83bc8cf3-68cb-4dbd-bbb6-a4d2107e8f78_60548.jpg
60549,85,20,1.5,0,0.893,die_profile_images/.net_data/7b257d93-5fcc-4e04-a33d-0e75a4efd1b9_60549.jpg
60550,85,45,1.5,0,0.827,die_profile_images/.net_data/f105bf9a-9a9f-4ba7-b790-581ee46670d4_60550.jpg
60551,17.3,11.65,0,1,0.146,die_profile_images/2023/05/06/023817/60551.jpg
60552,50,25,1.5,0,0.567,die_profile_images/2023/05/06/023959/60552.jpg
60553,100,25,2,0,1.27,die_profile_images/2024/06/02/060653/60553.jpg
60554,81.5,47.9,1.8,0,1.135,die_profile_images/2025/03/12/112021/60554.jpg
61101,15,6.5,0.6,0,0.057,die_profile_images/.net_data/282fd8d2-a138-455f-ad06-cd0a96c3d301_61101.jpg
61102,55,29,1.1,0,0.415,die_profile_images/.net_data/60f7bfb2-3945-46f2-8712-1fb27be6ae96_61102.jpg
61103,95,20,0.9,0,0.36,die_profile_images/.net_data/d32d0896-fd9b-4dd8-8184-325708de194c_61103.jpg
61104,55,9,1,0,0.315,die_profile_images/.net_data/85f3520b-f161-47f1-9a37-bbd8a5c4d38f_61104.jpg
61105,19.5,15,1,0,0.114,die_profile_images/.net_data/c0de04a1-ad54-4cb9-b705-dab856d7a984_61105.jpg
61106,19,16,1,0,0.122,die_profile_images/.net_data/693d3727-9ee8-430b-a957-4234435dd7cb_61106.jpg
61107,83.3,45,1.2,0,0.431,die_profile_images/.net_data/75be14cd-e3a4-484c-9a79-832328f21137_61107.jpg
61108,54.89,45.95,1.1,0,0.335,die_profile_images/.net_data/383628f8-5692-4efb-8ae9-eb43e8f65d7a_61108.jpg
61109,116.9,45,1.2,0,0.558,die_profile_images/.net_data/a22ba69a-f116-438c-adf9-4a1b2fdbf00e_61109.jpg
61110,32.6,3.6,1,0,0.145,die_profile_images/.net_data/19340f1e-5589-46a9-bd5b-9338f6c4f868_61110.jpg
61111,16,6.5,1.43,0,0.087,die_profile_images/.net_data/03134c26-2b67-4a97-9998-5227de5f0a5e_61111.jpg
61112,16.5,15.6,1.1,0,0.112,die_profile_images/.net_data/9c25cba6-101b-4932-a84a-82ed41f7c154_61112.jpg
61113,6.3,12.75,1.4,0,0.069,die_profile_images/.net_data/77b50d65-e5ca-4876-9ec4-b6e0b7b1d021_61113.jpg
61114,5.5,15.7,1,0,0.072,die_profile_images/.net_data/7ef9d2eb-cab4-4521-96d3-29598033c29c_61114.jpg
61115,16,5,1,0,0.08,die_profile_images/.net_data/8c5e9d53-7a46-4d24-a344-70e040dd2420_61115.jpg
61501,40,6.6,3.18,0,0.375,die_profile_images/.net_data/3da0d0c6-43b4-4231-afdb-ff5bbfb141c8_61501.jpg
61502,40,40,1.9,0,0.447,die_profile_images/.net_data/7128a538-a53c-43ad-8100-7cd658e74427_61502.jpg
61503,33,33,1.9,0,0.834,die_profile_images/.net_data/64b05807-67f1-4682-b53b-16f863872678_61503.jpg
61504,80,15,1.8,0,1.127,die_profile_images/.net_data/36213975-4523-4587-a53f-ca4e94af3cdb_61504.jpg
61505,76,29,2,0,0.892,die_profile_images/.net_data/80cccd75-3b77-4e47-93b2-30bbaf671aee_70173.jpg
63001,31.6,17.5,1.2,0,0.199,die_profile_images/.net_data/1b6c7b85-5728-4a42-a355-09d0cbffe0c1_66105.jpg
63002,31.6,17.5,1.2,0,0.243,die_profile_images/.net_data/85cb64c6-a182-402a-b317-dab128b45b46_66106.jpg
63003,63,25.5,1.2,0,0.745,die_profile_images/.net_data/c5589ea3-b897-47bd-ad3b-5ae794a67d5b_66113.jpg
63004,112,48.11,2,0,2.494,die_profile_images/.net_data/d1f3ab36-5736-48bb-956f-53fdfb8bd2b7_66112.jpg
63005,39.8,33.2,1.2,0,0.373,die_profile_images/.net_data/cffbcd2d-e1ad-4e44-9188-f6cbcebd92bb_66114.jpg
63006,50,40,1.25,0,0.762,die_profile_images/.net_data/084cfaf9-4b6d-459d-9fa8-02670f5a0f15_66115.jpg
63007,85.8,40,1.25,0,1.39,die_profile_images/.net_data/5968ce60-c3bf-45e0-a8f8-18cb967cf290_63007.jpg
63008,100,47,1.3,0,1.963,die_profile_images/.net_data/34653733-250b-4dac-b822-58996c133c03_66138.jpg
63009,25,16.1,1.5,0,0.257,die_profile_images/.net_data/b114e0d4-bd2d-462a-8527-118225297a26_66154.jpg
63010,74,34,1.8,0,1.257,die_profile_images/.net_data/a79d399c-45a4-4766-8863-ce572d0c06fb_66166.jpg
63011,42.6,41.7,1.3,0,0.442,die_profile_images/.net_data/0c6d8f20-92bb-498f-ab2e-cf4a249a4ff6_66167.jpg
63012,74,34,1.5,0,1.254,die_profile_images/.net_data/375303cb-0fb4-410e-8535-9f1297843ece_66168.jpg
63013,26.6,23.22,1.6,0,0.452,die_profile_images/.net_data/835e6265-c6d1-4e8c-bb5e-05fec2b4e51f_66169.jpg
63014,49.41,42.6,1.5,0,0.741,die_profile_images/.net_data/3b2c5179-b4ee-42d2-9995-8e27eb762e7d_66170.jpg
63015,23.7,23.5,1.5,0,0.3,die_profile_images/.net_data/99bae1c6-393b-4d41-90aa-d2d368e0acba_66171.jpg
63016,34.7,23.5,1.2,0,0.33,die_profile_images/.net_data/2aa731ee-5ada-4d49-92ad-c7def15aa72c_66172.jpg
63017,66,16,1.2,0,0.542,die_profile_images/.net_data/4e9ca24d-20b6-4870-a173-76e4feebd293_66173.jpg
63018,53.5,12,1.2,0,0.375,die_profile_images/.net_data/697cad08-09ae-488e-93ac-bc2b3d2be3d1_66174.jpg
63019,27,16.5,1,0,0.25,die_profile_images/.net_data/4b9909ff-85c7-4eb6-9c63-623a9ab4a6a5_66177.jpg
63020,24.5,15,1,0,0.195,die_profile_images/.net_data/4472f03b-3e30-4823-b7ec-613106e159f6_66178.jpg
63021,27,30.5,1,0,0.284,die_profile_images/.net_data/e770c7ba-7f7a-4f4b-9597-9a632cb4001b_66179.jpg
63022,27,7.5,1,0,0.2,die_profile_images/.net_data/bb797c1d-9d6f-4faa-b1ab-1bf6cc67ee19_66180.jpg
63023,29.28,9.45,2,0,0.241,die_profile_images/.net_data/3637346e-1dfc-4d47-8a97-c32bdb1e03fc_66194.jpg
63024,125.7,45,2,0,2.66,die_profile_images/.net_data/d17e5f7a-1109-4d68-99c6-4a362c39103c_66210.jpg
63025,20,41.14,1.3,0,0.27,die_profile_images/.net_data/a3e7c448-fda5-4ac2-ad90-236f32d46bca_66274.jpg
63026,90.7,28,2.5,0,1.309,die_profile_images/.net_data/c9f731be-2e05-4f02-90dc-f34317545009_66285.jpg
63027,80,45,2,0,1.93,die_profile_images/.net_data/fb3b9c76-d55b-4010-9785-4e4c5350b5c9_66287.jpg
63028,18.56,14.2,1,0,0.186,die_profile_images/.net_data/8ff46370-5061-41f6-9504-a459aae99007_63028.jpg
63029,33.3,38.8,1.2,0,0.33,die_profile_images/.net_data/e245339c-925b-4f5a-be49-e6d204a40a1c_66323.jpg
63030,22,22,1,0,0.224,die_profile_images/.net_data/c850adf9-39eb-49d7-9488-7a3b962b9f41_66383.jpg
63031,38.5,27,0.9,0,0.37,die_profile_images/.net_data/108cdee7-2a58-4afd-a49d-d8a0f257cd98_66384.jpg
63032,39.79,39.57,1.2,0,0.594,die_profile_images/.net_data/b78904b1-f492-4688-8db7-c980e044aa8e_66191.jpg
63033,29,65,1.3,0,0.891,die_profile_images/.net_data/530633a7-8330-4b57-8e87-6811afcf828f_63033.jpg
63034,28.75,3.85,1.85,0,0.158,die_profile_images/.net_data/ea4434ab-4d50-41f3-a235-e8281b901845_63034.jpg
63035,116.2,60,1.8,0,1.7,die_profile_images/.net_data/929b8c69-f68d-4538-a0a3-ac2489aba31e_66272.jpg
63036,60,26,1.7,0,1.14,die_profile_images/.net_data/1d818d90-bf5d-4143-b003-5fdc21115420_66273.jpg
63037,40.7,28,1.8,0,0.751,die_profile_images/.net_data/e521cb60-1ed2-460c-9544-1d2e8f7870c4_63037.jpg
63038,72,36,1.8,0,1.415,die_profile_images/.net_data/dbc65c04-5645-4d51-b24e-49b54633b50d_66284.jpg
63039,80,36,1.8,0,1.459,die_profile_images/.net_data/9f9608b7-c95c-4d18-a864-7b2212ac5a6d_66286.jpg
63040,8.1,15.72,1.5,0,0.175,die_profile_images/.net_data/394c9d52-781c-4268-8e90-8b867d5d72c9_63040.jpg
63041,38.5,23,0.85,0,0.336,die_profile_images/.net_data/410126af-c240-4bd5-8b79-d41c58c4b491_70114.jpg
63042,40.5,19,0.85,0,0.117,die_profile_images/2022/05/14/044742/63043_2.jpg
63043,40.5,19,0.9,0,0.289,die_profile_images/.net_data/366e3f8a-8e95-4f40-8e64-ef5041ed2e1e_70116.jpg
63044,12.99,17.79,1,0,0.15,die_profile_images/.net_data/348eb74d-ee88-4667-990a-fdd022cce2ae_70117.jpg
63045,29,65,1.3,0,0.795,die_profile_images/.net_data/088f5155-6d85-46b8-a65d-a9156f224ebd_70118.jpg
63046,50,47.69,1.4,0,1.097,die_profile_images/.net_data/d1ba82e0-d136-439f-bc62-0e64c164bc2d_70119.jpg
63047,19.4,4.4,2.5,0,0.13,die_profile_images/.net_data/e6ada3c9-6611-4a1a-a68f-0a6495fd37a6_70120.jpg
63048,45.4,28,1.8,0,0.837,die_profile_images/.net_data/7052d2a9-fecb-4d5d-90b5-6eac0d19ef40_63048.jpg
63049,101,40,1.2,0,1.599,die_profile_images/.net_data/c7e550c7-65ab-4f71-b400-58482a784c86_63049.jpg
63050,114.2,47.69,1.4,0,1.81,die_profile_images/.net_data/1ad8d777-c825-4e52-ad12-7073113559df_63050.jpg
63051,120,60,2,0,2.213,die_profile_images/.net_data/284ae8ac-1d2d-445f-b9e6-05009173fd94_63051.jpg
63052,25,64.1,1.3,0,0.675,die_profile_images/2021/06/21/040327/63066.jpg
63053,20.6,27.65,4.3,0,0.825,die_profile_images/.net_data/604d97af-6f9d-4911-ae8f-8c6de0357838_63053.jpg
63054,55,26,1.3,0,0.684,die_profile_images/.net_data/27cec548-8f7b-4238-aacd-b1e6a9d212d6_63054.jpg
63055,65.29,26,1.2,0,0.764,die_profile_images/.net_data/c735a4ff-0c93-461f-afee-2f3d569fadd6_63055.jpg
63056,35.89,21,1.3,0,0.426,die_profile_images/.net_data/33bf035a-07fa-4f9a-aafd-b367f80014cf_63056.jpg
63057,71.86,21,1.2,0,0.811,die_profile_images/.net_data/e3d660d9-726b-4f7f-9f0d-a36a4073410a_63057.jpg
63059,5.2,13.5,5,0,0.163,die_profile_images/.net_data/bda6d59e-fc59-4936-84c4-2716ef7fdc4d_63059.jpg
63060,10.57,9,1.5,0,0.423,die_profile_images/.net_data/0bda314b-1918-4e6c-b5fd-60ce620b016f_63060.jpg
63061,120,90,2,0,2.55,die_profile_images/.net_data/e6566aed-4c47-484a-b9ad-a36920a96e3b_63061.jpg
63062,25.93,9,1.5,0,0.172,die_profile_images/.net_data/286d5853-3d96-4e56-9033-4be06d217ce7_63062.jpg
63063,45.79,21,1.3,0,0.591,die_profile_images/.net_data/c989e62f-4e82-466b-9c1e-86f83d7239ce_63063.jpg
63064,171.4,44.7,1.8,0,3.475,die_profile_images/2021/04/08/094845/63064.jpg
63065,32,25.55,1.9,0,0.42,die_profile_images/.net_data/075b1a8a-5875-4f1a-8680-314823e98f68_63065.jpg
63066,65.29,26,1.3,0,0.776,die_profile_images/.net_data/296e88b0-5979-430c-bffa-68d0209f684d_63066.jpg
63067,55,36,1.8,0,0.977,die_profile_images/2021/05/14/042135/63067.jpg
63068,111.58,8,0.85,0,0.608,die_profile_images/2021/08/16/102659/63068.jpg
63069,24.75,14.75,0.85,0,0.176,die_profile_images/2021/08/16/104219/63069.jpg
63070,29,66,1.3,0,0.859,die_profile_images/2022/03/24/040734/63070.jpg
63071,73,45,1.6,0,1.738,die_profile_images/2022/03/24/041417/63071.jpg
63072,115,45,2,0,2.582,die_profile_images/2022/03/24/053258/63072.jpg
63073,71.95,25.2,1.5,0,0.981,die_profile_images/2022/03/24/052659/63073.jpg
63074,28.68,13.51,1.5,0,0.184,die_profile_images/2022/03/24/042117/63074.jpg
63075,40.45,25.2,1.5,0,0.645,die_profile_images/2022/03/24/041955/63075.jpg
63076,49.89,25.2,1.5,0,0.759,die_profile_images/2022/03/24/042851/63076.jpg
63077,38.89,47.18,1.5,0,0.645,die_profile_images/2022/08/03/041230/63077.jpg
63078,38.89,38.09,1.5,0,0.4,die_profile_images/2022/08/03/041519/63078.jpg
63079,8.96,4.23,0.75,0,0.033,die_profile_images/2022/11/11/044833/63079.jpg
63080,38.6,21.57,1.2,0,0.311,die_profile_images/2023/04/07/115452/63080.jpg
63081,38.6,21.57,1.2,0,0.295,die_profile_images/2023/04/07/115947/63081.jpg
63082,52.65,16.96,1.3,0,0.326,die_profile_images/2023/04/07/120248/63082.jpg
63501,62,40.5,1.3,0,1.117,die_profile_images/.net_data/f8338da7-e9fa-497c-b0da-3f1a5623b840_63501.jpg
63502,12,6.3,1,0,0.07,die_profile_images/.net_data/b9cf93d3-7d06-44e3-ba7d-4f6eb3938f31_63502.jpg
63503,97.7,44.2,1.3,0,1.571,die_profile_images/.net_data/d6318ec0-f005-413e-ac6d-711620455ebb_63503.jpg
63504,61,23.8,1.9,0,0.86,die_profile_images/.net_data/4be2ef3d-6183-4f76-9da3-96eaa651f42d_63504.jpg
63505,54,29,1.5,0,0.814,die_profile_images/.net_data/e471c5c7-6d7a-479f-92fb-468d3b567a98_63505.jpg
63506,54,25.5,1.5,0,0.756,die_profile_images/.net_data/5bb1a562-173f-44be-831c-fa3911f6c357_63506.jpg
63507,29,20.2,1.4,0,0.282,die_profile_images/.net_data/db50c231-e223-4b5e-b09a-46e33702cf43_63507.jpg
63508,36.8,23.8,2,0,0.683,die_profile_images/.net_data/562293c1-b3f8-4bf1-8c04-41e29ffe6dc9_63508.jpg
63509,85,21.8,1.9,0,1.159,die_profile_images/.net_data/59b70d6c-845d-4e47-83a3-c7f3bd7742b9_63509.jpg
63510,36.3,21.8,1.4,0,0.607,die_profile_images/.net_data/548efbec-f8f3-437e-b1b0-93784f6af9bf_63510.jpg
63511,65,29,1.5,0,0.906,die_profile_images/.net_data/6f6ae30c-3c01-4086-a5f9-429e86da4445_63511.jpg
63701,67,20,1.5,0,0.606,die_profile_images/.net_data/388ab498-e911-435d-9375-5f26005d48f1_63701.jpg
63702,27,24,2.5,0,0.494,die_profile_images/.net_data/04122518-1811-4482-b9b4-684fc617a284_63702.jpg
63703,40,14,1,0,0.224,die_profile_images/.net_data/b4d78524-2c33-424a-a9fa-f702304a7163_63703.jpg
63704,43,23,2.5,0,0.734,die_profile_images/.net_data/15fbbac0-229b-4a53-b497-cd806a3c7e04_63704.jpg
63705,25.75,25,2.5,0,0.734,die_profile_images/.net_data/9626fa13-e8af-435f-90bf-4cc84d47beb1_63705.jpg
63706,84.1,42,2,0,1.209,die_profile_images/.net_data/2fca459a-5ae8-4e47-8308-c130463c3a5c_63706.jpg
63707,77.6,36,2,0,1.059,die_profile_images/.net_data/3420dac7-3dba-44d4-b8e9-9f9e76196971_63707.jpg
63708,55.5,35,3.5,0,0.747,die_profile_images/.net_data/8f21fdf7-b9ef-4202-9e3a-f0788c150619_63708.jpg
63709,25,2.53,0,0,0.143,die_profile_images/.net_data/40e29b80-4feb-4ccd-b488-8d5ea5778515_63709.jpg
63710,124.9,39.96,1.17,0,1.268,die_profile_images/.net_data/60234472-461c-493e-a8c0-eb5f0a2ca2e4_63710.jpg
64001,18.7,56.1,2,0,0.492,die_profile_images/.net_data/a5427ae4-5a4d-4bc9-8ba7-1e9c833241f2_64001.jpg
64002,32.6,51.2,1.2,0,0.511,die_profile_images/.net_data/6a732e77-7ea0-4cad-9435-150a2048cc89_64002.jpg
64003,38.5,55,1.5,0,0.603,die_profile_images/.net_data/3de3a5d6-49ca-4761-a822-9981db330d5f_64003.jpg
64004,105,46,1.5,0,1.374,die_profile_images/.net_data/250d6cef-574b-4ebc-b68e-cd1d90f155a1_64004.jpg
64005,20,6,1,0,0.158,die_profile_images/.net_data/a8e9ef11-6c14-4f31-8f1e-546f2efcc018_64005.jpg
64006,14,17.2,1.2,0,0.189,die_profile_images/.net_data/b90bb067-e39a-4a59-bfa0-d87dd869d517_64006.jpg
64007,23,17.2,1.2,0,0.238,die_profile_images/.net_data/1f1ccc4e-16e9-4a14-a2cc-92d56eab7043_64007.jpg
64008,65,24,1.3,0,0.673,die_profile_images/.net_data/c6d36738-f07a-41f9-92bd-4857675d063f_64008.jpg
64009,65,23.8,2.8,0,1.113,die_profile_images/.net_data/93ab3356-c654-482f-b395-8b3e6c7e545a_64009.jpg
64010,65,10,2.8,0,0.817,die_profile_images/.net_data/113babfc-01bd-4e7d-a4ce-9cedafe35149_64010.jpg
64011,5,10.4,1.5,0,0.07,die_profile_images/.net_data/2b219a4f-e2b6-40b3-a35a-d6076c175896_64011.jpg
64012,51.5,63.8,2,0,0.8,die_profile_images/.net_data/09a57789-b6d7-435c-b1cd-e4d16a94bf5e_64012.jpg
64013,51.5,147.8,2,0,1.132,die_profile_images/.net_data/510a4fb2-a8b2-4299-bfaa-d7bf8c711c31_64013.jpg
64014,69.8,39.5,1.4,0,1.5,die_profile_images/.net_data/fce608d5-4ff4-439f-a28d-1d5e63b0784e_64014.jpg
64015,109.8,39.5,1.4,0,1.826,die_profile_images/.net_data/5b2150d9-832c-422c-90a8-04fbdfd50cdb_64015.jpg
64016,38.9,25,1.5,0,0.665,die_profile_images/.net_data/1463584c-d865-4957-84b4-7259efc5737b_64016.jpg
64017,64.5,25,1.5,0,0.876,die_profile_images/.net_data/87c70e2e-b823-46ed-9926-4d8dbcc363b9_64017.jpg
64018,11,9.7,1,0,0.098,die_profile_images/.net_data/c82ffe9b-1be0-4f19-bc9e-12ef5f4f67db_64018.jpg
64019,31,65,1.4,0,0.965,die_profile_images/.net_data/00b26571-23df-4de8-8423-1313c6136265_64019.jpg
64020,38.4,28.3,1.4,0,0.663,die_profile_images/.net_data/08d3010b-434b-4436-af01-6f95e74e1045_64020.jpg
64021,56,34.3,1.5,0,0.883,die_profile_images/.net_data/1392e542-065f-452f-8b0b-a4fc70c4aad5_64021.jpg
64022,100.5,50,1.8,0,1.727,die_profile_images/.net_data/2f913876-7d34-41af-b497-46ab10b9d4b0_64022.jpg
64023,100.5,40,1.8,0,2.53,die_profile_images/.net_data/82747a8e-997b-481e-b2be-8ad4c4e1eeef_64023.jpg
64024,36,50,1.8,0,0.96,die_profile_images/.net_data/7f9e0e6b-ba1d-4d4d-8033-ae2205bdfe92_64024.jpg
64025,24,62.6,1.5,0,0.76,die_profile_images/.net_data/e80728d4-d000-42da-b8c0-2a67074d14c1_64025.jpg
64026,61,52.8,1.8,0,1.29,die_profile_images/.net_data/f8186e2f-a3d9-4452-b032-f04762bda8f8_64026.jpg
64027,42,10.3,0,0,0.99,die_profile_images/.net_data/3475dca0-b490-49f3-bed0-8db7c3693a38_64027.jpg
64028,45,39.2,1.8,0,1.06,die_profile_images/.net_data/0129fd54-426e-4f0a-94d9-78ad41342ac3_64028.jpg
64029,50,47,2,0,1.16,die_profile_images/.net_data/116a8075-3690-4ade-8ea2-012f31e2fbf8_64029.jpg
64030,81.4,28.4,1.4,0,1.14,die_profile_images/.net_data/fc12c4fa-a36d-4427-99ce-e8cbf2b555ac_64030.jpg
64031,32,20.2,1.5,0,0.278,die_profile_images/.net_data/3ff76966-a1a7-4172-bc94-755c734d5554_64031.jpg
64032,47,11.3,1.8,0,0.38,die_profile_images/.net_data/fd88e62b-1f45-457b-acd5-cc09c75f61a3_64032.jpg
64033,130.5,50,2,0,2.408,die_profile_images/.net_data/e76aa27f-b323-48e6-933f-b3ff8213ed88_64033.jpg
64034,27,18.5,1.5,0,0.24,die_profile_images/.net_data/524d75ba-4014-46d4-941d-034013c024bf_64034.jpg
64035,17.5,5.9,3.7,0,0.18,die_profile_images/.net_data/77d02ea2-0701-434a-9249-4d8fdaf80f34_64035.jpg
64036,60,60,9.3,0,2.33,die_profile_images/.net_data/71afc3cf-79b6-4984-a50b-00a4d0f643f9_64036.jpg
64037,50,13.3,1.5,0,0.3,die_profile_images/.net_data/a17898f9-3bc6-447b-8050-9e9bf7792a6c_64037.jpg
64038,36,21,1.8,0,0.589,die_profile_images/.net_data/089bdfd5-1137-4653-b553-017a3228ed11_64038.jpg
64039,31,65.7,1.4,0,1,die_profile_images/.net_data/6e91ebf7-aeb0-4424-b7c6-218331acc6fb_64039.jpg
64040,81.4,28.4,1.8,0,1.154,die_profile_images/.net_data/37e6c15c-a9ba-4962-8b31-e9ad9d7d48cb_64040.jpg
64041,27.2,51.3,2,0,1.3,die_profile_images/.net_data/8eea4d3c-6d98-421f-92c8-207779c8711e_64041.jpg
64042,54,30,1.4,0,0.731,die_profile_images/.net_data/abf92cc9-5610-4908-aaaf-24f6a86f91b4_64042.jpg
64043,50,59.7,3,0,1.112,die_profile_images/.net_data/b33901d4-1db6-4bc1-a4bb-4714e15dd58f_64043.jpg
64044,4.6,12,0,0,0.133,die_profile_images/.net_data/f89f5350-e08e-4ab4-a097-fc9036409390_64044.jpg
64045,27,54,1.4,0,0.749,die_profile_images/.net_data/b4b70934-0312-4da3-b42d-ccfec95c3a3c_64045.jpg
64046,101,28.4,1.5,0,1.349,die_profile_images/.net_data/fa70e0be-f68f-4687-bf76-c3f333bf3416_64046.jpg
64047,65.6,31.2,1.5,0,1.037,die_profile_images/.net_data/89c1ceca-d054-4050-8036-a38eeac1cc79_64047.jpg
64048,39,40,2.5,0,0.722,die_profile_images/.net_data/53e8bca7-10bf-4941-acef-8c5cf61b9f02_64048.jpg
64049,16,23.1,2,0,0.279,die_profile_images/.net_data/08dca5d4-9831-41cd-95cd-868526b0e770_64049.jpg
64050,71.7,44.5,1.4,0,1.545,die_profile_images/.net_data/ab62a5bb-2656-4213-819c-2f264adc1f1a_64050.jpg
64052,19.3,16.6,1.3,0,0.284,die_profile_images/.net_data/b422f8f3-5864-4f66-8d01-438272347ba7_64052.jpg
64053,112.7,44.5,1.4,0,2.28,die_profile_images/.net_data/e0760283-8bca-40d0-9012-1332fa3cf852_64053.jpg
64054,68.7,39.3,1.2,0,0.849,die_profile_images/.net_data/7f6acd23-bd01-4e9b-8dd1-44e62e23c5cf_64054.jpg
64055,41.8,33,2.5,0,0.555,die_profile_images/.net_data/c434a687-4b23-4ed8-a3bc-0aaff43d79b2_64055.jpg
64056,60,39.7,2,0,0.708,die_profile_images/.net_data/6a3d2ac5-3163-46cb-997a-f888ae76f150_64056.jpg
64057,39.9,16.8,2.5,0,0.512,die_profile_images/.net_data/173b7511-9ba9-4150-8db8-57caf60b0d05_64057.jpg
64058,40,25,1.2,0,0.512,die_profile_images/2021/03/20/053938/64058.jpg
64059,149.9,40,1.6,0,3.55,die_profile_images/2023/12/29/105900/64059.jpg
64060,149.9,50,1.6,0,2.405,die_profile_images/2023/12/29/110222/64060.jpg
64501,28,11.14,1.1,0,0.215,die_profile_images/2022/07/02/031234/64501.jpg
64502,49.2,54.92,1.2,0,0.861,die_profile_images/2022/07/02/031343/64502.jpg
64503,34.9,7.65,1,0,0.278,die_profile_images/2022/07/02/031503/64503.jpg
64504,17.5,17.5,1,0,0.215,die_profile_images/2022/07/02/031611/64504.jpg
64505,72.9,17.5,1.45,0,0.483,die_profile_images/2022/07/02/031707/64505.jpg
64506,44.9,8,1,0,0.352,die_profile_images/2022/07/02/031812/64506.jpg
64507,24.7,7.7,0.8,0,0.117,die_profile_images/2023/01/06/094120/64507.jpg
64508,31.9,18,1.1,0,0.241,die_profile_images/2022/07/02/032017/64508.jpg
64509,58.44,8,1,0,0.411,die_profile_images/2022/07/02/032121/64509.jpg
64510,19.25,10.6,0.8,0,0.244,die_profile_images/2022/08/24/105017/64510JPG.jpg
64511,5.6,6,0,0,0.028,die_profile_images/2022/08/24/105107/64511JPG.jpg
64512,31,10.4,8,0,0.226,die_profile_images/2022/08/24/105204/64512JPG.jpg
64513,19,12,5,0,0.133,die_profile_images/2022/11/11/050001/64513.jpg
64601,84.17,95,5,0,5.055,die_profile_images/2024/05/24/094950/64601.jpg
64701,6.8,28.9,1.5,0,0.196,die_profile_images/2024/05/24/093617/64701.jpg
64801,42.5,29,1.2,0,0.68,die_profile_images/2024/11/06/052829/64801.jpg
64802,59,22.26,1.2,0,0.476,die_profile_images/2024/11/06/053038/64802.jpg
64803,49.68,10.6,1,0,0.368,die_profile_images/2024/11/06/053209/64803.jpg
64804,42.2,34.17,1.5,0,0.652,die_profile_images/2024/11/06/053338/64804.jpg
64805,44.5,11.9,1.5,0,0.341,die_profile_images/2024/11/06/054118/64805.jpg
64806,54.8,56,1.3,0,0.754,die_profile_images/2024/11/06/054818/64806.jpg
64807,34.26,34.17,1.49,0,0.598,die_profile_images/2024/11/06/055311/64807.jpg
64808,128,49.45,1.72,0,2.072,die_profile_images/2024/11/06/055442/64808.jpg
64808,128,49.45,1.72,0,2.072,die_profile_images/2024/11/06/055446/64808.jpg
64809,54,47.8,2,0,1.241,die_profile_images/2024/11/06/055621/64809.jpg
64810,33.84,11.82,2.8,0,0.228,die_profile_images/2024/11/06/055808/64810.jpg
65001,84.5,16,1.1,0,0.633,die_profile_images/.net_data/773772e3-44a9-414f-8aeb-c9e503e07c4a_65001.jpg
65002,65,7.3,2,0,0.491,die_profile_images/.net_data/d4f4532f-0bb7-4095-9044-5f776b6d01da_65002.jpg
65003,85,13.5,1.2,0,0.759,die_profile_images/.net_data/47a0048c-6760-40e6-9218-f6cd455bdfb3_65003.jpg
65004,50,16,3,0,0.99,die_profile_images/.net_data/2ea94e8d-f789-495e-95a4-939895401fc5_65004.jpg
65005,125,18,3,0,2.22,die_profile_images/.net_data/9e10fe55-6aa7-4d74-af8b-469f8316e777_65005.jpg
65006,117,18,1.8,0,1.48,die_profile_images/.net_data/a6ba108d-87d0-4949-9a0f-b9b537982559_65006.jpg
65007,111,85,2.5,0,2.634,die_profile_images/.net_data/52eaff60-2341-488f-90ae-604e25b1ad28_65007.jpg
65008,90,34,2.5,0,1.662,die_profile_images/.net_data/293c72b5-c125-4ebe-9a38-6b37cb22cc9b_65008.jpg
65009,85,13.5,1.5,0,0.772,die_profile_images/2022/05/23/111135/65009.jpg
65101,100,40,2,0,1.514,die_profile_images/.net_data/e5517e03-4804-4974-b52a-d3834b6aa26f_65101.jpg
65102,108,40,2,0,1.036,die_profile_images/.net_data/742089e6-8349-45ff-a4dc-9ecfbbee0bf1_65102.jpg
65103,115,21.8,1,0,0.881,die_profile_images/.net_data/29fb046a-6724-4e9a-8e4b-740b5a53b75b_65103.jpg
65104,27.59,22.58,1.5,0,0.45,die_profile_images/2024/09/05/053623/65104.jpg
65105,20.17,22.58,1.5,0,0.481,die_profile_images/2024/09/05/055031/65105.jpg
65201,45,64,2,0,1.595,die_profile_images/.net_data/b1ffa3b1-67e6-491a-bf8f-125b0fc3bb7c_65201.jpg
65251,100,9,1.5,0,0.761,die_profile_images/2022/03/24/043028/65251.jpg
65301,50,34,24,0,1.079,die_profile_images/2023/08/09/115244/65301.jpg
65351,71.73,11.29,4,0,1.167,die_profile_images/2024/06/24/052701/65351.jpg
65352,71.2,16.93,5.42,0,1.707,die_profile_images/2024/06/24/052826/65352.jpg
65401,36,36,1.5,0,0.867,die_profile_images/2022/04/27/043809/65401.jpg
65402,105,50,2.5,0,4.815,die_profile_images/2022/07/16/123606/65402.jpg
65403,16.47,10,5,0,0.296,die_profile_images/2022/08/16/052233/65403JPG.jpg
65404,70,10,2,30,0.55,die_profile_images/2022/08/16/052408/65404JPG.jpg
65405,50,43.97,1.5,0,0.801,die_profile_images/2023/03/01/021035/65405.jpg
65406,81,46,2.5,0,2.886,die_profile_images/2023/06/30/023225/65406.jpg
65407,42,42,1.5,0,0.721,die_profile_images/2023/06/30/023338/65407.jpg
65408,84,55,2.2,0,2.96,die_profile_images/2023/11/28/045621/65408.jpg
65409,110,55,2.5,0,3.877,die_profile_images/2023/12/27/053349/65409.jpg
65410,40,40,2,0,0.885,die_profile_images/2023/12/27/053556/65410.jpg
65411,24,22,2,0,0.341,die_profile_images/2024/02/04/120715/65411.jpg
65412,100.4,90.6,5,0,9.303,die_profile_images/2024/02/10/111735/65412.jpg
65413,114,72,3,0,7.497,die_profile_images/2024/02/10/111929/65413.jpg
65414,21.6,8.5,2,0,0.181,die_profile_images/2024/02/10/112058/65414.jpg
65415,36.9,42.5,1.6,0,0.717,die_profile_images/2024/02/10/112828/65415.jpg
65416,27.6,25,1.6,0,0.293,die_profile_images/2024/02/10/113803/65416.jpg
65417,41.08,10.77,1.5,0,0.267,die_profile_images/2024/02/10/114022/65417.jpg
65418,116.1,21.62,1.5,0,0.671,die_profile_images/2024/02/10/114157/65418.jpg
65419,63,9.5,1.5,0,0.363,die_profile_images/2024/02/10/114910/65419.jpg
65420,117.4,80.4,6.6,0,2.114,die_profile_images/2024/02/10/115224/65420.jpg
65421,114.6,25.2,1.5,0,0.679,die_profile_images/2024/02/10/115351/65421.jpg
65422,103.8,98.5,6.6,0,2.107,die_profile_images/2024/02/10/115645/65422.jpg
65423,101.3,34.6,1.3,0,0.602,die_profile_images/2024/02/10/115829/65423.jpg
65424,47,44.96,1.6,0,1.109,die_profile_images/2024/02/10/120111/65424.jpg
65425,110,55,2.51,0,3.78,die_profile_images/2024/02/10/120306/65425.jpg
65701,38.74,10.12,1.5,0,0.206,die_profile_images/2024/02/04/040939/65701.jpg
65702,45,16,2,0,0.545,die_profile_images/2024/02/04/041054/65702.jpg
65703,16,16,1.2,0,0.257,die_profile_images/2024/05/25/122204/65703.jpg
65704,44,16,1.2,0,0.567,die_profile_images/2024/04/10/102847/65704.jpg
65705,74.5,13.34,1.2,0,0.333,die_profile_images/2024/04/10/103123/65705.jpg
65706,39.5,33.4,2.4,0,0.88,die_profile_images/2024/04/10/103256/65706.jpg
65707,44,29.9,2,0,1.022,die_profile_images/2024/04/10/103348/65707.jpg
65708,44,29.9,2,0,1.256,die_profile_images/2024/04/10/103511/65708.jpg
65709,61.07,6.76,1.2,0,0.31,die_profile_images/2024/04/10/103622/65709.jpg
65710,14.8,56,1.3,0,0.495,die_profile_images/2024/04/10/103914/65710.jpg
65711,81.2,38,1.4,0,0.683,die_profile_images/2024/04/10/104041/65711.jpg
65712,24.8,14.8,1.2,0,0.306,die_profile_images/2024/04/10/104149/65712.jpg
65713,20.5,14.8,1.2,0,0.237,die_profile_images/2024/04/10/104244/65713.jpg
65714,39.02,33.96,1.2,0,0.767,die_profile_images/2024/04/10/104332/65714.jpg
65715,25.1,24.5,1.2,0,0.562,die_profile_images/2024/04/10/104511/65715.jpg
65716,24.4,2.7,1.3,0,0.076,die_profile_images/2024/06/02/053127/65716.jpg
65717,50,50,3.9,0,2.134,die_profile_images/2024/06/03/040831/65717.jpg
65718,30,19.5,2.3,0,0.421,die_profile_images/2024/06/03/041312/65718.jpg
65719,34.8,50,6.7,0,1.259,die_profile_images/2024/06/03/041720/65719.jpg
65720,64.2,50,5.5,0,2.714,die_profile_images/2024/06/03/041902/65720.jpg
65721,30,18.2,2.2,0,0.252,die_profile_images/2024/06/03/042049/65721.jpg
65722,30,22,1.9,0,0.471,die_profile_images/2024/06/03/042258/65722.jpg
65723,18.5,14,1.4,0,0.151,die_profile_images/2024/06/03/042428/65723.jpg
65724,50,50,5.5,0,1.678,die_profile_images/2024/06/03/042549/65724.jpg
65725,50,16,2,0,0.675,die_profile_images/2024/06/03/034837/65725.jpg
65726,40,25.88,1.5,0,0.35,die_profile_images/2024/06/05/051629/65726.jpg
65727,42.3,16,1.5,0,0.29,die_profile_images/2024/06/05/053029/65727.jpg
65728,51,5,1.2,0,0.245,die_profile_images/2024/06/05/053241/65728.jpg
65729,45,5,1.2,0,0.225,die_profile_images/2024/06/05/054425/65729.jpg
65730,34,3,1,0,0.129,die_profile_images/2024/06/05/055114/65730.jpg
65731,40,16,1.35,0,0.264,die_profile_images/2024/06/05/055502/65731.jpg
65732,34.6,16.8,1.5,0,0.332,die_profile_images/2024/07/26/115731/65732.jpg
65733,40,32,1.35,0,0.46,die_profile_images/2024/07/26/120409/65733.jpg
65735,44.8,47,2.8,0,1.362,die_profile_images/2024/07/26/122511/65735.jpg
65736,37,35,1.4,0,0.746,die_profile_images/2024/07/26/121911/65736.jpg
65737,37.7,12.5,1.5,0,0.45,die_profile_images/2024/07/26/121029/65737.jpg
65738,40,21,1.2,0,0.25,die_profile_images/2024/07/26/121251/65738.jpg
65739,16.8,3,1.4,0,0.074,die_profile_images/2024/07/26/120721/65739.jpg
65740,44.8,41,2.52,0,1.225,die_profile_images/2024/07/26/122221/65740.jpg
65741,90.8,41,2.5,0,2.145,die_profile_images/2024/07/26/124154/65741.jpg
65742,136.8,41,1.8,0,3.262,die_profile_images/2024/06/24/115410/65742.jpg
65743,52,21,1.2,0,0.61,die_profile_images/2024/06/24/115057/65743.jpg
65744,21,21,1.2,0,0.38,die_profile_images/2024/06/24/113956/65744.jpg
65745,21,6,2,0,0.3,die_profile_images/2024/06/24/113547/65745.jpg
65746,8.5,15,1.2,0,0.12,die_profile_images/2024/07/26/121509/65746.jpg
65747,12.5,18,1.2,0,0.184,die_profile_images/2024/07/21/031910/65747.jpg
65748,31,9,1.19,0,0.375,die_profile_images/2024/07/26/021703/65748.jpg
65749,36.8,35,2.4,0,0.821,die_profile_images/2024/09/13/114242/65749.jpg
65750,37,18,2,0,0.751,die_profile_images/2024/09/13/060319/65750.jpg
65751,68,16.6,1.2,0,0.354,die_profile_images/2025/01/10/100944/65751.jpg
66002,43.7,7.6,1.1,0,0.179,die_profile_images/.net_data/a33f9157-a064-4473-945e-fa745882bf29_66002.jpg
66004,11,14.2,1,0,0.054,die_profile_images/.net_data/dd399a52-4b7a-4602-8e18-572c891010ca_66004.jpg
66005,20,5.5,1.3,0,0.102,die_profile_images/.net_data/68119bb6-05e7-4f64-9647-4cb5abeb7ff4_66005.jpg
66005,20,5.5,1.3,0,0.102,die_profile_images/2023/01/06/101637/66005.jpg
66006,28.3,6.9,1,0,0.105,die_profile_images/.net_data/977de6a7-f97a-457c-ae54-a0a839786ec7_66006.jpg
66007,24.7,3.5,1,0,0.067,die_profile_images/.net_data/d59c38fb-a70c-4b68-bf7b-0762ab500ad1_66007.jpg
66008,40.5,10.1,1.2,0,0.2,die_profile_images/.net_data/fe31031c-83f9-4a54-a6a3-6d1164e6dd6f_66008.jpg
66008,40.5,12.4,1.2,0,0.2,die_profile_images/2023/01/06/101824/66008.jpg
66139,53.67,23.38,3.2,0,0.871,die_profile_images/.net_data/05c3fd02-e9e8-49a2-848b-43ff88b5b137_66139.jpg
66140,47.44,32.47,3.2,0,1.071,die_profile_images/.net_data/1512a3f4-94a6-427c-bf6a-34875e4ff138_66140.jpg
66215,105,65,5,0,7.54,die_profile_images/2021/03/27/054032/66215.jpg
66301,64.6,12.4,0,0,1.641,die_profile_images/.net_data/39cd673d-829b-4ccd-83f4-1556f6b9d6ef_66301.jpg
66302,43,30,6,0,1.125,die_profile_images/2023/12/30/112555/66302.jpg
66303,30,9,5,0,0.512,die_profile_images/2023/12/30/112803/66303.jpg
66401,70,40,1.5,0,0.838,die_profile_images/.net_data/ba3a978a-0e37-4be4-b497-ba128f741f00_66401.jpg
66402,28.4,13.62,1,0,0.132,die_profile_images/.net_data/68390a06-226f-45cb-946c-d08ac7487a8e_66402.jpg
66403,28.4,22.48,0.8,0,0.149,die_profile_images/.net_data/a5d7ea95-bf77-495b-abad-6c8a1b3d407b_66403.jpg
66404,18,11.04,1.5,0,0.104,die_profile_images/.net_data/476d147c-519e-4abb-a8dd-990478926aff_66404.jpg
66405,35,21.48,1.4,0,0.338,die_profile_images/.net_data/c494467c-8807-49a5-a65d-1d998badc6b6_66405.jpg
66406,51,23.1,1.5,0,0.529,die_profile_images/.net_data/26d5df72-3f2d-439d-8528-58b5e893e51b_66406.jpg
66407,23,12.2,1.4,0,0.248,die_profile_images/.net_data/aebfd3e1-f2f2-4831-85e2-1d9d67f1e6e9_66407.jpg
66408,103,40,1.6,0,1.858,die_profile_images/2022/05/02/023355/66408.jpg
66409,87,12,1.2,0,0.354,die_profile_images/2022/05/02/023509/66409.jpg
66410,22.5,22.6,1.5,0,0.192,die_profile_images/2022/05/02/023838/66410.jpg
66411,24.9,24.8,1.5,0,0.282,die_profile_images/2022/05/02/023956/66411.jpg
66412,74.6,17.9,1.4,0,0.352,die_profile_images/2022/12/25/044120/66412.jpg
66413,103,33.4,1.7,0,1.599,die_profile_images/2023/07/12/113745/66413.jpg
66414,53,21.4,1.9,0,0.473,die_profile_images/2023/07/12/113348/66414.jpg
66415,30.3,18.6,1.4,0,0.204,die_profile_images/2023/10/14/054742/66415.jpg
66416,30.3,11.5,1.2,0,0.172,die_profile_images/2023/10/12/054045/66416.jpg
66417,49.6,5,1.4,0,0.235,die_profile_images/2024/02/04/115406/66417.jpg
66418,9,9,1,0,0.047,die_profile_images/2024/02/04/115524/66418.jpg
66419,44.5,6.5,1.5,0,0.228,die_profile_images/2024/05/05/124314/66419.jpg
66420,77.5,60,1.4,0,1.036,die_profile_images/2024/04/25/101222/66420.jpg
66421,72,38.5,1.4,0,0.683,die_profile_images/2024/04/25/101040/66421.jpg
66422,51,26,1.5,0,0.678,die_profile_images/2025/04/02/052614/66422.jpg
66423,51.01,26.3,1.4,0,0.517,die_profile_images/2025/04/02/052715/66423.jpg
66424,21.51,18.39,1.2,0,0.254,die_profile_images/2025/04/02/052816/66424.jpg
66425,75,39,1.5,0,1.008,die_profile_images/2025/05/02/053608/66425.jpg
66426,75.25,40,1.6,0,1.113,die_profile_images/2025/05/02/054623/66426.jpg
66427,53.9,36.4,3.7,0,2.616,die_profile_images/2025/05/02/055719/66427.jpg
66501,50,20,1.5,0,0.803,die_profile_images/.net_data/d406ce2f-8a3e-4055-97b7-5a4f22eb4958_66501.jpg
66502,17.5,41.52,1.5,0,0.562,die_profile_images/.net_data/b35f7423-9bad-48d6-9b02-a5806418c5b0_66502.jpg
66601,34.6,75,2,0,1.095,die_profile_images/.net_data/3a3da754-8d40-4606-97ce-ddb4ee7ca318_66601.png
66602,48.4,23,1.5,0,0.609,die_profile_images/.net_data/b5220e70-8dbb-4761-a4e4-ff9edfa87d9c_66602.png
66603,33,15.6,1.3,0,0.26,die_profile_images/.net_data/4234b1ae-cad8-4b21-8f2e-ae96468c5493_66603.jpg
66604,92.2,40,1.4,0,1.509,die_profile_images/.net_data/d2f05fac-eb5b-41fb-8211-b42caeab52b9_66604.jpg
66605,90,33,1.6,0,1.245,die_profile_images/2023/05/31/055210/66605.jpg
66606,41.9,58.5,1.2,0,0.702,die_profile_images/.net_data/f0e1c9d9-2d21-4799-84b5-f7ada8b52b1f_66606.jpg
66701,19,11.99,0.7,0,0.104,die_profile_images/2022/12/12/101926/66701.jpg
66702,22.88,15.88,0.58,0,0.126,die_profile_images/2022/12/12/102359/66702.jpg
66703,26.88,19.87,0.58,0,0.153,die_profile_images/2022/12/12/102515/66703.jpg
66751,22.3,2.7,1.7,-2,0.13,die_profile_images/2023/09/25/041901/66751.jpg
66752,23.07,9.79,1.7,0,0.236,die_profile_images/2023/09/25/042024/66752.jpg
66753,56,48.5,15,0,5.721,die_profile_images/2024/10/17/114400/66753.jpg
66754,51,43.7,15,0,4.908,die_profile_images/2024/10/17/114508/66754.jpg
66755,31.8,2.7,0,0,0.201,die_profile_images/2024/11/30/051720/66755.jpg
66801,25,27,5.5,0,1.225,die_profile_images/.net_data/ccbd5724-1113-41a6-b13d-2957fb8f82bb_66801.jpg
66851,40,47,11,0,2.735,die_profile_images/2022/05/16/123152/66851.jpg
66901,40.24,14.13,0.85,0,0.187,die_profile_images/.net_data/58d4aaf5-b85b-484c-bddc-5b1512e1ffbd_66901.jpg
66902,96,13,2,0,0.609,die_profile_images/.net_data/4b97d1a0-d3d2-4620-80d4-6fc6cf661cdf_66902.jpg
66903,95.89,7.25,1.5,0,0.525,die_profile_images/.net_data/69f6f78e-81f3-4248-aa1d-555b214057f0_66903.jpg
66904,150,10,1.5,0,0.81,die_profile_images/.net_data/30d8abbc-ca54-4319-bc6b-240a345934d9_66904.jpg
66905,100,72,1.5,0,1.234,die_profile_images/.net_data/f4f2a91e-daa4-41a3-bd79-7d94baf81100_66905.jpg
66906,42.89,20.35,0.85,0,0.245,die_profile_images/2021/03/17/022049/66906.jpg
66906,42.89,20.35,0.85,0,0.245,die_profile_images/2021/03/21/115653/66906.jpg
66951,25.5,40,0,0,1.732,die_profile_images/2023/07/04/111638/58501.jpg
67001,40.1,40,1.75,0,1.07,die_profile_images/.net_data/8a7aa527-fc47-4bdb-aad0-903111916264_67001.jpg
67002,50.8,47.5,1.75,0,1.079,die_profile_images/.net_data/df4744a5-480e-4e31-87ad-779227895656_67002.jpg
67003,21.5,24.65,1.25,0,0.484,die_profile_images/.net_data/e24ea2df-a4c2-4fce-a311-c224fdb0817d_67003.jpg
67004,63,100.64,3,0,3.659,die_profile_images/.net_data/68ad654c-e9f9-4a5a-9695-f4f046f97402_67004.jpg
67005,23,94.4,3,0,2.458,die_profile_images/.net_data/63b89ff6-43d0-45f1-9d8c-3420d2710866_67005.jpg
67006,84.5,96,9,0,5.641,die_profile_images/.net_data/61ea19b6-ba8a-411c-b036-1d30a5720325_67006.jpg
67007,65,80,2,0,3.445,die_profile_images/.net_data/1349abe7-bcd0-41dd-9b20-17ac12facfe4_67007.jpg
67008,20.1,23.7,1.2,0,0.219,die_profile_images/.net_data/d8ac17fe-7bf9-4cac-98bb-ebc112dcec24_67008.jpg
67009,54.69,55,2,0,2.055,die_profile_images/.net_data/00b2aa15-e22f-4816-b52b-00d91db03b49_67009.jpg
67010,70,116.75,2.75,0,5.45,die_profile_images/.net_data/416d192b-afaa-4f2b-a286-f06b2655b14f_67010.jpg
67011,24.9,7.6,2,0,0.166,die_profile_images/.net_data/6936789c-f5f7-4c9f-8185-f78a3df38904_67011.jpg
67012,60,35.5,1.5,0,1.17,die_profile_images/.net_data/2f1e4679-7d9d-48da-bb5b-3c29525cae27_67012.jpg
67013,103.9,7.74,1.75,0,0.652,die_profile_images/.net_data/a205fff0-5a8a-4604-b474-c057085283ce_67013.jpg
67014,44,44,1.5,0,0.771,die_profile_images/.net_data/f8fa1085-57f7-431f-a8e4-f9d1974bed63_67014.jpg
67015,80.37,38.15,1.5,0,1.248,die_profile_images/.net_data/83e8da26-f226-4e25-9f61-857448374ef7_67015.jpg
67016,40.45,35,0,0,1.301,die_profile_images/.net_data/4f93d1bd-1c2e-42e5-8e46-5ea2fa01e699_67016.jpg
67017,86.57,50.07,3,0,1.59,die_profile_images/.net_data/7ca1e759-34f0-495f-8c15-4c5280629f01_67017.jpg
67018,46.18,41.49,3,0,1.065,die_profile_images/.net_data/ba0a1a1b-fed2-47c2-b457-8857ff345a93_67018.jpg
67019,31.47,23.44,3,0,0.591,die_profile_images/.net_data/53890bad-eaed-493e-80fb-922a2c7e654c_67019.jpg
67020,42.1,37.43,1.5,0,0.786,die_profile_images/2022/12/25/042805/67020.jpg
67021,42.26,38.94,1.65,0,0.606,die_profile_images/2023/01/06/103830/67021.jpg
67022,65,87.12,2,0,2.81,die_profile_images/2023/01/06/103936/67022.jpg
67117,54.1,29,1.4,0,0.823,die_profile_images/2023/04/21/121328/67717.jpg
67201,100.6,35,1.3,0,0.609,die_profile_images/.net_data/ca64b942-1dad-4814-81d0-cdada9dfb4e1_67201.jpg
67202,65,40,1.5,0,1.235,die_profile_images/.net_data/8b851ac1-b2ca-45b5-a78f-13e175db3c35_67202.jpg
67203,34.67,24.66,3,0,0.737,die_profile_images/.net_data/06554a0a-5c45-4b47-9fa6-63ab8418ed63_67203.jpg
67204,87.2,100,3,0,8.688,die_profile_images/.net_data/433ec376-e248-45e2-8289-7aa9e71cb084_67204.jpg
67205,79.04,34,1.5,2,1.338,die_profile_images/.net_data/bd831423-eb99-437c-9051-f51dff675fb3_67205.jpg
67206,70,75,4,0,4.683,die_profile_images/.net_data/df8347fc-a894-4e28-9f0d-502374b070f7_67206.jpg
67207,75.23,27,1.5,0,0.608,die_profile_images/.net_data/e2e0c0aa-24bd-4f7e-9e7f-f57d3d82a142_67207.jpg
67208,42.59,9.37,1.8,0,0.36,die_profile_images/.net_data/50099ca2-ec3d-447e-b2b4-66fff79f6c19_67208.jpg
67209,21.82,45,2,0,0.67,die_profile_images/.net_data/19681aa3-f537-494b-b8a0-7aa539ac1f17_67209.jpg
67401,92,44,1.6,0,1.458,die_profile_images/.net_data/3cf794f0-69da-4649-93e2-e1738cb3b575_67401.jpg
67402,144,44,1.6,0,2.073,die_profile_images/2021/04/06/055745/67402.jpg
67403,60.4,40.2,2,0,1.244,die_profile_images/.net_data/0a4dddb7-a5f7-47ce-b98a-36b5df15e7fc_67403.jpg
67404,56.2,35.8,2,0,1.047,die_profile_images/.net_data/a5972ad9-f6a5-4e83-a2a4-a7abf17103cf_67404.jpg
67405,69.4,35.8,2,0,1.257,die_profile_images/.net_data/20c109f1-6728-46b4-ac01-ccde2b05b69a_67405.jpg
67406,47.8,25,2,0,0.764,die_profile_images/.net_data/4148581f-b151-4746-bd85-7fd2c3bceb42_67406.jpg
67407,101.1,25,1.5,0,1.399,die_profile_images/.net_data/34d2b07d-e92a-4f96-bef6-09e09c4be9fd_67407.jpg
67408,45,19.2,1.4,0,0.505,die_profile_images/.net_data/d946c14b-a8a9-4f70-8807-799d9c97570b_67408.jpg
67409,37.9,28.3,1.3,0,0.382,die_profile_images/.net_data/e4ac2325-b817-44c2-8c2b-5645c90b5a02_67409.jpg
67410,32.8,17,1.4,0,0.278,die_profile_images/.net_data/79fa00de-0ff8-4aa8-9358-6bbafe9a950e_67410.jpg
67411,5.5,6,0,0,0.056,die_profile_images/.net_data/3d4b6d9d-8ff1-4f9c-b267-94f7183a4455_67411.jpg
67412,60.4,93.2,1.5,0,1.847,die_profile_images/.net_data/ebd4bae5-d6d8-4021-8fc1-1b89de3c2ed6_67412.jpg
67413,44.7,16.4,2,0,0.584,die_profile_images/.net_data/6e0c599c-fcca-4451-a298-d3746c082af1_67413.jpg
67414,36.5,13.5,2,0,0.372,die_profile_images/.net_data/3bddeb4a-1abe-4cbf-8d20-62424bd063b8_67414.jpg
67415,59,32.5,2,0,1.088,die_profile_images/.net_data/297861e2-afc0-435d-b0bb-3e7a661c6fc4_67415.jpg
67416,77.4,25,2,0,1.441,die_profile_images/.net_data/b5bc78f3-5bcf-483a-90e1-01650716cb7b_67416.jpg
67417,40,35,2,0,0.65,die_profile_images/.net_data/c9628d57-c7ad-4b39-9152-3ab12b181540_67417.jpg
67418,43,40,2,0,1.061,die_profile_images/.net_data/3e65c548-9e97-4d3f-a70d-d9256201592f_67418.jpg
67419,101.9,46,1.5,0,1.493,die_profile_images/.net_data/567a05b4-731f-4f9a-807d-96a12d97aeb7_67419.jpg
67420,108.7,42,1.5,0,1.52,die_profile_images/.net_data/c045cfbb-d6af-4008-9b5c-47d83f7e3149_67420.jpg
67421,53.7,42,1.5,0,0.822,die_profile_images/.net_data/4e40ae48-f7f3-4336-9b9d-5e50ed3a5796_67421.jpg
67422,53.7,41.9,1.5,0,0.837,die_profile_images/.net_data/3e869409-5357-431b-ac8a-400f317e9760_67422.jpg
67423,129.5,54.5,2,0,3.094,die_profile_images/.net_data/808c684d-c93a-42e9-8835-0f8f187e7eec_67423.jpg
67424,129.5,54.5,2.5,0,2.386,die_profile_images/.net_data/a821a695-fb64-470b-a514-e2f333f2765a_67424.jpg
67425,133.5,6.8,1.5,0,0.598,die_profile_images/.net_data/0ea4db64-7b58-44a0-a23d-ee0a2ee06fdb_67425.jpg
67426,115,6.8,1.5,0,0.536,die_profile_images/.net_data/fb34dee7-257b-45ed-b903-e895cfdc8a63_67426.jpg
67427,78.5,6.8,1.5,0,0.354,die_profile_images/.net_data/b4d56760-e7f9-43dc-894a-12d7984f0f66_67427.jpg
67428,60,6.8,1.5,0,0.279,die_profile_images/.net_data/a7abb187-e080-435b-89d8-9d03188f65c5_67428.jpg
67429,69.8,40,1.5,0,0.854,die_profile_images/.net_data/4a6b3ed4-f7c2-4013-918c-20ad69786b7a_67429.jpg
67430,60.4,40.2,2,0,1.285,die_profile_images/.net_data/28320130-4956-41de-a089-1a3641627096_67430.jpg
67431,48.1,25,2,0,0.813,die_profile_images/.net_data/12b9045c-e5e2-46ba-b69f-e5dcd2714fcc_67431.jpg
67432,56.2,35.8,2,0,1.113,die_profile_images/.net_data/be16edc4-4121-4317-9f8d-85515fcc198c_67432.jpg
67433,69.4,35.8,2,0,1.324,die_profile_images/.net_data/bc41577a-adce-4147-a325-85002cf29c71_67433.jpg
67434,35.8,69.9,2,0,1.329,die_profile_images/2021/04/06/055655/67434.jpg
67435,79.5,6.89,1.5,0,0.36,die_profile_images/.net_data/a233187b-f8f9-42b4-ad21-f1c6a1b92736_67435.jpg
67436,92.4,6.89,1.5,0,0.412,die_profile_images/.net_data/c203cd7f-ef6f-47a6-8ab0-8f1256f4f4ed_67436.jpg
67437,64,51.6,8,0,1.777,die_profile_images/.net_data/f8298ce8-1f28-4b4c-a244-b6239af706e2_67437.jpg
67438,51,39.2,2,0,0.616,die_profile_images/.net_data/8210b62f-255e-4931-a86c-5676ce2fb030_67438.jpg
67439,51,33.05,2,0,0.579,die_profile_images/.net_data/3fb38062-728c-4da6-9f3f-9f5f7ba852c2_67439.jpg
67440,51,39.2,2,0,0.653,die_profile_images/.net_data/dd0d2435-10df-49aa-a4d2-4fc418d80bdd_67440.jpg
67441,149,47.7,1.5,0,1.451,die_profile_images/.net_data/2f0bd3ce-06b2-49d9-87cd-4728546afea3_67441.jpg
67442,111.5,85.49,2,0,1.58,die_profile_images/.net_data/961b5b6e-bfb3-4313-aa85-4c05610ac89e_67442.jpg
67443,56,39.2,2,0,0.636,die_profile_images/.net_data/a1059753-0d03-4c2c-8bc0-686c37b7ae9d_67443.jpg
67444,61,33.05,2,0,0.619,die_profile_images/.net_data/c86c2c9e-53b6-45c8-b33e-6df7f8d1d519_67444.jpg
67445,56,39.2,2,0,0.71,die_profile_images/.net_data/3b241245-a6b6-4f7c-8dda-2e6987926629_67445.jpg
67446,150,47.7,2,0,1.455,die_profile_images/.net_data/2f6f00e5-65d3-42ad-a13c-4c0e7cd7cd9e_67446.jpg
67447,136.9,25,1.8,0,2.268,die_profile_images/.net_data/4cf8e29b-1051-46bc-ba38-008b5f6a09bd_67447.jpg
67448,40.5,28.11,2.36,0,0.387,die_profile_images/2021/03/17/042325/67448.jpg
67449,41.02,7.04,1.5,0,0.205,die_profile_images/2021/03/17/042549/67449.jpg
67450,89.5,38,1.8,0,1.656,die_profile_images/2021/03/16/055353/67450.jpg
67451,92,27.8,1.8,0,0.836,die_profile_images/2021/05/14/035002/67451.jpg
67452,91.98,72,1.5,0,1.422,die_profile_images/2021/05/14/035152/67452.jpg
67453,32,25.5,1.2,0,0.302,die_profile_images/2021/05/14/035257/67453.jpg
67454,26,17.7,1.2,0,0.215,die_profile_images/2021/05/14/035406/67454.jpg
67455,77.52,7.04,1.5,0,0.353,die_profile_images/2021/05/27/124201/67455.jpg
67456,58.52,7.04,1.5,0,0.275,die_profile_images/2021/05/27/124502/67456.jpg
67457,113.52,7.04,1.5,0,0.521,die_profile_images/2021/05/27/124656/67457.jpg
67458,144.3,44,1.6,0,2.171,die_profile_images/2021/06/16/035025/67458.jpg
67459,103.21,25,2,0,1.44,die_profile_images/2021/06/16/040658/67459.jpg
67460,21,2.7,2,0,0.119,die_profile_images/2021/06/16/043542/67460.jpg
67461,32.14,17.39,1,0,0.186,die_profile_images/2021/07/24/125127/67461.jpg
67462,61.7,39.4,1.3,0,0.747,die_profile_images/2021/07/24/125219/67462.jpg
67463,40,38.65,1.2,0,0.54,die_profile_images/2021/07/24/125401/67463.jpg
67464,39.8,60.35,1.2,0,0.794,die_profile_images/2021/07/24/125604/67464.jpg
67465,39.8,60.35,1.2,0,0.7,die_profile_images/2021/07/24/125802/67465.jpg
67466,146.8,50.75,2,0,1.499,die_profile_images/2021/07/24/125842/67466.jpg
67467,65.05,33.1,2,0,0.901,die_profile_images/2021/08/31/043622/67467.jpg
67468,60.89,14,2,0,0.697,die_profile_images/2021/08/31/043746/67468.jpg
67469,23,7.03,4.1,0,0.228,die_profile_images/2021/10/26/120318/67469.jpg
67470,19,41.5,2,0,0.588,die_profile_images/2021/10/26/030446/67470.jpg
67471,32,17.5,1,0,0.212,die_profile_images/2021/10/26/030651/67471.jpg
67472,32,17.5,1,0,0.206,die_profile_images/2021/10/26/030803/67472.jpg
67473,35.8,69.9,2,0,1.254,die_profile_images/2021/11/30/051935/67473.jpg
67474,41.09,14,2.5,0,0.429,die_profile_images/2021/11/30/052114/67474.jpg
67475,93.53,61.85,2,0,3.263,die_profile_images/2022/03/21/111619/67475.jpg
67476,40.2,76.65,2,0,1.504,die_profile_images/2022/03/21/111741/67476.jpg
67477,72.8,42,1.5,0,1.289,die_profile_images/2022/03/21/112216/67477.jpg
67478,14.5,4.4,1.5,0,0.079,die_profile_images/2022/03/21/112323/67478.jpg
67479,14.5,12.3,1.4,0,0.145,die_profile_images/2022/03/21/112432/67479.jpg
67480,15.2,11,6,0,0.297,die_profile_images/2022/03/21/113050/67480.jpg
67481,35.45,1.5,16.55,0,0.299,die_profile_images/2022/05/23/111422/67481.jpg
67482,71.86,60,2,0,1.691,die_profile_images/2022/05/16/122006/67482.jpg
67483,102.9,21.1,3,0,1.768,die_profile_images/2022/05/16/122445/67483.jpg
67484,147.8,21.1,2,0,2.2,die_profile_images/2022/05/16/122654/67484.jpg
67485,28,35,2,0,0.614,die_profile_images/2022/08/03/044414/67485.jpg
67486,28,27,1.5,0,0.528,die_profile_images/2022/08/03/044645/67486.jpg
67487,119.4,31.1,1.9,0,1.919,die_profile_images/2022/08/03/043826/67487.jpg
67488,119.4,37.05,0,0,1.947,die_profile_images/2022/08/03/043936/67488.jpg
67489,50,150,2,0,3.125,die_profile_images/2022/09/19/095047/67489JPG.jpg
67490,50,150,2,0,3.034,die_profile_images/2022/09/19/095234/67490JPG.jpg
67491,50,15,1.5,0,0.319,die_profile_images/2022/08/24/114929/67491JPG.jpg
67492,46.4,12,2.5,0,0.426,die_profile_images/2022/08/24/115136/67492JPG.jpg
67493,27.1,9.5,0,0,0.309,die_profile_images/2022/08/24/115314/67493JPG.jpg
67494,19.1,9.5,0,0,0.223,die_profile_images/2022/08/24/115414/67494JPG.jpg
67495,11.1,9.5,0,0,0.137,die_profile_images/2022/08/24/115545/67495JPG.jpg
67496,99.3,59.6,2,0,2.066,die_profile_images/2022/08/24/115701/67496JPG.jpg
67497,104.5,48.4,32,0,2.198,die_profile_images/2022/08/26/101930/67497JPG.jpg
67498,108.5,50,1.5,0,0.625,die_profile_images/2022/08/24/115948/67498JPG.jpg
67499,42,31.5,2,0,0.576,die_profile_images/2022/08/24/120102/67499JPG.jpg
67500,39.9,9.8,2,0,0.262,die_profile_images/2022/08/24/120210/67500JPG.jpg
67501,40,42.5,3.4,0,1.28,die_profile_images/2022/08/24/120318/67501JPG.jpg
67502,41,32,2,0,0.899,die_profile_images/2023/04/06/060037/67502.jpg
67503,41,21.95,2,0,0.758,die_profile_images/2023/04/06/060135/67503.jpg
67504,41,19,2.5,0,0.606,die_profile_images/2023/04/06/060303/67504.jpg
67505,41,32,2,0,0.899,die_profile_images/2023/04/07/112422/67505.jpg
67506,41,21.95,2,0,0.736,die_profile_images/2023/04/07/112531/67506.jpg
67507,41,19,2,0,0.585,die_profile_images/2023/04/07/112654/67507.jpg
67508,102.46,70,2,0,3.652,die_profile_images/2023/04/13/120340/67508.jpg
67509,76.65,40.2,1.5,0,1.544,die_profile_images/2023/04/07/041927/67509.jpg
67510,76.65,53,2.5,0,2.146,die_profile_images/2023/04/07/042158/67510.jpg
67511,50,50,6,0,1.678,die_profile_images/2023/10/30/050423/67511.jpg
67512,63.77,6.26,1.8,0,0.432,die_profile_images/2023/09/16/023945/67512.jpg
67513,75.76,17.05,1.25,0,0.385,die_profile_images/2023/09/16/024044/67513.jpg
67514,93.2,60.39,1.5,0,1.88,die_profile_images/2023/10/14/102913/67514.jpg
67515,62,66.02,2,0,1.436,die_profile_images/2023/12/27/123405/67518.jpg
67516,47,21.3,2,0,0.481,die_profile_images/2023/12/27/123630/67516.jpg
67517,82.12,27,1.8,0,1.443,die_profile_images/2023/12/27/123757/67517.jpg
67518,18.6,12.6,1.85,0,0.2,die_profile_images/2024/01/17/104534/67518.jpg
67519,137.5,25,3,0,2.341,die_profile_images/2024/12/18/110501/67519.jpg
67520,41,32,2,0,0.876,die_profile_images/2025/01/06/052520/67520.jpg
67521,41,21.8,2,0,0.771,die_profile_images/2025/01/06/052712/67521.jpg
67522,41,32,2,0,0.895,die_profile_images/2025/01/06/052829/67522.jpg
67523,41,21.95,2,0,0.791,die_profile_images/2025/01/06/052955/67523.jpg
67524,41,19,2,0,0.649,die_profile_images/2025/01/06/053123/67524.jpg
67525,41,19,2,0,0.67,die_profile_images/2025/01/06/053316/67525.jpg
67526,87.75,87.66,12.51,0,5.132,die_profile_images/2025/03/12/112518/67526.jpg
67527,85.85,85.76,10.61,0,4.241,die_profile_images/2025/03/12/112541/67527.jpg
67528,87.75,87.66,19.31,0,4.943,die_profile_images/2025/03/12/112558/67528.jpg
67701,87,34,1.5,0,1.503,die_profile_images/2022/06/20/051314/67701.jpg
67702,87,34,1.8,0,1.272,die_profile_images/2022/06/20/051650/67702.jpg
67703,19,24.5,2,0,0.385,die_profile_images/2022/06/20/051802/67703.jpg
67704,62.5,16.5,2,0,0.673,die_profile_images/2022/06/20/051846/67704.jpg
67705,62.5,16.5,2,0,0.687,die_profile_images/2022/06/20/051936/67705.jpg
67706,19,15,2,0,0.211,die_profile_images/2022/06/20/052030/67706.jpg
67707,56.5,28.5,2,0,0.705,die_profile_images/2022/06/20/052647/67707.jpg
67708,40,16.5,2,0,0.422,die_profile_images/2022/06/20/052847/67708.jpg
67709,45.8,7.52,2,0,0.286,die_profile_images/2022/06/20/052937/67709.jpg
67710,119,45,1.6,0,2.065,die_profile_images/2022/10/19/034328/67710.jpg
67711,41.35,21,31,1.5,0.551,die_profile_images/2022/10/17/100231/67711.jpg
67712,57.75,21,1.5,0,0.758,die_profile_images/2022/10/17/100337/67712.jpg
67713,41.35,21,1.5,0,0.583,die_profile_images/2022/10/17/100429/67713.jpg
67714,57.75,21,1.5,0,0.81,die_profile_images/2022/10/17/100536/67714.jpg
67715,65,29,1.5,0,0.941,die_profile_images/2022/10/17/100634/67715.jpg
67716,85,29,1.5,0,0.87,die_profile_images/2022/10/17/102705/67716.jpg
67717,54.1,29,1.4,0,0.737,die_profile_images/2023/04/22/112808/67717.jpg
67718,31,20.95,1.4,0,0.503,die_profile_images/2023/04/21/121553/67718.jpg
67719,37,18,2,0,0.414,die_profile_images/2023/04/21/121723/67719.jpg
67720,79,40,1.8,0,1.289,die_profile_images/2023/04/21/122019/67720.jpg
67721,65,9.12,2,0,0.407,die_profile_images/2023/04/21/122350/67721.jpg
67722,98.25,18,2,0,1.138,die_profile_images/2023/04/21/122556/67722.jpg
67723,37,23,2,0,0.64,die_profile_images/2023/04/21/122748/67723.jpg
67724,59.5,18,2,0,0.653,die_profile_images/2023/04/21/123026/67724.jpg
67725,90.5,28.5,2,0,1.218,die_profile_images/2023/04/21/123213/67725.jpg
67726,88.75,39,2,0,1.392,die_profile_images/2023/10/21/023036/67.jpg
67727,38.5,9.8,1.5,0,0.309,die_profile_images/2023/12/02/055816/67727.jpg
67728,37,23,1.4,0,0.37,die_profile_images/2023/12/02/055953/67728.jpg
67729,46,45,1.7,0,0.937,die_profile_images/2023/12/02/060120/67729.jpg
67730,55,35,1.8,0,0.846,die_profile_images/2023/12/02/060408/67730.jpg
67731,33.4,2.3,1.3,0,0.107,die_profile_images/2023/12/02/060643/67731.jpg
67732,57,45,1.4,0,0.974,die_profile_images/2023/12/30/111920/67732.jpg
67733,67,67,1.8,0,1.48,die_profile_images/2024/02/02/100407/67733.jpg
67734,42,28.8,1.4,0,0.76,die_profile_images/2024/04/02/044842/67734.jpg
68001,118.7,56,2,0,2.75,die_profile_images/.net_data/f566a890-12cc-4a11-88fc-cd266d9b9596_68001.jpg
68002,42.5,17,1.5,0,0.588,die_profile_images/.net_data/7793a430-03c5-4d70-9df7-2a4eec917cfb_68002.jpg
68003,102.9,17,3,0,1.419,die_profile_images/.net_data/c238a665-7f85-4299-bdb8-1bf5b9707009_68003.jpg
68004,69.3,24.7,1.5,0,0.483,die_profile_images/.net_data/82fb09b9-b12f-4879-8701-4167396ce525_68004.jpg
68005,39,19,2,0,0.495,die_profile_images/.net_data/f1ebb990-e5a0-4961-a6a5-b3626abf5026_68005.jpg
68006,57.25,17,3,0,0.824,die_profile_images/.net_data/bbe158cb-49e0-466d-b6fd-7c5513171a22_68006.jpg
68007,72,58,2,0,2.138,die_profile_images/.net_data/08604649-48d3-467c-9645-d04ace3902f5_68007.jpg
68008,18.25,19,2,0,0.305,die_profile_images/.net_data/3939a953-812d-4034-adb5-09b87df32347_68008.jpg
68009,110,56,2,0,2.788,die_profile_images/.net_data/28ee923a-5409-4706-b3bd-80ef21f06517_68009.jpg
68010,102,17,3,0,0.495,die_profile_images/.net_data/e4cb509e-4db0-4e48-8017-92b0ed62e16b_68010.jpg
68011,87.13,20.64,3,0,0.894,die_profile_images/.net_data/4f5feae9-c4d6-4818-849c-c4061e079ba5_68011.jpg
68012,102.9,17,2,0,1.484,die_profile_images/.net_data/2e5497fa-68c5-4350-863c-e4ce51008b65_68012.jpg
68013,63,56.94,2,0,1.485,die_profile_images/.net_data/0e432373-8ba6-495b-af3b-a890d32d90fd_68013.jpg
68014,58.54,56.94,2,0,1.393,die_profile_images/.net_data/d82b1322-7203-442c-bb9e-6dfb3d7c486a_68014.jpg
68015,52.57,21.59,0,0,1.841,die_profile_images/.net_data/1181df35-aa2b-4017-bac3-86d698ffec95_68015.jpg
68016,80.83,56.94,2,0,1.663,die_profile_images/.net_data/a8b0de59-03dd-4888-9773-60c2e2d25062_68016.jpg
68017,56.94,85.33,2,0,1.716,die_profile_images/.net_data/7e1c16f7-c57b-43bf-9621-e91143b2057b_68017.jpg
68018,61.29,19,3,0,0.798,die_profile_images/.net_data/2e026dd7-018d-41fc-add1-dc464b636140_68018.jpg
68019,95.57,47.47,1.5,0,1.245,die_profile_images/.net_data/2820ea9b-e840-40c7-a0af-a5ab16dc4f95_68019.jpg
68020,122.8,21.01,3,0,1.772,die_profile_images/.net_data/71fda023-0575-498e-ac4d-99dbc1e4630d_68020.jpg
68021,112.49,86.3,46.4,1.25,1.335,die_profile_images/2022/08/20/122429/68021JPG.jpg
68022,122.83,21.01,2,0,1.75,die_profile_images/2024/02/03/023339/68022.jpg
68101,80,43.5,1.3,0,0.82,die_profile_images/.net_data/a061e528-4285-4d88-bc6d-37031f177ccc_68101.jpg
68102,79.7,62,1.3,0,1.162,die_profile_images/.net_data/888fe329-1a4f-475b-b9dd-62240c3ea1cb_68102.jpg
68103,73.3,49,1.3,0,1.014,die_profile_images/.net_data/b8b8f726-74e1-480c-ac42-47840c5e65df_68103.jpg
68104,60.35,36.95,1.3,0,0.651,die_profile_images/.net_data/2a8fd059-e9b7-4ebb-ab14-ab1f5de0164a_68104.jpg
68105,62,60.05,1.3,0,1.007,die_profile_images/.net_data/8acacd6a-ec08-4c32-8d8d-21f766c1eb53_68105.jpg
68106,73,29.35,1.4,0,0.818,die_profile_images/.net_data/e76a9b8e-80be-4437-bfa8-3b4273f93e9b_68106.jpg
68107,51,52,1.5,0,1.009,die_profile_images/.net_data/e28ec991-d1e6-4470-bd74-332a7dba2407_68107.jpg
68108,54,18,1.5,0,0.557,die_profile_images/.net_data/54a91e18-9b90-47c3-8f94-d70d9a580aba_68108.jpg
68109,105.9,43.15,1.8,0,1.566,die_profile_images/.net_data/4ab23cdd-c1a5-458a-92e8-aced298b0703_68109.jpg
68110,76.51,45.25,1.8,0,1.399,die_profile_images/.net_data/cca3a964-4965-418e-b9bb-20ca2fcfbcc0_68110.jpg
68111,89.95,45.25,1.8,0,1.409,die_profile_images/2021/03/18/042313/68111.jpg
68112,89.85,45.25,1.8,0,1.481,die_profile_images/2021/03/18/042505/68112.jpg
68113,75,51.08,1.8,0,1.227,die_profile_images/2021/03/18/042631/68113.jpg
68114,45.75,28,1.6,0,0.844,die_profile_images/2021/03/18/042824/68114.jpg
68115,116.41,50.71,2,0,2.223,die_profile_images/2021/03/18/043023/68115.jpg
68116,18.61,11.55,1.5,0,0.167,die_profile_images/2021/03/18/043350/68116.jpg
68117,25,8,0.65,0,0.101,die_profile_images/2021/05/27/115301/68117.jpg
68118,33,15.1,1.5,0,0.274,die_profile_images/2021/07/02/025723/68118.jpg
68119,45.51,31.4,1.2,0,0.554,die_profile_images/2021/07/02/030423/68119.jpg
68120,53,25,1,0,0.501,die_profile_images/2021/07/02/030832/68120.jpg
68121,53,26,1,0,0.482,die_profile_images/2021/07/02/031114/68121.jpg
68122,35,70,1.5,0,0.946,die_profile_images/2022/07/05/104707/68122.jpg
68123,94.3,27,1.3,0,1.089,die_profile_images/2022/09/07/122015/68123.jpg
68124,64,43,1.7,0,0.891,die_profile_images/2022/09/07/122143/68124_jpg.jpg
68125,93.85,60,1.5,0,1.273,die_profile_images/2022/09/07/122251/68125_jpg.jpg
68126,18.25,26.2,1.2,0,0.199,die_profile_images/2022/09/07/122350/68126_jpg.jpg
68127,26.2,18.25,2,0,0.161,die_profile_images/2022/11/04/125532/68127.jpg
68128,26.2,20,18.25,1.2,0.214,die_profile_images/2022/11/04/010028/68128.jpg
68129,26.2,25.3,18.25,1.2,0.225,die_profile_images/2022/11/04/125703/68129.jpg
68130,70,40,1.8,0,1.367,die_profile_images/2022/11/04/015252/68130.jpg
68131,70,40,18,1.6,1.043,die_profile_images/2022/11/04/015412/68131.jpg
68132,96.1,40,1.6,0,1.641,die_profile_images/2022/11/04/015528/68132.jpg
68133,26.3,21.25,6.4,1.5,0.325,die_profile_images/2022/11/04/015648/68133.jpg
68134,27.3,26.3,7.9,1.2,0.193,die_profile_images/2022/11/04/015839/68134.jpg
68135,40,34,14.56,1.3,0.449,die_profile_images/2022/11/04/020310/68135.jpg
68136,35,16,1.1,0,0.307,die_profile_images/2022/11/04/020418/68136.jpg
68137,50,50,8.5,0,1.638,die_profile_images/2022/11/04/020618/68137.jpg
68138,60,42.8,25,1.4,0.871,die_profile_images/2022/11/04/022043/68138.jpg
68139,87,53,43,1.5,1.227,die_profile_images/2022/11/04/022211/68139.jpg
68140,67.7,20.45,2,0,2.039,die_profile_images/2022/11/04/022401/68140.jpg
68141,44.5,43,27,1.2,0.651,die_profile_images/2022/11/04/022605/68141.jpg
68142,42.5,24,1.2,0,0.569,die_profile_images/2022/11/04/022748/68142.jpg
68143,50.5,16,1.25,0,0.515,die_profile_images/2022/12/04/025822/68143.jpg
68144,48,43,1.4,0,0.678,die_profile_images/2023/01/06/111451/68144.jpg
68145,46.13,20,2,0,0.541,die_profile_images/2023/03/03/103612/68145.jpg
68146,101.25,25,2,0,1.843,die_profile_images/2023/03/03/103816/68146.jpg
68147,40.3,22,1.45,0,0.563,die_profile_images/2023/12/28/034511/68147.jpg
68148,27.25,26.2,1.2,0,0.243,die_profile_images/2024/06/02/120801/68148.jpg
68149,94.3,85,1.75,0,1.392,die_profile_images/2024/06/02/120513/68149.jpg
68150,65,15,1.8,0,1.282,die_profile_images/2024/06/02/121858/68150.jpg
68151,82.65,37.3,1.8,0,1.12,die_profile_images/2024/06/02/120220/68151.jpg
68152,84.31,22,1.8,0,1.122,die_profile_images/2024/09/13/115841/68152.jpg
68153,94.3,65,1.5,0,1.427,die_profile_images/2025/03/28/022941/68153.jpg
68154,50.88,23.5,1.45,0,0.263,die_profile_images/2025/03/28/024003/68154.jpg
68301,43,40,3,0,1.632,die_profile_images/2022/12/27/102856/68301.jpg
68302,40,33,3,0,1.38,die_profile_images/2022/12/27/104719/68302.jpg
68303,40,37,34.5,3,1.408,die_profile_images/2022/12/27/104815/68303.jpg
68304,15,10,1,0,0.143,die_profile_images/2022/12/27/104925/68304.jpg
68305,32.25,22,6,0,0.683,die_profile_images/2022/12/27/105020/68305.jpg
68351,16.7,13.5,0.92,0,0.128,die_profile_images/2024/04/22/122516/69351.jpg
68501,120,45,8,0,4.789,die_profile_images/.net_data/8edc70bc-87cd-4144-9f64-04862bb61613_68501.jpg
68502,63,47,2,0,1.124,die_profile_images/.net_data/4e494e09-5946-4bad-b87d-720053b7a791_68502.jpg
68503,91.6,7.9,1.4,0,0.467,die_profile_images/.net_data/3b48f7e6-5e2e-474c-9e19-3df0730f62a4_68503.jpg
68504,50,35,3,0,1.255,die_profile_images/.net_data/e98da8bd-ca39-4a8c-9f4e-2713b13bd74c_68504.jpg
68505,83.7,58,44.9,1.5,1.276,die_profile_images/2023/06/11/095523/68505.jpg
68506,60,48,2,0,0.946,die_profile_images/2023/07/12/105722/68506.jpg
68507,89.8,69,1.8,0,1.44,die_profile_images/2023/07/12/104059/68507.jpg
68508,70,60,1.5,0,1.16,die_profile_images/2023/07/12/104245/68508.jpg
68509,60,50.6,1.75,0,0.845,die_profile_images/2023/07/12/104357/68509.jpg
68601,45.29,19.27,12.63,1.18,0.263,die_profile_images/2022/11/07/095407/68601.jpg
68602,61.5,23.5,8.4,1.18,0.26,die_profile_images/2022/11/07/095500/68602.jpg
68603,27.5,25,19.5,1,0.304,die_profile_images/2022/11/07/095554/68603.jpg
68604,85.92,31.52,14.3,1.52,0.461,die_profile_images/2022/11/07/095655/68604.jpg
68605,72,28.92,1.61,0,0.482,die_profile_images/2022/11/07/095757/68605.jpg
68606,51.85,49.39,28,2.5,0.867,die_profile_images/2022/11/07/095858/68606.jpg
68801,63.5,103.5,6.3,0,3.316,die_profile_images/2021/11/30/020314/68801.jpg
68802,65.1,47.6,6.4,0,2.764,die_profile_images/2021/11/30/020952/68802.jpg
68803,76.2,46,6.3,0,3.817,die_profile_images/2021/11/30/021108/68803.jpg
68804,37.75,105.12,6,0,2.139,die_profile_images/2022/09/03/052703/68804.jpg
68805,57.52,27.75,9.53,0,1.594,die_profile_images/2022/09/04/040119/68805.jpg
68806,219.08,38.1,3.18,0,2.476,die_profile_images/2023/08/03/034554/68806.jpg
68807,279.4,50.8,3.18,0,3.456,die_profile_images/2023/08/03/034703/68807.jpg
68808,298.45,21.53,3.18,0,2.226,die_profile_images/2023/08/03/034805/68808.jpg
68809,255.65,68.33,3.18,0,2.795,die_profile_images/2023/08/03/035520/68809.jpg
68810,255.29,160.32,2.98,0,6.525,die_profile_images/2023/08/17/021727/68810.jpg
68811,56.28,21.08,1.4,0,0.585,die_profile_images/2024/01/18/123959/68811.jpg
68812,68.58,10.76,1.96,0,0.511,die_profile_images/2024/01/18/124103/68812.jpg
68813,33.27,14.2,1.2,0,0.459,die_profile_images/2024/03/13/111337/68813.jpg
68814,49.06,27.75,6,0,1.4,die_profile_images/2024/03/13/111616/68814.jpg
68815,69.51,50,3,0,1.6,die_profile_images/2024/05/08/093540/68815.jpg
68816,69.52,54.91,3,0,1.21,die_profile_images/2024/05/08/093823/68816.jpg
68817,76.77,69.4,2,0,1.76,die_profile_images/2024/05/08/094101/68817.jpg
68818,52.81,59.74,3,0,1.712,die_profile_images/2024/12/02/123637/68818.jpg
68819,30,60.1,4,0,1.713,die_profile_images/2024/12/02/124158/68819.jpg
68820,79.2,10.8,1.5,0,0.495,die_profile_images/2025/03/10/121835/68820.jpg
68821,82.6,21.8,1.4,0,0.457,die_profile_images/2025/03/10/121953/68821.jpg
68822,100.34,72.67,6,0,3.888,die_profile_images/2025/03/10/122225/68822.jpg
68901,28.9,63,2,0,0.525,die_profile_images/2022/03/15/114740/68901.jpg
68902,25,8,1.2,0,0.216,die_profile_images/2022/03/15/114755/68902.jpg
68903,25.4,25,1.2,0,0.312,die_profile_images/2022/03/15/114816/68903.jpg
68904,34.9,50.36,2,0,0.407,die_profile_images/2022/03/15/114829/68904.jpg
68905,12,25,1.2,0,0.239,die_profile_images/2022/03/24/043818/68905.jpg
68906,39,38,1.5,0,0.679,die_profile_images/2022/08/18/121300/68906.jpg
68907,80,28,2.5,0,1.747,die_profile_images/2022/08/18/121417/68907.jpg
68908,35,10,2,0,0.448,die_profile_images/2022/12/06/123658/68908.jpg
68909,40,12,2,0,0.545,die_profile_images/2022/12/06/123750/68909.jpg
68910,50,8,5,0,1.068,die_profile_images/2023/04/04/053246/68910.jpg
68911,25,8,5,0,0.344,die_profile_images/2023/04/04/053343/68911.jpg
68912,160,35,7,0,2.061,die_profile_images/2023/04/04/053729/68912.jpg
68913,111.1,32,4,0,1.465,die_profile_images/2023/04/04/053910/68913.jpg
68914,50,33,2,0,0.9,die_profile_images/2023/04/04/054011/68914.jpg
68915,56.5,43,2.5,0,1.219,die_profile_images/2023/04/04/054111/68915.jpg
68916,50,34.7,2.7,0,0.99,die_profile_images/2024/03/27/103612/68916.jpg
68917,56.5,42,3,0,1.56,die_profile_images/2024/03/27/103849/68917.jpg
69001,53,50,1.6,0,1.035,die_profile_images/.net_data/5686385f-d4b1-48eb-9cde-bdcbd0a134a1_69001.jpg
69002,49,12.5,1.3,0,0.345,die_profile_images/.net_data/2eaf068e-5221-4957-ba7b-9c801f1d398d_69002.jpg
69003,25,25,1.2,0,0.333,die_profile_images/.net_data/924bf215-9f8e-4858-a2cf-ac4db8127077_69003.jpg
69004,51,50,1,0,0.624,die_profile_images/.net_data/b8fd58e3-ada6-437e-acf5-b309ec484f19_69004.jpg
69005,37,22,1.2,0,0.452,die_profile_images/.net_data/6f8f5b45-3fda-4270-b3a5-5d9f5d78e4a0_69005.jpg
69006,43,26,1,0,0.36,die_profile_images/.net_data/62c55293-9da6-4df2-a5ff-351010d63c7f_69006.jpg
69007,83.1,83.1,1.2,0,0.999,die_profile_images/.net_data/796aa33b-d395-4cc5-affa-c352f4736dac_69007.jpg
69008,103.5,103.5,1.5,0,1.712,die_profile_images/.net_data/98ab7f67-24bc-4d5a-9afa-1f755179e10b_69008.jpg
69009,53,26.97,1,0,0.377,die_profile_images/.net_data/b14b488e-7c1c-45ed-9185-39958299b978_69009.jpg
69010,72.9,72.9,1.2,0,0.948,die_profile_images/.net_data/f2bdacf0-9124-4ce6-ba16-a6d11362b33e_69010.jpg
69011,78.4,11.5,1,0,0.35,die_profile_images/2021/05/10/102848/69011.jpg
69030,20,9.8,0,0,0.644,die_profile_images/2023/05/08/033550/14030.jpg
69101,98.37,12.12,1.52,0,0.614,die_profile_images/.net_data/47895428-4de7-4233-808c-dc9e773e06eb_69101.jpg
69102,50,60,1.52,0,0.863,die_profile_images/.net_data/b1dad4e0-e740-48bc-9516-a40bb24c8041_69102.jpg
69103,76.46,11.41,1.21,0,0.338,die_profile_images/.net_data/7473d0d0-67a7-4a68-b0ef-9aae89fff128_69103.jpg
69104,63,53,5,0,2.945,die_profile_images/.net_data/3a7a98ef-8406-4714-bedc-c0f4467e8fbf_69104.jpg
69105,80,39.5,5,0,3.088,die_profile_images/.net_data/77bf38fd-6daf-4434-b001-8e7583299560_70125.jpg
69106,89,48,1.2,0,1.16,die_profile_images/.net_data/3f68e47c-9c9e-4c05-901e-50f8bab5a540_69106.jpg
69107,93,13,1.3,0,0.81,die_profile_images/.net_data/073fb51c-6b53-451b-bdf9-2a80279ed34f_69107.jpg
69108,74,12.7,1.3,0,0.494,die_profile_images/.net_data/66cb1f07-2390-48bb-8641-5e8a791ee5fc_69108.jpg
69109,50,13,0.8,0,0.346,die_profile_images/.net_data/d377a537-5e64-42a0-b64a-dcbab0bdd2e8_69109.jpg
69110,37.4,20,1.2,0,0.255,die_profile_images/2023/11/11/123659/69104.jpg
69111,37.4,4.4,1,0,0.122,die_profile_images/2023/11/11/123853/69103.jpg
69112,50,13.25,1.2,0,0.315,die_profile_images/.net_data/261bca40-f49a-41d7-962c-0323d7735360_69112.jpg
69113,72.11,7.27,1.52,0,0.51,die_profile_images/.net_data/790394c3-7c9d-4fc8-b2b6-f91ae08440fb_69113.jpg
69114,70,59,1.52,0,1.132,die_profile_images/.net_data/b8f9dda3-ce79-4630-ab0e-157f8fe9f0e9_69114.jpg
69115,96,50,1.5,0,1.32,die_profile_images/.net_data/b9c8e35f-c630-4824-927e-7b4cdb5eb518_69115.jpg
69116,100,50,5,0,3.95,die_profile_images/2022/07/28/111833/69116.jpg
69117,46,60,1.2,0,0.736,die_profile_images/.net_data/5382c6d8-6fdf-42f6-9a86-5166dbc3544b_69117.jpg
69118,114,5,2.5,0,1.814,die_profile_images/.net_data/80096cad-37c3-449e-b28f-06b500d4a25e_69145.jpg
69119,68.4,9.5,1.2,0,0.368,die_profile_images/.net_data/9dee0db3-cde8-41dd-a7e9-162f0f806eec_69119.jpg
69120,100,5,3,0,0.875,die_profile_images/.net_data/9e50a588-e753-450f-b086-b5391ebfd017_69120.jpg
69121,88,11.5,2,0,0.665,die_profile_images/.net_data/e4ee11ee-8935-4cdb-8fad-82bc9f250d8b_69121.jpg
69122,63,22,1.1,0,3.486,die_profile_images/2022/07/28/113506/69122.jpg
69123,50,50,4.7,0,2.522,die_profile_images/2023/07/08/022002/69123.jpg
69124,46,60,1.2,0,0.315,die_profile_images/.net_data/2c10ffb7-c56b-4626-a3e0-0dbbd6e7b0cf_69124.jpg
69125,46,60,1.2,0,0.315,die_profile_images/.net_data/30896a27-f32b-46fe-b932-470e95158b5a_69125.jpg
69126,25.38,32,1,0,0.247,die_profile_images/2021/03/24/044642/69126.jpg
69127,58,26.1,1,0,0.525,die_profile_images/.net_data/33376ffa-c5c8-4dc3-bfec-5b88308a32ee_69127.jpg
69128,45,60,7,0,2.268,die_profile_images/.net_data/e5753661-099f-470b-92f7-d72ecbc2e356_69128.jpg
69129,63,75,8,0,3.493,die_profile_images/.net_data/fe798e80-eba1-427a-bc85-63ff6a038c05_69129.jpg
69130,13,6,1.5,0,0.113,die_profile_images/2022/07/28/112038/69130.jpg
69131,47,11,5,0,0.746,die_profile_images/2021/04/08/114134/69131.jpg
69132,144.5,12,2.45,0,5.089,die_profile_images/2023/11/11/124812/69132.jpg
69133,60,12,0,0,1.921,die_profile_images/2023/11/11/124936/69133.jpg
69134,58,39.2,1,0,0.574,die_profile_images/2021/12/22/050144/69134.jpg
69135,67.67,15.86,1.21,0,0.526,die_profile_images/2021/03/12/123527/69135.jpg
69136,18.18,10.1,1,0,0.169,die_profile_images/2021/05/21/120709/69136.jpg
69137,58,21.25,1,0,0.427,die_profile_images/.net_data/ce995ad9-36b0-4160-a3e9-2807c80c2db5_69137.jpg
69138,60,16.25,1,0,0.427,die_profile_images/.net_data/9de59f4c-d2d2-4996-a6e9-34b2c3840dc6_69138.jpg
69139,60,50,5,0,2.317,die_profile_images/.net_data/4ad2f6dc-7ee3-4bc5-99d0-d147152386e4_69139.jpg
69140,36,34,1.2,0,0.83,die_profile_images/.net_data/c6ad4a96-c5ca-4ed9-9f3f-60d32ae1a5c2_69140.jpg
69141,45,36.8,1.2,0,0.7,die_profile_images/.net_data/bfcc5cb7-aa53-4f92-bdde-b0523e09912e_69141.jpg
69142,36,33,1.2,0,0.6,die_profile_images/2021/05/08/121049/69142.jpg
69143,36,16,2.5,0,0.509,die_profile_images/.net_data/cc80eb6c-1f6e-458b-873b-648bc8f36c92_69143.jpg
69144,64,50,4,0,3.182,die_profile_images/.net_data/58b6c023-de0e-4fd1-be12-65ad9bb2d57f_69144.jpg
69145,120,64,5,0,3.569,die_profile_images/.net_data/0e2b08cf-6cc7-4134-80c6-0225d7858b42_69145.jpg
69146,113,80,4,0,3.458,die_profile_images/.net_data/7d087235-89e4-4679-bb80-d3bc373375bb_69146.jpg
69147,75,80,4,0,2.88,die_profile_images/.net_data/dc17659d-18a9-4328-b9c9-9cd7a9bb698e_69147.jpg
69148,78,13,1.3,0,0.438,die_profile_images/.net_data/e6054b12-b25d-467b-8138-8fe45c0bd8f7_69148.jpg
69149,25,33,5,0,0.711,die_profile_images/2021/04/23/044813/69149.jpg
69150,35,7.2,1.2,0,0.22,die_profile_images/2021/05/08/033725/69150.jpg
69151,36,72,1.2,0,0.927,die_profile_images/2021/05/14/102158/69151.jpg
69152,32.8,7,1.2,0,0.115,die_profile_images/2021/05/14/102345/69152.jpg
69153,113,80,5,0,4.25,die_profile_images/2021/08/16/105440/69153.jpg
69154,124,37,3,0,1.249,die_profile_images/2021/10/25/041348/69154.jpg
69155,75,25,3,0,0.911,die_profile_images/2021/10/25/041549/69155.jpg
69156,120,50,5,0,4.453,die_profile_images/2021/11/26/123001/69156.jpg
69157,15,19.93,7.85,0,0.634,die_profile_images/2021/12/23/124138/69157.jpg
69158,21,15,2.5,0,0.275,die_profile_images/2022/03/05/084632/69143.jpg
69159,52,72,1.5,0,1.072,die_profile_images/2022/04/20/112123/69159.jpg
69160,30,14,2.5,0,0.574,die_profile_images/2022/07/19/042020/62160.jpg
69161,37.75,20,4.5,0,1.127,die_profile_images/2022/07/19/042300/62161.jpg
69162,35,21,3.3,0,0.999,die_profile_images/2022/07/19/042528/62162.jpg
69163,114,51,4,0,1.9,die_profile_images/2022/07/27/102448/69163.jpg
69164,127,50,2.5,0,1.172,die_profile_images/2022/07/27/102702/69164.jpg
69165,65,36,1.1,0,0.606,die_profile_images/2022/07/27/102751/69165.jpg
69166,27.1,19.8,2.7,0,0.642,die_profile_images/2022/08/10/033500/69166.jpg
69167,36,45,1.16,0,0.995,die_profile_images/2022/08/12/020318/69167.jpg
69168,65,72.5,1.5,0,1.042,die_profile_images/2022/08/20/095757/69168.jpg
69169,40,58,10,0,3.027,die_profile_images/2022/09/16/110937/69169.jpg
69170,20,24,0,0,0.964,die_profile_images/2022/09/19/104635/69170.jpg
69171,49.6,80,5.6,0,2.566,die_profile_images/2022/09/29/113624/69171.jpg
69172,47.2,60,3.7,0,2.913,die_profile_images/2022/09/29/113725/69172.jpg
69173,60,16,1.3,0,0.47,die_profile_images/2022/11/21/024655/69173.jpg
69174,65,31.3,1.2,0,0.512,die_profile_images/2023/01/06/114324/69174.jpg
69175,70.17,45,5.4,0,3.561,die_profile_images/2022/11/22/024645/69175.jpg
69176,62.6,38.6,1.4,0,0.77,die_profile_images/2022/12/28/102040/69176.jpg
69177,100,14,1.5,0,0.941,die_profile_images/2023/04/22/022454/69177.jpg
69178,17,11.2,2.5,0,0.265,die_profile_images/2023/01/31/045606/69178.jpg
69179,48.83,11.2,2.5,0,0.594,die_profile_images/2023/01/31/045711/69179.jpg
69180,50,25,1.9,0,0.628,die_profile_images/2023/02/08/040703/69180.jpg
69181,42.2,31.8,5,0,1.685,die_profile_images/2023/02/08/041028/69181.jpg
69182,34,18,0,0,1.514,die_profile_images/2023/02/08/032340/69182.jpg
69183,32.3,7,2,0,0.212,die_profile_images/2023/03/12/045923/69183.jpg
69184,21.31,39.75,2,0,0.52,die_profile_images/2023/03/24/114146/69184.jpg
69185,40.99,44.85,2,0,0.782,die_profile_images/2023/03/24/114341/69185.jpg
69186,73,36,1.5,0,0.79,die_profile_images/2023/04/07/121918/69186.jpg
69187,70,36,1.5,0,0.78,die_profile_images/2023/04/07/122125/69187.jpg
69188,29.5,25.1,1.2,0,0.331,die_profile_images/2023/04/07/122326/69188.jpg
69189,59.62,39,4.16,0,4.278,die_profile_images/2023/04/22/023810/69189.jpg
69190,79.8,36.8,1.2,0,0.775,die_profile_images/2023/05/04/020118/69190.jpg
69191,13.9,18.5,1.8,0,0.301,die_profile_images/2023/05/08/122830/69191.jpg
69192,25.5,24,1.95,0,0.866,die_profile_images/2023/06/18/024021/69192.jpg
69193,36.4,40.8,24.4,0,2.578,die_profile_images/2023/06/13/104945/69193.jpg
69194,16.5,11.25,1,0,0.115,die_profile_images/2023/06/14/121649/69194.jpg
69195,16.5,9.25,1,0,0.1,die_profile_images/2023/06/14/121743/69195.jpg
69196,52,35,1.5,0,0.694,die_profile_images/2023/06/29/023308/69196.jpg
69197,107,9.2,1.2,0,0.618,die_profile_images/2023/07/28/125418/69197.jpg
69198,48,10.2,1.1,0,0.249,die_profile_images/2023/09/30/052931/69198.jpg
69199,76,10.2,1.1,0,0.332,die_profile_images/2023/09/30/053016/69199.jpg
69200,46.6,40.5,1.35,0,0.558,die_profile_images/2023/11/04/030815/69200.jpg
69201,84,84,2,0,1.79,die_profile_images/.net_data/cb5898da-cf40-4881-876c-231e2cd9e5a6_35202.jpg
69202,62,26,1.25,0,0.689,die_profile_images/.net_data/5d1f5212-3df7-4c0c-b9f2-48c4a266bc27_69202.jpg
69203,81.6,28.85,1.5,0,1.028,die_profile_images/.net_data/0618c76b-07b1-4ccd-9cac-1775b2c18ca9_69203.jpg
69204,19.75,10.1,1.5,0,0.142,die_profile_images/.net_data/15b858a2-42db-4453-b8ee-3cd9ebafe535_69204.jpg
69205,70,31,1.3,0,0.501,die_profile_images/.net_data/4f4f86ec-fb04-4368-a997-b911b2a7e005_69205.jpg
69206,83.3,24,1.5,0,0.965,die_profile_images/.net_data/934edfc1-e6fb-440f-bc54-76d65ae5ecbb_69206.jpg
69207,34.65,10.35,1.5,0,0.232,die_profile_images/.net_data/8b171763-f782-4ad3-b6c7-f0b800582549_69207.jpg
69208,70,19,1.3,0,0.414,die_profile_images/.net_data/077274bc-31db-4c33-a6cf-d5ea89260122_69208.jpg
69209,98,22,1.85,0,1.24,die_profile_images/.net_data/543c8ea6-0263-4c7a-9a10-e5c23f5e967a_69209.jpg
69210,43,8,1.3,0,0.187,die_profile_images/.net_data/94ed950c-7da1-4b9c-9c0a-9bc815dfca33_69210.jpg
69211,43,28,1.4,0,0.429,die_profile_images/.net_data/ff54c691-74dd-4201-b83b-858e68406a31_69211.jpg
69212,98,22,2.2,0,1.182,die_profile_images/.net_data/f4fa7615-f983-44cb-9015-719b0b33feee_69212.jpg
69213,19.8,11.3,1.7,0,0.153,die_profile_images/.net_data/ff8ca6f6-db25-4366-a8e8-8ece35c6228e_69213.jpg
69214,85,24,1.5,0,0.926,die_profile_images/.net_data/e82b9bf1-e19c-4f99-a197-8ef305e62c82_69214.jpg
69215,82,24,1.5,0,0.852,die_profile_images/.net_data/be73ef36-f43d-43a4-b35a-4c8bfbe370ce_69215.jpg
69216,17.6,8.3,1.6,0,0.11,die_profile_images/.net_data/d92b927f-0d6f-4963-9a7b-6223d52f221b_69216.jpg
69217,61.7,20.85,1.5,0,0.729,die_profile_images/.net_data/090edf21-981f-441e-9a35-5e876dc854a3_69217.jpg
69218,11.27,6.25,1.5,0,0.082,die_profile_images/.net_data/044ec416-7cc6-48ae-a893-569a454d722a_69218.jpg
69219,59.79,11.85,1.2,0,0.324,die_profile_images/.net_data/149e779a-2d90-485b-8bda-eeaef23a4610_69219.jpg
69220,19,8.5,1.4,0,0.14,die_profile_images/.net_data/35e1b5b5-ac46-4d05-9c26-b07d7e97e425_69220.jpg
69222,40.4,11.5,1.2,0,0.223,die_profile_images/2023/01/06/115354/69222.jpg
69222,40.4,11.5,1.2,0,0.223,die_profile_images/2023/01/06/120659/69222.jpg
69223,32,8.5,1.4,0,0.119,die_profile_images/2023/01/06/115508/69223.jpg
69224,59.2,32,2,0,0.531,die_profile_images/2023/01/06/115614/69224.jpg
69225,61.7,21,1,0,0.496,die_profile_images/2023/01/06/115726/69225.jpg
69226,32.8,27,2,0,0.444,die_profile_images/2023/01/06/115933/69226.jpg
69227,62,44,1.25,0,0.783,die_profile_images/2023/01/06/120221/69227.jpg
69301,89.2,40,1.4,0,1.447,die_profile_images/2024/01/17/121523/68301.jpg
69302,68.1,22,1.4,0,0.947,die_profile_images/2024/01/17/121717/68302.jpg
69303,28.7,14.46,2.55,0,0.4,die_profile_images/2024/01/17/121820/68303.jpg
69304,29,63,1.4,0,0.852,die_profile_images/2024/01/17/121909/68304.jpg
69305,44.5,22,1.4,0,0.615,die_profile_images/2024/01/17/121959/68305.jpg
69306,25.8,4,2,0,0.158,die_profile_images/2024/09/05/060811/58701.jpg
69307,136.2,40,1.4,0,2.212,die_profile_images/2024/09/05/060944/58702.jpg
69308,58.1,22,1.4,0,0.746,die_profile_images/2024/09/05/061218/58703.jpg
69501,27,14,1.25,0,0.462,die_profile_images/2021/08/16/112320/69501.jpg
69502,6.25,90,2,0,0.625,die_profile_images/2022/08/19/053721/AAVID-Model.jpg69502JPG.jpg
69503,6.55,82.6,1,0,0.36,die_profile_images/2021/08/31/051247/69502.png
69504,6.35,90.5,2,0,0.635,die_profile_images/2021/08/31/051410/69502.png
69505,81.5,1.7,0,0,0.373,die_profile_images/2021/08/31/051519/69505.png
69506,128.2,2,0,0,0.773,die_profile_images/2021/08/31/051718/69505.png
69507,91,64,5.66,1.45,5.413,die_profile_images/2021/10/30/023432/69507.jpg
69508,57,28.68,7.95,0,1.572,die_profile_images/2021/10/30/023700/69508.jpg
69509,96,6,0,0,1.401,die_profile_images/2022/04/26/101050/69509.jpg
69510,34.92,12.7,1.57,0,0.443,die_profile_images/2022/04/26/101228/69510.jpg
69511,41.9,25.4,1.49,0,0.837,die_profile_images/2022/04/26/101445/69511.jpg
69512,72,2,0,0,0.388,die_profile_images/2022/04/26/101603/69512.jpg
69513,46,21.5,1.2,0,1.437,die_profile_images/2023/06/09/023231/69513.jpg
69514,54,37,1.2,0,1.743,die_profile_images/2023/06/09/023600/69514.jpg
69515,40,13.7,1.3,0,0.829,die_profile_images/2023/06/09/023701/69515.jpg
69516,55.85,4.5,0,0,0.676,die_profile_images/2023/07/12/112848/69516.jpg
69517,54.61,1.52,0,0,0.223,die_profile_images/2023/07/12/111644/69517.jpg
69518,55.75,19.8,1.9,0,2.406,die_profile_images/2023/07/16/110226/69518.jpg
69519,32,12.8,1.01,1.38,0.638,die_profile_images/2023/07/16/110511/69519.jpg
69520,40.7,9.95,1,4.15,0.533,die_profile_images/2023/07/16/110632/69520.jpg
69521,39,35.8,7.5,0,0.502,die_profile_images/2023/07/31/124700/69521.jpg
69522,60,19.4,1.5,0,1.661,die_profile_images/2023/07/31/124835/69522.jpg
69523,50,13.7,1.3,0,1.148,die_profile_images/2023/07/31/125012/69523.jpg
69524,209,13,8.5,0,5.833,die_profile_images/2023/07/31/125528/69524.jpg
69525,25,4.5,1.5,0,0.216,die_profile_images/2023/07/31/125702/69525.jpg
69526,25,8,1.5,0,0.196,die_profile_images/2023/07/31/010103/69526.jpg
69527,31.71,11.5,1.5,0,0.428,die_profile_images/2023/07/31/010207/69527.jpg
69528,65.05,16.5,8.8,0,2.006,die_profile_images/2023/10/06/123940/69528.jpg
69529,60,18.8,1.5,0,1.62,die_profile_images/2023/10/06/124125/69529.jpg
69530,38.1,12.5,3,0,0.615,die_profile_images/2023/10/06/124903/69530.jpg
69531,44.3,12.5,1.2,0,0.697,die_profile_images/2023/10/06/125104/69531.jpg
69532,57.4,5.8,13.96,0,0.584,die_profile_images/2023/12/03/100239/669532.jpg
69533,88.5,1.5,0,0,0.356,die_profile_images/2024/01/20/121302/69533.jpg
69534,38.1,12.95,2.5,0,0.768,die_profile_images/2024/05/15/105832/69534.jpg
69535,112,1.7,0,0,0.514,die_profile_images/2024/10/18/093747/69535.jpg
69701,64,30,7,0,3.419,die_profile_images/2021/08/11/121817/69701.jpg
69702,16.3,11,10,6,0.328,die_profile_images/2022/12/12/101222/69702.jpg
69703,18.5,12.5,9,8.5,0.393,die_profile_images/2022/12/12/101411/69703.jpg
69704,6.35,3.56,1.52,0,0.055,die_profile_images/2023/07/12/100952/69704.jpg
69705,12,8,0,0,0.258,die_profile_images/2024/08/22/100127/69705.jpg
69751,20,24.5,3.21,0,0.414,die_profile_images/2021/08/27/032959/69751.jpg
69901,95.94,85.36,5,0,3.44,die_profile_images/.net_data/43533f4f-7ede-439b-967b-e4ec6a20c89f_70158.jpg
69902,77.29,54,7,0,4.363,die_profile_images/.net_data/ac40187e-fe53-49c9-bbd2-93e40e25657f_70159.jpg
69903,105.9,59.35,5,0,5.08,die_profile_images/.net_data/8a26259f-0fc2-46dd-871d-8980cfee860c_70140.jpg
69904,66.91,40.21,3,0,1.604,die_profile_images/.net_data/d1216631-1d5d-4bf3-9287-d671ba60029a_new.jpg
69905,88,79.91,4,0,5.16,die_profile_images/2021/05/19/043306/69905.jpg
69906,155.3,48.7,5,0,3.916,die_profile_images/2022/05/23/063929/69906.jpg
69907,59.13,21.15,3,0,0.986,die_profile_images/2022/07/08/104921/69907.jpg
69908,86.17,29.5,5,0,1.865,die_profile_images/2023/03/02/031451/69908.jpg
69909,120.88,10,5,0,2.139,die_profile_images/2023/03/02/031609/69909.jpg
69910,55.28,71.98,5,0,3.085,die_profile_images/2023/03/05/045821/69910.jpg
69911,100.49,22.08,3,0,1.168,die_profile_images/2023/03/05/045932/69911.jpg
69912,75.89,29.57,3,0,1.339,die_profile_images/2023/04/01/043407/69912.jpg
69913,103.6,65.99,5,0,3.647,die_profile_images/2023/11/01/055425/69913.jpg
69951,75,45.3,2,0,1.363,die_profile_images/2021/03/27/054919/66131.jpg
69952,75,9.5,2,0,0.451,die_profile_images/2021/03/27/055105/66132.jpg
69953,33.73,27.89,1.45,0,0.341,die_profile_images/2021/08/31/045529/69953.png
69954,45.93,27.89,1.4,0,0.383,die_profile_images/2021/08/31/045745/69954.png
69955,100,30,1.45,0,0.962,die_profile_images/2021/08/31/050121/69955.png
69956,100,6.8,1.5,0,0.458,die_profile_images/2021/08/31/050318/69956.png
69957,60,19,1.2,0,0.352,die_profile_images/2022/11/11/120505/69957JPG.jpg
69958,58.98,48.6,1.2,0,0.215,die_profile_images/2022/11/11/120606/69958JPG.jpg
69959,49.45,9.01,1.2,0,0.215,die_profile_images/2022/11/11/120708/69959JPG.jpg
69960,60,11.3,1.2,0,0.291,die_profile_images/2022/11/11/120800/69960JPG.jpg
69961,60,11.9,1.2,0,0.288,die_profile_images/2022/11/11/121003/69961JPG.jpg
69962,110,6.76,1,0,0.383,die_profile_images/2022/11/11/121058/69962JPG.jpg
69963,60,60,1,0,0.774,die_profile_images/2022/11/11/121149/69963JPG.jpg
69964,50.9,4.2,2,0,0.284,die_profile_images/2022/11/11/121244/69964_JPG.jpg
69965,25,7,1.5,0,0.14,die_profile_images/2024/03/15/123643/69965.jpg
69966,100,30,2,0,1.12,die_profile_images/2024/06/06/034002/69966.jpg
69967,91.25,26,1.5,0,0.508,die_profile_images/2024/06/06/035703/69967.jpg
70251,22.2,36.15,3.4,0,0.692,die_profile_images/2023/12/28/041616/70251.jpg
70252,27.5,27.5,1.8,0,0.461,die_profile_images/2023/12/28/041940/70252.jpg
70253,29.3,29.3,1.9,0,0.517,die_profile_images/2023/12/28/042604/70253.jpg
70254,42,16.5,1.45,0,0.505,die_profile_images/2023/12/28/043229/70254.jpg
70255,42,15.5,1.4,0,0.525,die_profile_images/2023/12/28/043436/70255.jpg
70256,32,15,1.4,0,0.385,die_profile_images/2023/12/28/043646/70256.jpg
70257,49.8,15.6,1.5,0,0.604,die_profile_images/2023/12/28/043754/70257.jpg
70258,40.4,24.5,3.85,0,0.809,die_profile_images/2023/12/28/044208/70258.jpg
70259,35.2,14.29,0.85,0,0.262,die_profile_images/2023/12/28/044324/70259.jpg
70260,17.9,33.85,8,0,0.71,die_profile_images/2023/12/28/044542/70260.jpg
70261,17.9,8.15,1.85,0,0.287,die_profile_images/2023/12/28/044635/70261.jpg
70262,36,18,8.9,0,0.696,die_profile_images/2024/02/03/121001/70262.jpg
70263,32.99,9.9,5.9,0,0.7,die_profile_images/2024/02/03/121107/70263.jpg
70264,27.7,17.5,9,0,0.52,die_profile_images/2024/02/03/121239/70264.jpg
70265,26.13,10.3,4,0,0.13,die_profile_images/2024/02/03/121454/70265.jpg
70266,42,17.8,1.5,0,0.411,die_profile_images/2024/06/20/111924/70266.jpg
70267,42,17.8,1.25,0,0.385,die_profile_images/2024/06/20/115623/70267.jpg
70268,67.5,22,1.05,0,0.547,die_profile_images/2024/06/20/120031/70268.jpg
70269,45,22,1.05,0,0.408,die_profile_images/2024/06/20/120310/70269.jpg
70270,28,20.45,1.75,0,0.372,die_profile_images/2024/06/02/055008/70270.jpg
70271,40,10,0,0,1.019,die_profile_images/2024/06/02/054658/70271.jpg
70272,30,7.9,0,0,0.603,die_profile_images/2024/06/02/053620/70272.jpg
70273,7.85,12,0,0,0.295,die_profile_images/2024/06/02/054326/70273.jpg
70274,28,30,2,0,1.04,die_profile_images/2024/06/20/103355/70274.jpg
70275,30.5,12.5,0,0,0.768,die_profile_images/2024/06/02/055329/70275.jpg
70276,11,12,1.45,0,0.332,die_profile_images/2024/06/20/104600/70276.jpg
70277,11,25,2.5,0,0.781,die_profile_images/2024/06/20/111122/70277.jpg
70278,11.9,13.5,4.6,0,1.18,die_profile_images/2024/06/20/111353/70278.jpg
70279,18.94,15,1.5,0,0.312,die_profile_images/2024/06/20/111643/70279.jpg
70280,30,11,0,0,0.66,die_profile_images/2024/08/08/104250/70280.jpg
70281,12,12,0,0,0.351,die_profile_images/2024/09/05/052749/70283.jpg
70282,11.78,26,0,0,0.453,die_profile_images/2024/09/05/052532/70282.jpg
70283,34,15.4,10,0,0.697,die_profile_images/2024/09/05/052924/70284.jpg
70284,11.8,8.84,0,0,0.155,die_profile_images/2024/09/05/051954/70281.jpg
70501,35,18,5,0,0.615,die_profile_images/.net_data/3324643f-3c57-4dc9-86b8-f5f5ec320f51_70501.jpg
70502,32,12,0,0,0.826,die_profile_images/.net_data/7083c686-0a2c-430e-a1ab-4db35039a5f9_70502.jpg
70503,35,8,0,0,0.599,die_profile_images/.net_data/d03144b2-8c9b-4d51-be59-eb31bb92489c_70503.jpg
70504,23,18.7,0,0,0.463,die_profile_images/2021/04/05/033121/70504.jpg
70505,26.81,21.39,0,0,0.519,die_profile_images/2021/05/08/033632/70505.jpg
70506,27.64,3.03,0,0,0.176,die_profile_images/2021/05/08/033816/70506.jpg
70507,34,18,0,0,0.704,die_profile_images/2021/05/08/033948/70507.jpg
70508,18,8.2,0,0,0.274,die_profile_images/2021/05/08/034159/70508.jpg
70509,49,18,2,0,0.608,die_profile_images/2021/06/13/123114/70509.jpg
70510,42,18,2,0,0.618,die_profile_images/2021/06/13/123612/70510.jpg
70511,42,18,2,0,0.467,die_profile_images/2021/06/13/123757/70511.jpg
70512,22.1,21.16,0,0,0.808,die_profile_images/2021/08/16/121700/70512.jpg
70513,30,26,8,0,0.766,die_profile_images/2024/06/02/022003/70513.jpg
70514,58,22,1,0,0.849,die_profile_images/2024/06/02/022232/70514.jpg
70515,52.5,15,2.25,0,0.565,die_profile_images/2024/06/02/051509/70515.jpg
70516,26,15.7,0,0,0.726,die_profile_images/2024/06/02/051754/70516.jpg
70517,30,16,0,0,0.55,die_profile_images/2024/06/02/052418/70517.jpg
70751,40,18,2,0,0.389,die_profile_images/2021/11/15/043040/70751.jpg
70752,50,24.5,1.8,0,0.398,die_profile_images/2021/11/15/043548/70752.jpg
70753,22.5,20.41,7.5,0,0.379,die_profile_images/2021/11/15/043723/70753.jpg
70754,34,15,1.45,0,0.493,die_profile_images/2023/07/07/114033/70754.jpg
70755,24,14,1.45,0,0.442,die_profile_images/2023/07/07/114230/70755.jpg
70756,40,16,1.5,0,0.419,die_profile_images/2023/07/07/114347/70756.jpg
70757,33,15,0.6,0,1.757,die_profile_images/2024/11/25/121534/70757.jpg
71001,84,50.5,1.2,0,1.02,die_profile_images/.net_data/f39fa235-e35d-45bd-b333-a90c5325ba9a_71001.jpg
71001,84,50.5,1.2,0,1.02,die_profile_images/.net_data/9a61001f-9f53-47cc-ab9d-ba934249520c_71001.jpg
71002,55,26.5,1,0,0.563,die_profile_images/.net_data/8eb7cb95-e7d0-4acb-9bb1-6249fd80f5fa_71002.jpg
71003,84,68.5,1.2,0,1.159,die_profile_images/.net_data/3be0399d-8379-44b3-ad67-c5bb3b4656ac_71003.jpg
71004,38,32,1.1,0,0.522,die_profile_images/.net_data/14c33110-c995-4a1f-abdf-0f2597ceb604_71004.jpg
71005,85,64,1.5,0,1.29,die_profile_images/.net_data/09dcb7b6-e178-4dcc-a637-92dc116810cb_71005.jpg
71006,85,64,1.5,0,1.09,die_profile_images/.net_data/22e21ea9-66d7-46cd-b144-d1d9f1bd8f61_71006.jpg
71006,85.5,40,1.5,0,1.09,die_profile_images/.net_data/c64ee827-050b-498f-993e-6f4e8495c4f1_71006.jpg
71007,69.3,35.2,1.4,0,0.911,die_profile_images/.net_data/22535664-b9d7-45a2-a184-78da22b74c16_71007.jpg
71008,20,20,1.6,0,0.411,die_profile_images/.net_data/9bc75a14-5925-4392-aec4-ffc897b7adce_71008.jpg
71009,30,30,1.9,0,0.785,die_profile_images/.net_data/7f53c23d-1dc6-4f4b-9726-ca98cc70d0f8_71009.jpg
71010,82,25.2,2.8,0,1.61,die_profile_images/.net_data/4c43de8f-0c09-4350-ba45-d23240073463_71010.jpg
71011,52.7,40,3.9,0,1.51,die_profile_images/.net_data/de2378d6-fecf-4e7f-8f8d-8861b5f7ec75_71011.jpg
71012,54,10.9,2.8,0,0.5,die_profile_images/.net_data/46514444-e5d3-4286-90a7-374d6cf9dd94_71012.jpg
71013,38.9,10.7,2.8,0,0.39,die_profile_images/.net_data/56cdd1eb-c28b-4e4a-a31d-4c836d68f36c_71013.jpg
71014,40,24,2.4,0,0.506,die_profile_images/.net_data/bc7bb2c7-2376-40bb-8f07-ceaf3d1ed181_71014.jpg
71015,34,4.5,1.8,0,0.153,die_profile_images/.net_data/1014b5f0-fbb4-4d92-9933-dbc033e65d3a_71015.jpg
71016,91.8,66,4,0,2.65,die_profile_images/.net_data/6c7ade30-00d1-4416-b03d-6eda7b837a55_71016.jpg
71017,95,45,2.9,0,1.87,die_profile_images/.net_data/c592010b-d30b-4464-a784-614d4c328462_71017.jpg
71018,35,20.7,1,0,0.27,die_profile_images/.net_data/7fd9e60c-aaf4-40b4-93f9-48dd03cb10a3_71018.jpg
71019,50,23,1,0,0.445,die_profile_images/.net_data/a4979a78-9519-492e-8362-4e0e2a92d24e_71019.jpg
71020,84,30,1.2,0,0.622,die_profile_images/.net_data/48c6a618-6895-4f6c-bc33-7ffc1570851f_71020.jpg
71021,42,33,3,0,0.799,die_profile_images/.net_data/57fa32ca-329a-4868-b8d5-62a0b7ef3c92_71021.jpg
71022,22.8,35,2.9,0,0.522,die_profile_images/.net_data/ca18597d-f4d1-4853-a526-6f8db6ccff0e_71022.jpg
71023,37.8,13,4,0,0.494,die_profile_images/.net_data/60c13673-40e7-437e-9dac-14cb86fc1de1_71023.jpg
71024,84.1,50.56,1.25,0,0.934,die_profile_images/.net_data/f4b1700d-2a0e-47fb-b16a-ae2bad5806c1_71024.jpg
71025,55.1,26.5,1.2,0,0.553,die_profile_images/.net_data/1c11d5ed-3268-485b-93cc-9be45c8b26cc_71025.jpg
71026,35,16,0.95,0,0.281,die_profile_images/.net_data/ef76df05-6d36-4c4f-97a8-0b599989f38b_71026.jpg
71027,52,22.2,1.25,0,0.5,die_profile_images/.net_data/5bc9644b-d4a8-4dc3-b7ab-57a21c1c16ce_71027.jpg
71028,84.1,71,1.2,0,0.411,die_profile_images/.net_data/5cc1382a-f729-443e-bd8d-fbf97476d1d0_71028.jpg
71029,55,120,2.5,0,5.207,die_profile_images/.net_data/3208aa4d-96db-4122-85ef-c0533a8d85a5_71029.jpg
71030,99.9,33.66,1.2,0,1.225,die_profile_images/.net_data/e159bc3f-1410-4faf-ac87-63863308e002_71030.jpg
71031,99.8,33.66,1.2,0,1.285,die_profile_images/.net_data/b16d8ce5-4970-44f7-ab29-0b375000922b_71031.jpg
71032,70.7,18.3,1.3,0,0.498,die_profile_images/.net_data/a8afab55-886f-4d33-a894-e2eb1ad367fa_71032.jpg
71033,40.6,14,1.4,0,0.432,die_profile_images/.net_data/9a5e000c-9422-477e-bbd8-bdbbc2ad43b0_71033.jpg
71034,46,33,3,0,0.832,die_profile_images/.net_data/6119e66a-0b54-4cf1-851b-0f2790f53338_71034.jpg
71035,40.5,20.9,4.5,0,0.607,die_profile_images/.net_data/c3163824-b847-4bc7-a45e-a814c969a561_71035.jpg
71036,5.2,2,0,0,0.028,die_profile_images/.net_data/bda42737-531b-4f4b-8fcd-9ffa236c9112_71036.jpg
71037,40.7,12.4,1.8,0,0.36,die_profile_images/.net_data/30ed2fe6-c0d0-4b83-a24f-80de07b154da_71037.jpg
71038,80.44,12.8,3.8,0,0.833,die_profile_images/.net_data/8bbab6b6-5fbd-4f88-b173-83ff0592554d_71038.jpg
71039,55.6,14.4,1.3,0,0.42,die_profile_images/.net_data/5a28f804-4acf-4d47-a1c6-968394e95031_71039.jpg
71040,68,35,1.4,0,0.792,die_profile_images/.net_data/9f51d846-8b85-4db5-940d-d689d804cd63_71040.jpg
71041,22.8,31.8,2.9,0,0.497,die_profile_images/.net_data/1fe86d7d-b050-4144-b369-b523edd5160c_71022.jpg
71042,49.9,21.3,1.7,0,0.677,die_profile_images/.net_data/a4073afb-ed22-4409-9ec3-ab8a8a6b4063_71042.jpg
71043,42,42,2,0,0.911,die_profile_images/.net_data/6992acd0-5d30-4df7-b92b-c7e3c0792417_71043.jpg
71044,37.45,11,1.5,0,0.198,die_profile_images/.net_data/0a7f45de-e2c0-4147-9536-28f041440833_71044.jpg
71045,52.9,14,2,0,0.971,die_profile_images/.net_data/e32dd449-4b75-48ae-84a7-ad76182ab2f8_71045.jpg
71046,96,96,3.5,0,6.148,die_profile_images/.net_data/4abc8061-a36b-40cf-9082-82f24cdc0afb_71046.jpg
71047,110.4,85.2,2,0,3.739,die_profile_images/.net_data/2f9d3816-0713-4797-b53c-1581d0c23c0c_71047.jpg
71048,12,28.58,1.75,0,0.211,die_profile_images/.net_data/f1b8d0aa-a849-4ba1-be5b-2b59073a584b_71048.jpg
71049,75,3.7,1.5,0,0.319,die_profile_images/.net_data/977d5250-860e-49e6-ba39-d234699990f4_71049.jpg
71050,68.03,35,1.4,0,0.95,die_profile_images/.net_data/141ac433-def5-44fb-88e1-d6d33471785f_71050.jpg
71051,59,24,1.8,0,1.308,die_profile_images/.net_data/0a8d83ef-29c2-41d3-beca-5377e70a33d7_71051.jpg
71052,16,16,1,0,0.162,die_profile_images/.net_data/05f9e332-780a-4356-874b-6ef37a305e81_71052.jpg
71053,63.5,30.9,1.1,0,0.555,die_profile_images/.net_data/1b8f8edc-f8fe-4524-a585-dcac8ebf95d2_71053.jpg
71054,65,26,1.2,0,0.654,die_profile_images/.net_data/254e190a-0a76-4311-bc4e-986efe562985_71054.jpg
71055,70,20,1.2,0,0.7,die_profile_images/.net_data/5da39327-25b5-4073-b32f-639439a446fa_71055.jpg
71056,49.56,20,1.2,0,0.452,die_profile_images/.net_data/c35e15ca-9dee-4ce8-bf98-7a11f3e33e0a_71056.jpg
71057,105,50,1.25,0,1.278,die_profile_images/.net_data/292bad2e-bf62-4dca-8c7d-163a9c60a3a8_71057.jpg
71058,104.8,70.16,1.25,0,1.337,die_profile_images/.net_data/ccf49968-3f01-48c5-b563-fbb1f46c8366_71058.jpg
71059,69.44,37.8,1.4,0,0.779,die_profile_images/.net_data/3302b9bb-35b6-4ac1-8575-885bc5ce7597_71059.jpg
71060,23.17,21.26,1.2,0,0.142,die_profile_images/.net_data/4cdd393d-43ba-40fd-96f1-c54648e80867_71060.jpg
71061,98,48,1.5,0,1.141,die_profile_images/.net_data/5ed51e16-07f6-4cdb-a473-2aebb3c5f9cf_71061.jpg
71062,97.5,66,1.3,0,1.406,die_profile_images/.net_data/cbe46026-7c31-411b-8b79-17426e5dc670_71062.jpg
71063,75.75,35.2,1.4,0,0.879,die_profile_images/.net_data/9d90d74d-edc4-449e-b8c2-e9f6fbc93ef5_71063.jpg
71064,99.8,68.32,1.2,0,1.406,die_profile_images/.net_data/0b4267cd-d718-4d7b-bf03-d321cfe2faaa_71064.jpg
71065,18,24.6,1,0,0.188,die_profile_images/.net_data/3125f802-030c-47ac-bab2-ccff3518c71a_71065.jpg
71066,29,14,2,0,0.396,die_profile_images/.net_data/99aaef75-0535-497d-b35f-1360ee8b2242_71066.jpg
71067,86,46,1.4,0,1.097,die_profile_images/.net_data/7e8089b2-5e9a-45be-8829-d15b46b6c42a_71067.jpg
71068,100,69.7,1.2,0,1.346,die_profile_images/2021/04/04/102448/71068.jpg
71069,100,50.9,1.2,0,1.127,die_profile_images/2021/04/04/102615/71069.jpg
71070,68.35,35,1.2,0,0.767,die_profile_images/2021/04/04/102752/71070.jpg
71071,83.85,45.4,1.5,0,1.038,die_profile_images/2021/05/09/121053/71071.jpg
71072,83,60.84,1.3,0,1.106,die_profile_images/2021/05/09/121205/71072.jpg
71073,57.54,28,1.4,0,0.692,die_profile_images/2021/05/09/121324/71073.jpg
71074,34,32.5,12,0,2.365,die_profile_images/2021/07/26/060541/71074.jpg
71075,50.75,21.8,1.2,0,0.475,die_profile_images/2021/08/16/105633/71075.jpg
71076,20.7,9.7,1.1,0,0.387,die_profile_images/2022/05/16/123901/71076.jpg
71077,77,50.5,1.9,0,1.65,die_profile_images/2022/05/16/124100/71077.jpg
71078,100.5,50.5,105,0,1.801,die_profile_images/2022/07/04/041910/71078.jpg
71079,27.18,24.2,20.54,1.15,0.402,die_profile_images/2022/07/04/042421/71079.jpg
71080,30.02,26,33.72,1.2,0.532,die_profile_images/2022/07/04/043059/71080.jpg
71081,65,28.82,1.4,0,0.798,die_profile_images/2022/07/04/043927/71081.jpg
71082,17.6,13,1,0,0.163,die_profile_images/2022/07/26/025509/71082.jpg
71083,64.7,47.5,50.5,1.2,1.087,die_profile_images/2022/07/04/044315/71083.jpg
71084,17.2,13,1.2,0,0.182,die_profile_images/2022/07/04/044619/71084.jpg
71085,38.2,33.2,1.2,0,0.338,die_profile_images/2022/07/04/044750/71085.jpg
71086,16,13,1.2,0,0.16,die_profile_images/2022/07/04/044934/71086.jpg
71087,50.59,47.2,50.2,1.1,1.101,die_profile_images/2022/07/04/045114/71087.jpg
71088,65,28.82,1.4,0,0.953,die_profile_images/2022/07/04/045222/71088.jpg
71089,87.8,48,1.5,0,1.552,die_profile_images/2022/07/26/125257/71089.jpg
71090,85.8,47.15,1.6,0,1.824,die_profile_images/2022/07/26/125429/71090.jpg
71091,62,29,1.4,0,0.715,die_profile_images/2022/08/13/095211/71091.jpg
71092,22,16,1,0,0.213,die_profile_images/2022/08/24/114703/71092JPG.jpg
71093,50.2,48,1.6,0,1.046,die_profile_images/2022/08/18/033721/71087.jpg
71094,50.95,35,1.2,0,0.653,die_profile_images/2022/10/03/042453/71094.jpg
71095,69.7,35,1.2,0,0.794,die_profile_images/2022/10/03/042257/71095.jpg
71096,108,44.6,4,0,2.085,die_profile_images/2023/07/08/115528/71096.jpg
71097,42,24,4,0,0.874,die_profile_images/2023/07/08/115849/71097.jpg
71106,73.2,50,1.7,0,1.081,die_profile_images/2024/03/24/122738/71106.jpg
71107,96.3,58,1.4,0,1.406,die_profile_images/2024/03/24/122151/71107.jpg
71108,74.9,58,1.4,0,1.391,die_profile_images/2024/03/24/122455/71108.jpg
71109,40.2,37.52,1.55,0,0.443,die_profile_images/2023/07/06/043230/71109.jpg
71111,60,25,1.1,0,0.599,die_profile_images/2024/06/01/035624/71111.jpg
71112,60,25,1.1,0,0.557,die_profile_images/2023/07/06/103857/71112.jpg
71113,13.5,9.5,1.5,0,0.106,die_profile_images/2023/07/06/044946/71113.jpg
71114,48.6,16,5,0,0.95,die_profile_images/2023/10/13/054944/71114.jpg
71115,21,7,1.65,0,0.245,die_profile_images/2023/12/30/105522/71115.jpg
71116,24.7,27.2,2.55,0,0.996,die_profile_images/2023/12/30/110237/71116.jpg
71117,124.04,6.8,1.2,0,0.643,die_profile_images/2023/12/30/110628/71117.jpg
71118,17.5,11.5,1,0,0.54,die_profile_images/2023/12/30/110848/71118.jpg
71119,52,14,2,0,1.206,die_profile_images/2023/12/30/111026/71119.jpg
71120,26,9,2.65,0,0.41,die_profile_images/2024/01/17/101957/71120.jpg
71121,26,9,2.65,0,0.42,die_profile_images/2024/01/17/102115/71121.jpg
71122,26,8,2.15,0,0.383,die_profile_images/2024/01/17/103745/71122.jpg
71123,41.4,12,3,0,0.814,die_profile_images/2024/01/17/103847/71123.jpg
71124,19.6,21.9,2.7,0,0.3,die_profile_images/2024/02/06/032416/71124.jpg
71125,24.1,21.9,2.7,0,0.33,die_profile_images/2024/02/06/032601/71125.jpg
71126,53.37,31.53,2.86,0,0.76,die_profile_images/2024/07/13/054332/71126.jpg
71127,53.73,28.9,2.8,0,0.669,die_profile_images/2024/07/13/054519/71127.jpg
71128,49.97,13.89,5,0,0.838,die_profile_images/2024/02/10/105342/71128.jpg
71129,53.16,13.89,0,0,0.854,die_profile_images/2024/02/10/105440/71129.jpg
71130,51.8,10.65,4.5,0,0.718,die_profile_images/2024/02/06/032727/71130.jpg
71131,54.62,10,3.5,0,0.688,die_profile_images/2024/02/06/034005/71131.jpg
71132,26,16.3,1.5,0,0.26,die_profile_images/2024/02/10/105743/71132.jpg
71133,51.8,24.3,14,0,2.437,die_profile_images/2024/02/06/033730/71133.jpg
71134,125,27.7,2.2,0,2,die_profile_images/2024/05/04/094436/71134.jpg
71135,14.8,16.5,1.25,0,0.096,die_profile_images/2024/03/08/022405/71135.jpg
71136,12.7,1.2,0,0,0.076,die_profile_images/2024/03/08/022707/71136.jpg
71137,19,25,1.7,0,0.157,die_profile_images/2024/08/08/103652/71137.jpg
71138,20.51,62,3.5,0,0.734,die_profile_images/2024/03/23/102254/71138.jpg
71139,77,64,4,0,1.708,die_profile_images/2024/04/10/114351/71139.jpg
71140,99.9,8,0.5,0,0.318,die_profile_images/2024/06/06/054957/71140.jpg
71141,52.5,53.4,3.5,0,1.38,die_profile_images/2024/06/02/024357/71141.jpg
71142,52,57.6,3.51,0,1.21,die_profile_images/2024/06/02/025729/71142.jpg
71143,50.49,35,1.22,0,0.745,die_profile_images/2024/05/16/035951/71143.jpg
71144,38,35.6,3,0,0.616,die_profile_images/2024/08/17/032435/71144.jpg
71145,35.5,28.6,3,0,0.57,die_profile_images/2024/08/17/032644/71145.jpg
71146,66.33,32,1.1,0,0.652,die_profile_images/2025/01/02/094413/71146.jpg
71147,20,16.9,1.45,0,0.211,die_profile_images/2025/01/18/044954/71147.jpg
71148,20,16.9,1.45,0,0.266,die_profile_images/2025/01/18/045109/71148.jpg
72001,78,24.4,2,0,1.192,die_profile_images/.net_data/72001.jpg
72002,87.5,41.8,7,0,3.628,die_profile_images/.net_data/64c6f205-7fb5-4f01-a1fa-7706c6588aaa_72002.jpg
72003,59.2,16.3,1.2,0,0.298,die_profile_images/.net_data/72003.jpg
72004,46.2,80,2,0,1.6,die_profile_images/.net_data/8ff7f344-189d-41bd-96cd-b6d71144cf0a_72004.jpg
72005,40,28.4,1.8,0,0.508,die_profile_images/.net_data/72005.jpg
72006,37,24.4,1.8,0,0.465,die_profile_images/.net_data/72006.jpg
72007,80,40,1.5,0,1,die_profile_images/.net_data/72007.jpg
72008,80,70,1.6,0,1.624,die_profile_images/.net_data/72008.jpg
72009,80,45,1.6,0,1.449,die_profile_images/.net_data/72009.jpg
72010,31.2,8.8,2.2,0,0.213,die_profile_images/.net_data/72010.jpg
72011,37.7,8.8,2.2,0,0.254,die_profile_images/.net_data/72011.jpg
72024,114,40,1.6,0,1.699,die_profile_images/.net_data/d3f3fcc6-6b25-4fd4-9d5a-a2ccce5c9f58_72024.jpg
72025,119,45,1.6,0,1.957,die_profile_images/.net_data/c40f029d-e453-4cd1-b2c7-0f3a6f7d623e_72024.jpg
72026,38.8,26.8,2.5,0,0.845,die_profile_images/.net_data/72026.jpg
72028,52.9,44.3,1.8,0,0.845,die_profile_images/.net_data/72028.jpg
72029,64.7,54.9,1.8,0,1.207,die_profile_images/.net_data/72029.jpg
72030,102.5,47,2.5,0,2.843,die_profile_images/.net_data/72030.jpg
72031,37.6,77.3,3.5,0,2.402,die_profile_images/.net_data/72031.jpg
72032,69,31.2,1.2,0,0.427,die_profile_images/.net_data/72032.jpg
72033,73.3,56,2,0,2.1,die_profile_images/.net_data/72033.jpg
72034,37.6,70,1.8,0,0.85,die_profile_images/.net_data/72034.jpg
72037,60,50,1.5,0,0.887,die_profile_images/.net_data/d321bf20-27ca-4a95-9b2b-d159887d8ea3_72037.jpg
72046,76.5,33,3,0,1.82,die_profile_images/.net_data/21ca65cb-66d6-46a3-aca1-c0f25eae7e19_72046.jpg
72047,109.6,22.6,3,0,2.035,die_profile_images/.net_data/73ffee1b-ed82-4eff-b753-01c181cee1f9_72047.jpg
72501,50,100,2,0,2.231,die_profile_images/2022/03/24/021943/72501.jpg
72502,50,99,1.8,0,1.645,die_profile_images/2022/03/24/022648/72502.jpg
72503,70.24,42.5,1.25,0,1.043,die_profile_images/2023/03/03/034020/72503.jpg
72504,63,25.52,1.2,0,0.859,die_profile_images/2023/03/03/034507/72504.jpg
72505,39.32,34.24,1.2,0,0.385,die_profile_images/2023/12/04/113535/72505.jpg
72506,65,14.96,1.2,0,0.67,die_profile_images/2023/03/03/034816/72506.jpg
72507,17.41,13,1,0,0.159,die_profile_images/2023/03/03/034919/72507.jpg
72601,45.75,39.85,1.2,0,0.676,die_profile_images/2022/07/06/124037/72601.jpg
72602,45.75,54.2,1.2,0,0.676,die_profile_images/2022/07/06/124133/72602.jpg
72603,45.75,39,1.2,0,0.583,die_profile_images/2022/07/06/124228/72603.jpg
72604,45.75,67.91,1.2,0,0.793,die_profile_images/2022/07/06/124525/72604.jpg
72605,32.24,18.38,1.2,0,0.221,die_profile_images/2022/10/03/024433/72605.jpg
72606,45.75,52.95,1.2,0,0.694,die_profile_images/2022/07/06/124829/72606.jpg
72607,48.49,40.05,1.2,0,0.603,die_profile_images/2022/10/03/031329/72607_JPG.jpg
72801,65,28,2,0,0.915,die_profile_images/2023/03/03/041923/72801.jpg
72802,58.5,31.3,1.4,0,0.947,die_profile_images/2023/03/03/042119/72802.jpg
72803,84,48.49,0,0,1.01,die_profile_images/2023/03/03/042328/72803.jpg
72804,123.4,22.6,0,0,1.353,die_profile_images/2023/03/03/042459/72804.jpg
72805,120.1,47.1,1.4,0,2.456,die_profile_images/2023/03/03/042659/72805.jpg
72806,80.7,42.8,1.4,0,1.462,die_profile_images/2023/03/03/042959/72806.jpg
72807,66.91,28,1.3,0,0.991,die_profile_images/2023/03/03/043325/72807.jpg
72808,50,35,2,0,0.925,die_profile_images/2023/12/26/093745/72808.jpg
72809,45,40,2,0,1.248,die_profile_images/2023/12/25/054919/72809.jpg
72810,65,27,1.4,0,0.87,die_profile_images/2023/12/20/034654/72811.jpg
72811,58.5,31.3,1.4,0,0.858,die_profile_images/2023/12/25/055041/72811.jpg
72812,89.91,28,1.3,0,0.855,die_profile_images/2023/12/25/055400/72812.jpg
72813,37.45,23,1.4,0,0.681,die_profile_images/2023/12/25/055509/72813.jpg
72814,37.45,23,2,0,0.744,die_profile_images/2023/12/25/055746/72814.jpg
72815,40.9,22.5,1.5,0,0.627,die_profile_images/2023/12/25/055914/72815.jpg
72816,58,42.1,1.3,0,1.067,die_profile_images/2023/12/29/105142/72816.jpg
72817,101,42.1,1.3,0,1.637,die_profile_images/2023/12/29/105324/72817.jpg
72818,50,28,2,0,0.697,die_profile_images/2024/02/10/023516/72818.jpg
72819,45,45,2.3,0,0.898,die_profile_images/2024/02/10/024214/72819.jpg
72820,74.45,46.4,1.4,0,1.288,die_profile_images/2024/11/13/054519/72820.jpg
72821,73,56.47,1.8,0,1.822,die_profile_images/2025/01/02/102908/72821.jpg
72822,73,55,2,0,1.233,die_profile_images/2025/01/02/105138/72822.jpg
72823,70.6,26.6,1.6,0,0.935,die_profile_images/2025/01/02/105740/72823.jpg
72824,63,65,1.8,0,1.662,die_profile_images/2025/01/02/110455/72824.jpg
72825,65,28,1.8,0,1.165,die_profile_images/2025/01/02/110656/72825.jpg
72826,73,36.15,1.8,0,1.197,die_profile_images/2025/01/02/111036/72826.jpg
72827,42.5,65,1.8,0,1.53,die_profile_images/2025/01/02/111341/72827.jpg
72828,68.3,32.99,1.4,0,0.584,die_profile_images/2025/01/02/111657/72828.jpg
72829,27.8,14.8,1.2,0,0.193,die_profile_images/2025/01/02/111944/72829.jpg
72830,114,46.4,1.2,0,1.706,die_profile_images/2025/02/27/025827/72830.jpg
73001,47.77,10,2.2,0,0.383,die_profile_images/.net_data/bd87b143-af4a-41b5-b554-ed359cf6edd5_73001.jpg
73002,52,18.3,1.3,0,0.328,die_profile_images/.net_data/f45bcf0d-6b0a-4b76-a317-75a01e2237e2_73002.jpg
73003,52,110,2,0,1.978,die_profile_images/.net_data/3de364b9-3fb8-428b-bc70-54f3213094db_73003.jpg
73004,60,131,2,0,2.769,die_profile_images/.net_data/1ed996ae-2151-48eb-82ab-13f2b69b5d63_73004.jpg
73005,60,131,2,0,2.27,die_profile_images/.net_data/b569f253-0c20-450d-b9ef-d10992df4174_73005.jpg
73006,57.35,22.5,1.5,0,0.679,die_profile_images/.net_data/c47507a0-586b-4efe-96b6-98b4c4e1c576_73006.jpg
73007,18.15,16.68,3,0,0.253,die_profile_images/.net_data/d66692b8-d916-4ce5-8c0f-f6978951f8b7_73007.jpg
73008,132,70,2,0,2.39,die_profile_images/.net_data/48985299-85cd-44f9-8157-564a3c8753c0_73008.jpg
73009,72,108.25,2.5,0,1.609,die_profile_images/.net_data/2c38030b-26d4-435c-a5b6-0fe3e30d9c2d_73009.jpg
73010,27.9,55.74,2,0,0.519,die_profile_images/.net_data/9241d9d5-d524-4f47-a091-258622884c9e_73010.jpg
73011,78.54,61.57,2,0,1.19,die_profile_images/.net_data/77a52f47-6689-4830-b0a4-9ea72db15cfc_73011.jpg
73012,97,49.1,1.6,0,2.03,die_profile_images/.net_data/993f9325-02fd-4be5-8b47-10cd866f057c_73012.jpg
73013,65.8,26,1.4,0,0.851,die_profile_images/.net_data/d058a57b-0df7-4789-add0-7e2512f59808_73013.jpg
73014,38,29.7,1.4,0,0.325,die_profile_images/.net_data/63d4cda5-2699-4135-8690-d9567d36a038_73014.jpg
73015,65.8,26,1.3,0,0.818,die_profile_images/.net_data/9cf52a50-779b-42a6-98a6-2c1cb6e45f00_73015.jpg
73016,14.18,6.8,1.6,0,0.084,die_profile_images/.net_data/fb496137-cd79-4df3-abfb-9a0f134c8909_73016.jpg
73017,15.2,40.7,1.4,0,0.541,die_profile_images/2022/03/05/112028/73017.jpg
73018,28.45,24.92,1.2,0,0.226,die_profile_images/.net_data/dbdded6f-bdf3-469b-b211-8ea678be1cde_73018.jpg
73019,60,60,6,0,1.626,die_profile_images/.net_data/a2c70e6f-813f-4394-b5ea-6062b4b30692_73019.jpg
73020,37.1,20,1.5,0,0.483,die_profile_images/.net_data/17cd8814-1593-497b-8b19-df614280f1c5_73020.jpg
73021,29.5,9,2.1,0,0.184,die_profile_images/.net_data/ac8294fb-cd41-4a7c-8c78-40449994038b_73021.jpg
73022,60,77.5,2,0,1.707,die_profile_images/.net_data/6a75a0f6-0bd1-4a53-8dc5-b294daf5857b_73022.jpg
73023,44,23,1.7,0,0.633,die_profile_images/.net_data/a877b425-caef-4ad9-ac31-e416062edbab_73023.jpg
73024,71.2,39.5,1.8,0,1.112,die_profile_images/.net_data/00ca6ab5-373a-40b9-a933-1871ed7b00f1_73024.jpg
73025,78.3,39,1.8,0,1.278,die_profile_images/.net_data/35fc77b5-171a-4b0c-a75f-4822decbe338_73025.jpg
73026,65,10.75,2,0,0.415,die_profile_images/.net_data/58e5b8ab-7274-4a71-a2c3-e6cad3a0990f_73026.jpg
73501,75,25,1.5,0,0.964,die_profile_images/.net_data/bb0a5534-65c0-4aac-94f9-23620b48c873_Chiniwala-Model.jpg
73502,50.4,31,1.3,0,0.402,die_profile_images/2021/05/01/025223/73502.jpg
73601,34.99,37.01,2.44,0,0.86,die_profile_images/2024/04/10/104702/73601.jpg
73602,68.04,16.48,1,0,0.272,die_profile_images/2024/04/10/104958/73602.jpg
73603,44.98,16.05,2.08,0,0.654,die_profile_images/2024/04/10/105218/73603.jpg
73604,41.98,20.2,1.9,0,0.66,die_profile_images/2024/04/10/105357/73604.jpg
73605,45,28.02,2,0,0.85,die_profile_images/2024/04/10/105528/73605.jpg
73606,71.98,32.05,1.9,0,0.82,die_profile_images/2024/04/10/105803/73606.jpg
73607,44.98,16.06,1.98,0,0.701,die_profile_images/2024/04/10/105939/73607.jpg
73608,52.63,20.2,2,0,0.72,die_profile_images/2024/04/10/110533/73608.jpg
73609,54,16.05,1.98,0,0.74,die_profile_images/2024/04/10/110631/73609.jpg
74001,115.5,45,1.3,0,1.92,die_profile_images/.net_data/49d699e6-4e42-4c43-8bd1-49e16a38aa9f_74001.jpg
74002,72.43,45,1.3,0,1.393,die_profile_images/.net_data/fa0d0c8f-7de2-453f-bb8a-6751169400d0_74002.jpg
74003,65,27,1.3,0,0.905,die_profile_images/.net_data/e2105a7a-3d8c-4fbc-943e-58ba5d234e36_74003.jpg
74004,40.42,24.5,2,0,0.761,die_profile_images/.net_data/f496874c-3a90-4170-b068-d823d1125db8_74004.jpg
74005,50.78,24.5,2,0,0.833,die_profile_images/.net_data/4cb73c0a-cb86-4bcd-91aa-515f519313b5_74005.jpg
74006,18.27,12.37,0,0,0.198,die_profile_images/.net_data/6d31c8e7-c983-4b10-9ed8-d86c10b7bd8d_74006.jpg
74007,37.09,35.41,1.3,0,0.383,die_profile_images/.net_data/bd7dd40e-6ff3-4ad3-bc46-37521c3c32de_74007.jpg
74008,48.82,37.09,1.3,0,0.658,die_profile_images/.net_data/900b8efb-5906-4364-afd2-8e6c37791b04_74008.jpg
74009,65,27,1.3,0,0.812,die_profile_images/2021/05/09/125329/74009.jpg
74010,40.42,24.5,1.3,0,0.681,die_profile_images/2021/05/09/125441/74010.jpg
74011,50.79,24.5,1.3,0,0.814,die_profile_images/2021/05/09/125946/74011.jpg
74012,40.42,24.5,2,0,0.641,die_profile_images/2021/05/09/043547/74012.jpg
74013,16.2,16.05,1.25,0,0.223,die_profile_images/2021/05/09/043702/74013.jpg
74014,40,13,1.25,0,0.482,die_profile_images/2021/05/09/043830/74014.jpg
74015,65,27,1.3,0,0.774,die_profile_images/2021/05/09/043947/74015.jpg
74016,50.79,24.5,1.3,0,0.774,die_profile_images/2021/05/09/044051/74016.jpg
74017,155,35,1.8,0,2.18,die_profile_images/2023/06/09/111520/74017.jpg
74018,42.1,27.2,1.5,0,0.629,die_profile_images/2023/06/09/111733/74018.jpg
74019,42.1,28,1.2,0,0.613,die_profile_images/2023/06/09/112842/74019.jpg
74020,42.1,43.13,2,0,1.032,die_profile_images/2023/06/09/113018/74020.jpg
74021,78.5,55,2.45,0,1.861,die_profile_images/2023/06/09/113605/74021.jpg
74021,78.5,42.7,1.7,0,1.861,die_profile_images/2023/06/09/121319/74021.jpg
74022,77,25,1.7,0,1.091,die_profile_images/2023/06/09/113902/74022.jpg
74023,147,25,2,0,2.171,die_profile_images/2023/06/09/114216/74023.jpg
74024,76.95,47.4,1.8,0,1.03,die_profile_images/2024/02/02/100636/74024.jpg
74025,18.7,11.9,8.75,0,0.141,die_profile_images/2024/06/21/031059/74025.jpg
74026,42.1,37.5,9.1,0,0.25,die_profile_images/2023/06/09/115248/74026.jpg
74027,47.8,21.3,1.8,0,0.459,die_profile_images/2023/06/09/115420/74027.jpg
74028,47.8,21.3,1.8,0,0.407,die_profile_images/2023/06/09/115643/74028.jpg
74029,60,60,2.5,0,2.328,die_profile_images/2023/06/09/115848/74029.jpg
74029,60,60,2.5,0,2.328,die_profile_images/2023/06/09/122116/74029.jpg
74030,26.3,11.8,17.03,0,0.757,die_profile_images/2023/06/09/120058/74030.jpg
74031,90,35,1.8,0,1.339,die_profile_images/2023/06/09/120300/74031.jpg
74032,50,43.72,2,0,0.807,die_profile_images/2023/06/09/120511/74032.jpg
74033,42.2,38.7,1.5,0,0.922,die_profile_images/2023/06/09/120649/74033.jpg
74034,34.8,21,3,0,0.817,die_profile_images/2023/10/01/113915/74034.jpg
74035,60,47.5,1.6,0,1.139,die_profile_images/2023/10/01/023913/74035.jpg
74036,42.48,28,1.5,0,0.65,die_profile_images/2023/10/01/025943/74036.jpg
74037,76.1,47.5,1.31,0,1.268,die_profile_images/2023/10/01/024621/74037.jpg
74038,121.8,47.5,1.4,0,1.894,die_profile_images/2023/10/01/030251/74038.jpg
74039,105.8,47.5,1.3,0,1.616,die_profile_images/2023/10/01/030701/74039.jpg
74040,84.83,28,1.8,0,1.307,die_profile_images/2023/10/01/030937/74040.jpg
74041,24,11,5,0,0.404,die_profile_images/2024/02/21/103718/74041.jpg
74042,42.2,38.7,1.5,0,0.97,die_profile_images/2024/02/21/104054/74042.jpg
74043,117.5,1.4,18,0,0.94,die_profile_images/2025/01/29/024441/74043.jpg
74044,144,24.65,1.5,0,0.872,die_profile_images/2025/01/29/024628/74044.jpg
74045,144,25.5,1.8,0,1,die_profile_images/2025/01/29/025203/74045.jpg
74046,100,9.5,2,0,0.73,die_profile_images/2025/01/29/025318/74046.jpg
74047,125,17,2,0,1.13,die_profile_images/2025/04/14/052632/74047.jpg
74048,25.6,20.6,1.2,0,0.152,die_profile_images/2025/04/14/052822/74048.jpg
75001,23,16,1.7,0,0.299,die_profile_images/2021/04/04/100339/75001.jpg
75002,55,50,1.8,0,0.854,die_profile_images/2021/04/04/100637/75002.jpg
75003,58.4,25.9,0.9,0,0.367,die_profile_images/2021/04/11/110852/75003.jpg
75004,40,18.5,1,0,0.28,die_profile_images/2021/05/14/043230/75004.jpg
75005,53.35,10.5,2.5,0,0.765,die_profile_images/2021/08/16/110955/75005.jpg
75006,32,12.7,2.3,0,0.45,die_profile_images/2021/08/16/111128/75006.jpg
75851,83,35,3,0,1.76,die_profile_images/2022/03/15/113817/75851.jpg
75852,76,35,3,0,1.917,die_profile_images/2022/03/15/113846/75852.jpg
75853,65,22,3,0,0.913,die_profile_images/2022/03/15/114526/75853.jpg
75854,115,35,3,0,2.897,die_profile_images/2022/03/15/114712/75854.jpg
75951,32,12.69,1.7,0,0.436,die_profile_images/2021/11/30/054241/75006.jpg
75952,53.35,10.5,2.5,0,0.766,die_profile_images/2022/09/03/111017/75952.jpg
76001,40.1,37.1,1.5,0,0.862,die_profile_images/2021/03/17/054452/76001.jpg
76002,33.8,26,3,0,0.902,die_profile_images/2021/03/17/054642/76002.jpg
76003,82.5,37.9,1.3,0,1.399,die_profile_images/2021/03/17/054831/76003.jpg
76004,127.5,37.9,1.3,0,1.97,die_profile_images/2021/03/17/055328/76004.jpg
76005,65,30.6,1.5,0,0.814,die_profile_images/2021/03/17/055449/76005.jpg
76006,56.5,30,1.5,0,0.737,die_profile_images/2021/03/17/055652/76006.jpg
76007,42.8,20,1.5,0,0.528,die_profile_images/2021/03/17/055845/76007.jpg
76008,77.8,20,1.5,0,0.884,die_profile_images/2021/03/17/060044/76008.jpg
76009,77.8,20,1.5,0,0.865,die_profile_images/2021/03/17/060212/76009.jpg
76010,70.5,60,1.5,0,1.242,die_profile_images/2021/03/17/060456/76010.jpg
76011,57.6,26.6,1.5,0,0.735,die_profile_images/2021/03/17/060717/76011.jpg
76012,28,17,1.6,0,0.269,die_profile_images/2021/03/17/060856/76012.jpg
76013,12.2,8,1.3,0,0.122,die_profile_images/2021/03/17/061312/76013.jpg
76014,82.5,47.4,1.3,0,0.96,die_profile_images/2021/03/17/061501/76014.jpg
76015,127.5,47.4,1.3,0,1.294,die_profile_images/2021/03/17/061621/76015.jpg
76016,68,57.4,1.4,0,1.014,die_profile_images/2021/03/17/061806/76016.jpg
76017,59.2,18,2,0,0.715,die_profile_images/2021/04/04/040310/76017.jpg
76018,99.2,18,2.5,0,1.519,die_profile_images/2021/04/04/040437/76018.jpg
76019,99.2,18,2.8,0,1.519,die_profile_images/2021/04/04/040601/76019.jpg
76020,112,52,1.5,0,2.202,die_profile_images/2021/04/07/095645/76020.jpg
76021,112,14.9,1.5,0,1.562,die_profile_images/2021/04/07/095936/76021.jpg
76022,35.6,20.7,1.3,0,0.491,die_profile_images/2021/04/07/100211/76022.jpg
76023,35,28.5,1.5,0,0.614,die_profile_images/2021/04/07/100349/76023.jpg
76024,35,30.7,1.4,0,0.605,die_profile_images/2021/04/07/100534/76024.jpg
76025,66.36,40.1,1.6,0,1.11,die_profile_images/2021/06/30/115111/76025.jpg
76026,72.2,7.3,1.6,0,0.328,die_profile_images/2021/06/30/120026/76026.jpg
76027,19.5,4.4,1.8,0,0.106,die_profile_images/2021/06/30/121216/76027.jpg
76028,99.2,18,2.8,0,1.516,die_profile_images/2021/08/14/103655/76028.jpg
76029,99.2,18,2.8,0,1.516,die_profile_images/2021/08/14/103845/76029.jpg
76030,24.9,22.25,3.1,0,0.344,die_profile_images/2022/08/24/110017/76030JPG.jpg
76031,37.66,51,1.8,0,0.769,die_profile_images/2024/03/08/110909/76031.jpg
76032,33.23,52.19,1.3,0,0.9,die_profile_images/2024/03/08/111020/76032.jpg
76033,37.66,14.9,1.8,0,0.574,die_profile_images/2024/03/08/111151/76033.jpg
76034,33.23,17.12,1.8,0,0.516,die_profile_images/2024/03/08/111346/76034.jpg
76035,35.35,51.22,2.5,0,0.883,die_profile_images/2024/03/08/111443/76035.jpg
76036,58.63,17.15,1.8,0,0.78,die_profile_images/2024/03/08/111608/76036.jpg
76037,58.63,52.22,1.3,0,1.2,die_profile_images/2024/03/08/111716/76037.jpg
76038,51.22,47.33,2.5,0,0.866,die_profile_images/2024/06/24/115759/76038.jpg
76201,50.8,7.8,1.1,0,0.362,die_profile_images/2022/08/24/101840/76201JPG.jpg
76202,50.8,25.4,1.56,0,0.545,die_profile_images/2022/08/24/102137/76202JPG.jpg
76203,50.8,35.56,1.78,0,0.66,die_profile_images/2022/08/24/102257/76203JPG.jpg
76204,38.1,7.75,1.14,0,0.251,die_profile_images/2022/08/24/102358/76204JPG.jpg
76205,50.8,31.93,2.54,0,0.899,die_profile_images/2022/08/24/102507/76205JPG.jpg
76206,31.75,7.75,1.14,0,0.212,die_profile_images/2022/08/24/102621/76206JPG.jpg
76207,44.45,50.79,2.54,0,0.985,die_profile_images/2022/08/24/102756/76207JPG.jpg
76208,101.6,44.45,2.54,0,1.682,die_profile_images/2022/08/24/102854/76208JPG.jpg
76209,63.5,31.93,1.59,0,0.697,die_profile_images/2022/08/24/103047/76209JPG.jpg
76210,50.79,35.56,2.03,0,0.876,die_profile_images/2022/08/24/103158/76210JPG.jpg
76211,63.5,31.93,2.54,0,1.093,die_profile_images/2022/08/24/103335/76211JPG.jpg
76212,63.5,44.45,2.54,0,1.174,die_profile_images/2022/08/24/103435/76212JPG.jpg
76401,50,17,2,0,1.016,die_profile_images/2025/01/17/041532/76401.jpg
76402,19,50,2,0,0.414,die_profile_images/2025/01/17/041736/76402.jpg
76403,42,17.5,2,0,0.845,die_profile_images/2025/01/17/042300/76403.jpg
76404,12,36.5,1.5,0,0.462,die_profile_images/2025/01/17/041915/76404.jpg
76405,12,12,1.5,0,0.157,die_profile_images/2025/01/17/042122/76405.jpg
76501,38,26,0,0,2.365,die_profile_images/2024/09/19/102754/76501.jpg
76502,44,28,0,0,2.612,die_profile_images/2024/09/19/102909/76502.jpg
76701,67,21.25,2.75,0,1.571,die_profile_images/2022/11/04/113710/76701.jpg
76702,93.2,55.1,5,0,4.278,die_profile_images/2023/04/07/110331/76702.jpg
76703,94.5,20.54,1.5,0,0.532,die_profile_images/2023/04/07/110755/76703.jpg
76704,60,34,7,0,2.526,die_profile_images/2023/04/07/110954/76704.jpg
76705,30,25,1.7,0,0.559,die_profile_images/2023/04/07/111129/76705.jpg
76706,40,31.5,1.5,0,0.652,die_profile_images/2023/04/07/111250/76706.jpg
76707,80,50,9,0,3.424,die_profile_images/2023/04/07/111439/76707.jpg
76708,50,48.5,4.5,0,2.067,die_profile_images/2023/09/01/102323/76708.jpg
76709,14.41,8.2,2.1,0,0.207,die_profile_images/2024/04/13/120534/76709.jpg
77001,60,17.51,1.5,0,0.885,die_profile_images/2021/04/04/114227/77001.jpg
77002,60,50,0,0,1.604,die_profile_images/2021/04/04/114339/77002.jpg
77003,64.4,6.89,1.5,0,0.299,die_profile_images/2022/05/16/024705/77003.jpg
77004,22.42,18.7,2,0,0.319,die_profile_images/2022/05/16/022112/DIE_NO-77004.jpg
77005,83.04,17.49,2.25,0,0.965,die_profile_images/2022/05/16/120200/77005.jpg
77006,83.5,17.49,2.25,0,0.971,die_profile_images/2022/05/16/025404/77006.jpg
77007,120,42.5,1.8,0,2.293,die_profile_images/2022/05/16/121019/77007.jpg
77008,81.63,19.4,2,0,1.433,die_profile_images/2022/05/16/121302/77008.jpg
77009,120,42.5,1.5,0,1.401,die_profile_images/2022/05/16/121645/77009.jpg
77010,75.98,42.5,1.49,0,1.768,die_profile_images/2023/07/12/121116/77010.jpg
77011,118.38,42.5,1.8,0,2.645,die_profile_images/2023/07/12/121322/77011.jpg
77012,75.98,42.5,1.5,0,1.146,die_profile_images/2023/07/12/121454/77012.jpg
77013,118.38,42.5,1.5,0,1.436,die_profile_images/2023/07/12/121712/77013.jpg
77014,63.14,31.63,2,0,1.152,die_profile_images/2023/07/12/121911/77014.jpg
77015,96.58,17.5,1.75,0,1.07,die_profile_images/2023/07/12/122102/77015.jpg
77016,30.8,24.8,2,0,0.48,die_profile_images/2023/07/12/122359/77016.jpg
77017,40.58,10.5,1.5,0,0.43,die_profile_images/2023/07/12/122531/77017.jpg
77018,19,13,2,0,0.21,die_profile_images/2023/07/12/122710/77018.jpg
77019,24.63,19,2,0,0.467,die_profile_images/2023/07/12/122904/77019.jpg
77020,25.1,2.02,1.9,0,0.232,die_profile_images/2023/07/12/123051/77020.jpg
77201,120,58,2,0,0.836,die_profile_images/2023/04/02/052533/77201.jpg
77202,160.1,14.5,2.5,0,1.269,die_profile_images/2023/04/02/052648/77202.jpg
77203,126.02,17.9,2.5,0,1.2,die_profile_images/2023/04/02/052840/77203.jpg
77204,135.02,70.5,2.5,0,1.397,die_profile_images/2023/04/02/053006/77204.jpg
77205,25,10,1.2,0,0.125,die_profile_images/2024/12/09/110645/77205.jpg
78001,37,86.2,6,0,3.223,die_profile_images/2022/04/04/120904/78001.jpg
78002,45.4,117.3,6.9,0,5.544,die_profile_images/2022/04/04/121001/78002.jpg
78003,25.5,25.5,1.6,0,0.521,die_profile_images/2022/04/04/121102/78003.jpg
78004,40.2,40.1,1.8,0,0.942,die_profile_images/2022/04/04/121159/78004.jpg
78005,63.49,44.53,1.6,0,1.253,die_profile_images/2022/04/04/121255/78005.jpg
78006,56.98,71.48,1.8,0,2.191,die_profile_images/2022/04/04/121426/78006.jpg
78007,51.6,51.6,1.6,0,1.134,die_profile_images/2022/04/04/121539/78007.jpg
78008,50.27,47.93,1.6,0,0.934,die_profile_images/2022/04/04/121635/78008.jpg
78009,35,35,1.5,0,0.443,die_profile_images/2022/04/08/061907/78009.jpg
78010,40.2,40.2,3.95,0,0.714,die_profile_images/2022/04/08/062022/78010.jpg
79001,150,50,2,0,2.448,die_profile_images/2022/04/14/021229/rectangular_tube.jpg
79001,150,50,2,0,2.116,die_profile_images/2022/04/14/022423/rectangular_tube.jpg
80001,55.5,40,1.5,0,0.543,die_profile_images/2023/06/17/035136/80001.jpg
80002,75,40,1.75,0,1.082,die_profile_images/2023/06/17/035246/80002.jpg
80003,45,15,1.5,0,0.392,die_profile_images/2023/06/17/035409/80003.jpg
80004,35.5,22.5,1.25,0,0.557,die_profile_images/2023/06/17/035514/80004.jpg
80005,61,48,2,0,0.868,die_profile_images/2023/06/17/035641/80005.jpg
80006,65.5,40,1.5,0,0.585,die_profile_images/2023/06/17/035743/80006.jpg
80007,85,50,1.7,0,1.297,die_profile_images/2023/06/17/035844/80007.jpg
80008,45.5,23.5,1.25,0,0.625,die_profile_images/2023/06/17/035940/80008.jpg
80009,55,13.5,1.6,0,0.329,die_profile_images/2023/06/17/040051/80009.jpg
80010,56.6,34.35,1.6,0,0.591,die_profile_images/2023/06/17/040215/80010.jpg
80011,85.5,40,1.5,0,0.664,die_profile_images/2023/06/17/040316/80011.jpg
80012,60,59,1.5,0,1.429,die_profile_images/2023/06/17/040421/80012.jpg
80013,80,59,1.75,0,1.721,die_profile_images/2023/06/17/040528/80013.jpg
80014,84,70,1.75,0,1.65,die_profile_images/2023/10/16/103627/80014.jpg
80015,68.3,26,1.3,0,0.743,die_profile_images/2023/10/16/103926/80015.jpg
80016,75,13.5,1.6,0,0.534,die_profile_images/2023/10/08/104013/80016.jpg
80017,75,14.75,1.6,0,0.68,die_profile_images/2023/10/16/104025/80017.jpg
80018,105.5,40,1.75,0,0.814,die_profile_images/2023/10/16/104052/80018.jpg
80019,90,84,1.75,0,1.511,die_profile_images/2023/06/17/042122/80019.jpg
80020,85.5,27.5,1.25,0,0.919,die_profile_images/2023/06/17/042233/80020.jpg
80021,95,14.75,1.6,0,0.703,die_profile_images/2023/06/17/042331/80021.jpg
80022,100,59,38,0,2.029,die_profile_images/2023/06/17/042436/80022.jpg
80023,30,18,1.5,0,0.426,die_profile_images/2023/06/17/042538/80023.jpg
80024,70.3,25.57,2.25,0,0.471,die_profile_images/2023/06/17/042637/80024.jpg
80025,41.81,13.43,1.5,0,0.261,die_profile_images/2023/06/17/042742/80025.jpg
80026,39.86,15.38,1.5,0,0.232,die_profile_images/2023/06/17/042900/80026.jpg
80027,59.93,13.5,1.25,0,0.315,die_profile_images/2023/06/17/042955/80027.jpg
80028,80,15,2,0,0.557,die_profile_images/2023/06/17/043054/80028.jpg
80029,95,13.5,1.6,0,0.502,die_profile_images/2023/06/17/043153/80029.jpg
80030,77.51,77.51,2,0,0.909,die_profile_images/2023/06/17/043258/80030.jpg
80031,57.51,57.51,1.6,0,0.576,die_profile_images/2023/06/17/043416/80031.jpg
80032,77.25,14.95,1.6,0,0.816,die_profile_images/2023/06/17/043729/80032.jpg
80033,30,10,1.5,0,0.216,die_profile_images/2023/06/17/043837/80033.jpg
80034,8.8,7.5,1,0,0.085,die_profile_images/2023/06/17/044023/80034.jpg
80035,39,22.74,1.5,0,0.612,die_profile_images/2023/06/17/044118/80035.jpg
80036,103.58,4.35,2,0,0.629,die_profile_images/2023/06/17/044240/80036.jpg
80037,27.75,12,1,0,0.214,die_profile_images/2023/06/17/044341/80037.jpg
80038,80,59,3,0,2.464,die_profile_images/2023/06/17/044539/80038.jpg
80039,27.72,20.05,2,0,0.497,die_profile_images/2023/06/17/044642/80039.jpg
80040,72.5,48,2,0,0.93,die_profile_images/2023/06/17/044847/80040.jpg
80041,59,50,3,0,1.36,die_profile_images/2023/06/17/045007/80041.jpg
80042,45,25,2,0,0.416,die_profile_images/2023/06/17/045240/80042.jpg
80043,55,25,2,0,0.499,die_profile_images/2023/06/17/045449/80043.jpg
80044,100,100,2.25,0,2.38,die_profile_images/2023/06/17/045541/80044.jpg
80045,75,25,2,0,0.582,die_profile_images/2023/06/17/045628/80045.jpg
80046,29.03,7.8,1,0,0.127,die_profile_images/2023/06/18/095559/80046.jpg
80047,50,30,1.25,0,0.71,die_profile_images/2023/06/18/095701/80047.jpg
80048,50,44,1.25,0,0.505,die_profile_images/2023/06/18/095800/80048.jpg
80049,80,62.65,1.5,0,1.051,die_profile_images/2023/06/18/100238/80049.jpg
80050,60,48.6,21,11,1.273,die_profile_images/2023/06/18/100415/80050.jpg
80051,60,62.65,1.5,0,0.896,die_profile_images/2023/06/18/100824/80051.jpg
80052,80,25,1.25,0,0.846,die_profile_images/2023/06/18/100925/80052.jpg
80053,42.95,42.4,30,2,0.795,die_profile_images/2023/06/18/101035/80053.jpg
80054,60,20,1.25,0,0.696,die_profile_images/2023/06/18/101131/80054.jpg
80055,80,20,1.5,0,0.707,die_profile_images/2023/06/18/101243/80055.jpg
80056,95,25,2,0,0.74,die_profile_images/2023/06/18/101438/80056.jpg
80057,113.25,25.23,2.7,0,1.625,die_profile_images/2023/06/18/101535/80057.jpg
80058,50,30,1.25,0,0.886,die_profile_images/2023/10/16/111411/80058.jpg
80059,34.94,34.94,2,0,0.625,die_profile_images/2023/06/18/101723/80059.jpg
80060,64.48,24.73,1.8,0,0.398,die_profile_images/2023/06/18/101818/80060.jpg
80061,47.75,47.75,1.25,0,0.613,die_profile_images/2023/06/18/101914/80061.jpg
80062,54.25,54.25,1.75,0,0.628,die_profile_images/2023/06/18/104428/80062.jpg
80063,65.7,54.84,3,0,0.553,die_profile_images/2023/06/18/104710/80063.jpg
80064,50,20,1.25,0,0.598,die_profile_images/2023/06/18/104807/80064.jpg
80065,62.65,50,1.5,0,0.845,die_profile_images/2023/06/18/104903/80065.jpg
80066,85,50,2.5,0,0.972,die_profile_images/2023/06/18/105039/80066.jpg
80067,135.5,27.5,1.25,0,1.253,die_profile_images/2023/06/18/105157/80067.jpg
80068,145,22,1.75,0,0.821,die_profile_images/2023/06/18/105254/80068.jpg
80069,70.5,25.95,2,0,0.688,die_profile_images/2023/06/18/105427/80069.jpg
80070,77.65,40,1.75,0,0.525,die_profile_images/2023/06/18/105519/80070.jpg
80071,100,10,2,0,0.6,die_profile_images/2023/06/18/105734/80071.jpg
80072,100,47.65,2,0,1.158,die_profile_images/2023/06/18/105825/80072.jpg
80073,40,18.34,1.5,0,0.513,die_profile_images/2023/06/18/105924/80073.jpg
80074,51.96,13.5,1.6,0,0.35,die_profile_images/2023/06/18/110027/80074.jpg
80075,60,24.98,1.3,0,0.516,die_profile_images/2023/06/18/110116/80075.jpg
80076,32,18,1.5,0,0.437,die_profile_images/2023/06/18/110248/80076.jpg
80077,37.5,22.5,1.25,0,0.577,die_profile_images/2023/06/18/110428/80077.jpg
80078,87.5,26,2,0,1.2,die_profile_images/2023/06/18/110557/80078.jpg
80079,52,8,1.25,0,0.303,die_profile_images/2023/06/18/110648/80079.jpg
80080,80,62.65,1.5,0,1.234,die_profile_images/2023/06/18/110745/80080.jpg
80081,60.54,77.5,2,0,1.185,die_profile_images/2023/06/18/111151/80081.jpg
80082,32,19,1.9,0,0.592,die_profile_images/2023/06/18/111313/80082.jpg
80083,92.5,48,2,0,1.038,die_profile_images/2023/06/18/111408/80083.jpg
80084,46,34.35,1.6,0,0.548,die_profile_images/2023/06/18/111502/80084.jpg
80085,50,33,2,0,0.945,die_profile_images/2023/06/18/111559/80085.jpg
80086,45,40,1.35,0,0.591,die_profile_images/2023/06/18/111658/80086.jpg
80087,55.1,30,1.3,0,0.403,die_profile_images/2023/06/18/111743/80087.jpg
80089,85.1,30,1.3,0,0.508,die_profile_images/2023/06/18/111845/80089.jpg
80090,59,40,1.3,0,0.672,die_profile_images/2023/06/18/112024/80090.jpg
80091,70,59,1.3,0,0.883,die_profile_images/2023/06/18/112134/80091.jpg
80092,45,20,1.3,0,0.308,die_profile_images/2023/06/18/112536/80092.jpg
80093,75,20,1.3,0,0.414,die_profile_images/2023/06/18/112644/80093.jpg
80094,100,59,3,0,1.737,die_profile_images/2023/06/18/112752/80094.jpg
80095,105.1,30,1.3,0,0.579,die_profile_images/2023/06/18/113037/80095.jpg
80096,95,20,1.3,0,0.484,die_profile_images/2023/06/18/113224/80096.jpg
80097,90,50,1.3,0,1.023,die_profile_images/2023/10/16/113400/80097.jpg
80098,80,54,3,0,1.569,die_profile_images/2023/06/18/113500/80098.jpg
80099,80,60,3,0,2.729,die_profile_images/2023/06/18/113554/80099.jpg
80100,84.5,44.5,1.5,0,1.197,die_profile_images/2023/10/05/033213/80102.jpg
80101,55,15,1.75,0,0.422,die_profile_images/2023/06/18/114339/80101.jpg
80102,36.3,30,1.5,0,0.653,die_profile_images/2025/02/15/021710/80102.jpg
80103,80,59,2.25,0,1.641,die_profile_images/2023/04/07/122658/80103.jpg
80104,49.75,44.5,1.5,0,1.641,die_profile_images/2023/06/18/114616/80104.jpg
80105,30.46,21.46,1.5,0,0.316,die_profile_images/2023/06/18/115015/80105.jpg
80106,44.5,44.5,1.5,0,0.461,die_profile_images/2023/06/18/115059/80106.jpg
80107,50,22.03,1.5,0,0.505,die_profile_images/2023/06/07/021424/80107_0t6u2RK.jpg
80108,67.5,26,1.3,0,0.663,die_profile_images/2024/10/05/114034/80108.jpg
80109,147.9,13.38,1.3,0,0.672,die_profile_images/2024/12/02/035841/80109.jpg
80110,45,13.5,1.6,0,0.285,die_profile_images/2024/12/25/110808/80110.jpg
80111,37.51,14.75,2.47,0,0.401,die_profile_images/2025/05/03/115629/80111.jpg
80501,41.8,30,1.5,0,0.729,die_profile_images/2023/06/18/025909/80501.jpg
80502,71.8,30,1.5,0,0.864,die_profile_images/2023/06/18/030044/80502.jpg
80503,108.77,44.23,1.75,0,0.89,die_profile_images/2023/06/18/030302/80503.jpg
80504,50,43.3,1.5,0,1.02,die_profile_images/2023/06/18/030410/80504.jpg
80505,46,26,2,0,0.463,die_profile_images/2023/06/18/030603/80505.jpg
80506,39.26,8.75,1.2,0,0.202,die_profile_images/2023/06/18/030720/80506.jpg
80507,46,26,2,0,0.478,die_profile_images/2023/06/18/030937/80507.jpg
80508,51.8,30,1.4,0,0.781,die_profile_images/2023/06/18/031155/80508.jpg
80509,83.1,30.5,1.25,0,0.922,die_profile_images/2023/06/18/031352/80509.jpg
80510,104.5,104.5,3,0,1.322,die_profile_images/2023/06/18/031710/80510.jpg
80511,97.5,97.5,2,0,1.527,die_profile_images/2023/06/18/031825/80511.jpg
80512,90,85,2,0,1.867,die_profile_images/2023/06/18/031925/80512.jpg
80513,94,9.25,1.5,0,0.385,die_profile_images/2023/06/18/032139/80513.jpg
80514,102,36.3,2,0,1.62,die_profile_images/2023/06/18/032250/80514.jpg
80515,100,18,2,0,0.785,die_profile_images/2023/06/18/032358/80515.jpg
80516,100,20,1.5,0,1.03,die_profile_images/2023/06/18/032511/80516.jpg
80517,105.5,40,2,0,1.103,die_profile_images/2023/06/18/032639/80517.jpg
80518,50,43.3,1.5,0,1.168,die_profile_images/2023/06/18/032755/80518.jpg
80519,108.36,97.27,1.5,0,1.204,die_profile_images/2023/06/18/032854/80519.jpg
80520,36.3,35,2,0,0.766,die_profile_images/2023/06/18/033016/80520.jpg
80521,108.76,49.48,2,0,0.879,die_profile_images/2023/06/18/033141/80521.jpg
80522,41.8,20,1.25,0,0.306,die_profile_images/2023/06/18/033302/80522.jpg
80523,108.77,34.76,1.75,0,0.893,die_profile_images/2023/06/18/033406/80523.jpg
80524,30.9,29.83,1.25,0,0.364,die_profile_images/2023/06/18/033525/80524.jpg
80525,87.8,30,1.75,0,1.223,die_profile_images/2023/06/18/033632/80525.jpg
80526,75,44.5,2,0,1.719,die_profile_images/2023/06/18/033746/80526.jpg
80527,71.8,20,1.25,0,0.407,die_profile_images/2023/06/18/033901/80527.jpg
80528,53.3,20,1.25,0,0.345,die_profile_images/2023/06/18/034018/80528.jpg
80529,75,36.3,2,0,1.508,die_profile_images/2023/06/18/034219/80529.jpg
80530,75,44.5,2,0,1.462,die_profile_images/2023/06/18/034332/80530.jpg
80531,75,36.3,2.1,0,1.323,die_profile_images/2023/06/18/034458/80531.jpg
80532,102,44.5,2,0,1.782,die_profile_images/2023/10/16/041210/80532.jpg
80533,91.8,30,1.5,0,1.123,die_profile_images/2023/06/18/034741/80533.jpg
80534,80,11,1.25,0,0.405,die_profile_images/2023/06/06/042914/80534.jpg
80534,80,11,1,0,0.46,die_profile_images/2023/06/18/034848/80534.jpg
80535,80,27,2,0,1.543,die_profile_images/2023/06/06/043007/80535.jpg
80535,80,27,2,0,1.543,die_profile_images/2023/06/18/035018/80535.jpg
80536,66.7,30,1.5,0,0.917,die_profile_images/2024/04/12/044638/80536.jpg
80537,61.6,30,1.5,0,0.876,die_profile_images/2024/04/12/044909/80537.jpg
81001,95,9,2,0,0.658,die_profile_images/2024/03/24/102413/81001.jpg
82001,41.1,23.3,1.5,0,0.773,die_profile_images/2024/10/27/040438/82001.jpg
82002,41.2,15,2,0,0.554,die_profile_images/2024/10/27/040728/82002.jpg
82003,59,30.5,1.8,0,0.991,die_profile_images/2024/10/27/044328/82003.jpg
82004,65.42,36,1.13,0,0.534,die_profile_images/2024/10/27/044647/82004.jpg
82005,36,14.88,0,0,1.097,die_profile_images/2024/10/27/044850/82005.jpg
82006,59,28.22,1.3,0,0.953,die_profile_images/2024/10/27/045018/82006.jpg
82007,37.35,16.5,1.5,0,0.234,die_profile_images/2024/10/27/045359/82007.jpg
82008,37.35,33,1.97,0,0.378,die_profile_images/2024/10/27/045611/82008.jpg
82009,86.28,18,1.8,0,1.284,die_profile_images/2024/10/27/051709/82009.jpg
82010,140.9,12.98,1.5,0,1.045,die_profile_images/2024/10/27/051929/82010.jpg
82011,36,14,1.2,0,0.193,die_profile_images/2024/10/27/052136/82011.jpg
82012,64,14.95,2,0,0.87,die_profile_images/2024/10/27/052313/82012.jpg
82013,74.8,18.5,1.5,0,0.494,die_profile_images/2024/10/27/052536/82013.jpg
82014,51.76,34.47,6.5,0,1.794,die_profile_images/2024/10/27/052729/82014.jpg
82015,64,35.9,3.5,0,1.507,die_profile_images/2024/12/18/122423/82015.jpg
82016,72.4,48,1.4,0,1.136,die_profile_images/2024/11/24/044401/82016.jpg
82017,150,18,4,0,2.312,die_profile_images/2024/10/27/045820/82017.jpg
82018,61.7,61.55,1.5,0,1.244,die_profile_images/2024/10/27/050024/82018.jpg
82019,144.8,12.05,1.5,0,1.383,die_profile_images/2024/11/10/125755/82019.jpg
82020,144.8,48,1.5,0,2.115,die_profile_images/2024/11/10/021636/82020.jpg
82021,77.9,12.05,1.5,0,0.721,die_profile_images/2024/11/10/125443/82021.jpg
82022,59,24,1.5,0,1.036,die_profile_images/2024/12/25/122338/82022.jpg
82023,87,59,1.6,0,1.854,die_profile_images/2024/12/25/123101/82023.jpg
82024,66.62,48.5,1.5,0,0.91,die_profile_images/2024/12/25/123418/82024.jpg
82025,91,54.03,1.5,0,1.841,die_profile_images/2024/12/25/123650/82025.jpg
82026,125,54.03,1.5,0,2.558,die_profile_images/2024/12/25/123828/82026.jpg
82027,138.1,28,2,0,1.797,die_profile_images/2025/03/10/094850/82027.jpg
82028,79.2,65.47,1.8,0,1.937,die_profile_images/2025/04/09/110726/82028.jpg
83001,75.07,12.1,1.2,0,0.328,die_profile_images/2024/10/13/123405/83001.jpg
83002,75.38,34.61,3.5,0,1.871,die_profile_images/2024/10/13/123528/83002.jpg
83003,67.42,34.61,3.5,0,1.726,die_profile_images/2024/11/30/051039/83003.jpg
83004,67.07,11.12,1.2,0,0.302,die_profile_images/2024/11/30/051200/83004.jpg
83502,56,7,0.9,0,0.578,die_profile_images/2025/01/08/035222/83502.jpg
83604,50,50,4,0,2.327,die_profile_images/2025/01/17/040922/83604.jpg
83701,15,10.25,1.5,0,0.127,die_profile_images/2024/12/29/031300/83701.jpg
83702,57,10.25,1.5,0,0.271,die_profile_images/2024/12/29/031445/83702.jpg
83703,96.13,42.01,1.5,0,1.156,die_profile_images/2024/12/29/031620/83703.jpg
83704,32.67,41.96,1.5,0,0.495,die_profile_images/2024/12/29/031725/83704.jpg
83705,41.99,37.53,1.5,0,0.529,die_profile_images/2024/12/29/031830/83705.jpg
83706,77,12.5,1.5,0,0.353,die_profile_images/2024/12/29/031930/83706.jpg
83707,76.5,11.5,1.5,0,0.412,die_profile_images/2024/12/29/032101/83707.jpg
83708,60,12.13,1.5,0,0.303,die_profile_images/2024/12/29/032147/83708.jpg
83751,16.5,21.18,1.7,0,0.221,die_profile_images/2025/01/10/052800/83751.jpg
83752,16.5,40,1.7,0,0.385,die_profile_images/2025/01/10/052958/83752.jpg
83753,42,17,2,0,0.381,die_profile_images/2025/04/14/010201/83753.jpg
83754,8.8,17,1.2,0,0.098,die_profile_images/2025/04/14/021039/83754.jpg
99999,59.75,6,3,0,0.508,die_profile_images/2022/06/21/023039/48116.jpg
999999,84,68.5,1.2,0,1.078,die_profile_images/.net_data/e0fa121b-71d1-405f-a3d5-6913dbbbe44d_71003.jpg
999999,120,39.4,1.8,0,1.3,die_profile_images/2021/07/31/022115/77003.jpg
99999999,55,26.5,1,0,0.563,die_profile_images/.net_data/ea0c6a64-074f-4026-81de-cc586a134b2f_71002.jpg
99999999,120,39.4,1.5,0,2.292,die_profile_images/2021/07/31/022236/77004.jpg
AJ-100.18VP,83.1,30.5,1.25,0,0.922,die_profile_images/.net_data/0db2184f-7cf4-475d-ad75-1be2d9c90040_100.18VP.jpg
AJ-100.20VP,100,20,1.5,0,1.03,die_profile_images/.net_data/76f94740-16a8-4bfe-80a7-1bcad5b784fd_AJ-100.20VP.jpg
AJ-100BS.L,90,59,1.3,0,1.023,die_profile_images/2022/08/03/042106/AJ-100BS.L.jpg
AJ-100BSA,90,85,2,0,1.867,die_profile_images/.net_data/d0eb27b4-8d8c-4889-a3a3-5e45f7cd5ca4_100BSA.jpg
AJ-100CORBK,137.06,63.63,2,0,1.322,die_profile_images/2022/07/18/054131/100CORBK.jpg
AJ-100CORFR,97.5,97.5,2,0,1.527,die_profile_images/.net_data/948cbf9e-3acc-42ec-bbfb-e51e35d796cb_100CORER.jpg
AJ-100CS,95,13.5,1.6,0,0.502,die_profile_images/.net_data/4b6d2f94-1d7f-4925-bfc6-5b027a32d167_HE-AJ.100CS.jpg
AJ-100CSHPL,94,9.25,1.5,0,0.385,die_profile_images/.net_data/d3fc6175-bbae-4543-ac85-008c002cce7b_AJ100CSHPL.png
AJ-100GDF,100,59,1.5,0,1.737,die_profile_images/2022/05/23/121721/aj-100gdf.jpg
AJ-100HVS.L,20,95,1.3,0,0.484,die_profile_images/2022/08/03/042326/AJ-100HVS.L.jpg
AJ-100PP6,87.8,30,1.5,0,1.223,die_profile_images/2022/03/24/055531/AJ-100PP6.jpg
AJ-100TS.L,105.1,30,1.3,0,0.579,die_profile_images/2022/08/03/041920/AJ-100TS.L.jpg
AJ-100TSA,105.5,40,2,0,1.103,die_profile_images/.net_data/7ce2aa4a-e4e0-484b-aaf2-91aa1762a374_AJ-100TSA.jpg
AJ-150DFC,70.5,25.95,2,0,0.688,die_profile_images/2022/12/03/110941/150DFC.jpg
AJ-150HVS,145,22,1.75,0,0.929,die_profile_images/2022/12/03/110806/150HVS.jpg
AJ-150PVP,135,27.5,1.25,0,1.253,die_profile_images/2022/12/03/110647/150PVP.jpg
AJ-150TS,77.65,40,1.5,0,0.525,die_profile_images/2022/12/03/111115/150TS.jpg
AJ-44.5DIS,44.5,20,1.5,0,0.641,die_profile_images/2021/10/13/025314/1.jpg
AJ-44.5DISB,36.3,35,2,0,0.766,die_profile_images/.net_data/7649a21f-c80f-44e6-9616-24c6c36ff086_AJ-44.5DISB.jpg
AJ-50.20VP,50,20,1.25,0,0.609,die_profile_images/.net_data/6e360f31-a430-4621-b446-22f97846686c_AJ.50.20VP.jpg
AJ-50CDF,33,50,2,0,0.945,die_profile_images/2022/04/14/112010/AJ-50CDF.jpg
AJ-50COB,108.7,34.76,1.5,0,0.893,die_profile_images/.net_data/881abd00-8f0b-467c-9ab6-1b4df3efb16b_AJ-50COB.jpg
AJ-50CS,51.96,13.5,1.6,0,0.301,die_profile_images/.net_data/03bba960-ccf8-4fe2-96ca-7eaa0c4d001c_AJ-50CS.jpg
AJ-50FW,41.8,20,1.25,0,0.306,die_profile_images/2021/11/22/041101/AJ-50FW.jpg
AJ-50VCCB,54.25,54.25,1.75,0,0.615,die_profile_images/.net_data/8644d195-3236-491e-89d2-3de2fbbf98a2_AJ.50VCCB.jpg
AJ-50ZCP,34.35,46.6,1.6,0,0.548,die_profile_images/2021/08/31/044823/AJ-50ZCP.jpg
AJ-60NPCC,53.3,20,1.25,0,0.345,die_profile_images/2021/11/22/042156/AJ-60NPCC.jpg
AJ-60PP4/4,51.8,30,1.5,0,0.779,die_profile_images/2021/10/29/115254/60PP4.4.jpg
AJ-60SGVP,60,25,1.3,0,0.707,die_profile_images/.net_data/c5a24fed-3154-4a96-9fb8-4862d2a32725_AJ-60SGVP.jpg
AJ-60VC.CB,98.8,44.23,1.75,0,0.89,die_profile_images/2022/08/10/040843/60vccb.jpg
AJ-80BS.L,70,59,1.3,0,0.883,die_profile_images/2022/05/16/113946/HE-AJ.80BS.L.jpg
AJ-80CHP,92.5,48,2,0,1.038,die_profile_images/2021/08/31/045020/AJ-80CHP.jpg
AJ-80COB,108.7,49.48,2,0,1.106,die_profile_images/.net_data/6430e62e-f2a7-4e07-80bb-cf41d2b203bd_AJ-80COB.jpg
AJ-80COF,108.3,40.45,3,0,1.204,die_profile_images/.net_data/78eedaf7-85f0-4e63-8dce-3d141d2dd7b8_AJ-80COF.jpg
AJ-80DF.S,80,54,1.5,0,1.569,die_profile_images/2022/08/18/120943/80df.s.jpg
AJ-80FW,71.8,20,1.25,0,0.407,die_profile_images/2021/11/22/042458/AJ-80FW.jpg
AJ-80HDF(50.50),80,60,3,0,2.717,die_profile_images/2022/12/03/105632/80HDF50.50.jpg
AJ-80HTS,50,85,2.5,0,0.972,die_profile_images/.net_data/eb1c349d-257c-4104-a7a8-fa5f4db092db_AJ-80HTS.jpg
AJ-80TS.L,85.1,30,1.3,0,0.508,die_profile_images/2022/05/16/113628/AJ.80TS.L.jpg
AJ-GDA,44.5,102,2,0,1.782,die_profile_images/2022/05/23/114730/aj-gda.jpg
AJ-GDB,44.5,75,2,0,1.719,die_profile_images/2022/05/23/114233/AJ-GDB.jpg
AJ-GDC,30.2,29.82,1.25,0,0.364,die_profile_images/2022/05/23/114854/aj-gdc.jpg
AJ-GDP,44.5,75,2,0,1.462,die_profile_images/2022/05/23/114052/AJ-GDP.jpg
AJ-HDA,44.5,102,2,0,1.62,die_profile_images/.net_data/65ff45e3-3c80-4728-a38c-c7375ddef693_AJ-HDA.jpg
AJ-HDB,44.5,75,2,0,1.508,die_profile_images/.net_data/43ccee37-29f0-4a0b-a3e1-9aee6ef10c90_AJ-HDB.jpg
AJ-HDP,44.5,75,2,0,1.323,die_profile_images/.net_data/0ce27ca5-2519-4a64-bd0c-5268211f1d46_AJ-HDP.jpg
AJ-LAB-FU-DGHP,45,40,1.3,0,0.591,die_profile_images/2022/03/24/035720/AJ-LAB-FU-DGHP.jpg
AJ-RARHS,40,18.34,1.5,0,0.513,die_profile_images/.net_data/9aed13ac-fa25-4015-8579-d8deba41c142_AJ-RAR.HS.jpg
AJ-S.ERWB,100,47.65,2,0,1.158,die_profile_images/.net_data/f9e094c3-e352-413a-afe8-fd1322549d45_AJ-S.ERWB.jpg
AJ-S.ERWF,100,10,2,0,0.6,die_profile_images/.net_data/fcd976be-53a1-4474-a85e-2d873e3351a6_AJ-S.ERWF.jpg
AJ-WDVP,50,28,1.25,0,0.666,die_profile_images/.net_data/ccd80cbf-f7f6-4ff8-b7ad-0213d943ce01_HE-AJ.WDVP.jpg
AJ.100BS,90,84,1.75,0,1.511,die_profile_images/.net_data/a73e84ed-3a40-4612-8ce7-89b4045a8bc7_HE-AJ.100BS.jpg
AJ.100DF,100,59,1.75,0,1.99,die_profile_images/.net_data/5ab2c65f-c776-4681-a7a0-b7fa538bd5f5_HE-AJ.100DF.jpg
AJ.100HVS,25,95,2,0,0.74,die_profile_images/.net_data/118ae38f-2e6f-4990-af1a-342b1da9b401_HE-AJ100HVS.jpg
AJ.100PVP,85,27.5,1.25,0,0.919,die_profile_images/.net_data/8444011e-fcf6-4e71-ba50-5826c84321be_HE-AJ.100PVP.jpg
AJ.100PVPO,87.5,26,2,0,1.2,die_profile_images/.net_data/12168d6a-7aea-4b5c-8401-d6e4948a8960_AJ.100PVPO.jpg
AJ.100TS,105.5,40,1.75,0,0.815,die_profile_images/.net_data/6b97d970-adf4-4b1b-adb1-6ce34dae6b30_HE-AJ.100TS.jpg
AJ.100VS,95,14.75,1.6,0,0.703,die_profile_images/.net_data/16067fd4-d193-444b-bb39-7dbe02a1cede_HE-AJ.100VS.jpg
AJ.46DVP,42.95,42.4,1.5,0,0.781,die_profile_images/.net_data/98b11778-8215-437d-8ffd-365b4f026d8e_HE-AJ.46DVP.jpg
AJ.50.SGVP,50,30,1.25,0,0.886,die_profile_images/.net_data/5b8266eb-a578-4d78-a131-f38253c4768c_HE-AJ.50.SGVP.jpg
AJ.5051P,62.65,50,1.5,0,0.845,die_profile_images/.net_data/3c03770a-33e5-46c3-abe9-daefb3184bff_AJ-5051P.jpg
AJ.50BS,84,40,1.75,0,1.082,die_profile_images/.net_data/5729be42-bc2d-4cb2-b631-e7a8a6221288_HE-AJ.50BS.jpg
AJ.50BS.L,59,40,1.3,0,0.672,die_profile_images/2022/05/16/114903/HE-AJ.50BS.L.jpg
AJ.50CCS,47.75,47.75,1.6,0,0.613,die_profile_images/.net_data/69a4232f-297f-4fc6-b8b8-8adbdb2df939_AJ-50CCS.jpg
AJ.50CHP,61,48,2,0,0.845,die_profile_images/.net_data/bb5b37a4-6583-4795-93a5-72fd4953551e_HE-AJ.50CHP.jpg
AJ.50DF,50,59,3,0,1.35,die_profile_images/.net_data/993e8859-b6ae-43cb-a55a-5cd2eaf2a6b6_HE-AJ.50DF.jpg
AJ.50HVS,25,45,2,0,0.494,die_profile_images/.net_data/5c470a75-42b6-4982-bd19-fbe8667f88c4_HE-AJ.50HVS.jpg
AJ.50HVS.L,45,20,1.3,0,0.308,die_profile_images/2022/05/16/115053/HE-AJ.50HVS.L.jpg
AJ.50PVP,35.5,22.5,1.25,0,0.557,die_profile_images/.net_data/b9fafd4e-d6e1-4690-89fc-0cffc6acb31e_HE-AJ.50PVP.jpg
AJ.50PVPN,37.5,22.5,1.25,0,0.577,die_profile_images/.net_data/5494dfd4-11e2-4012-bcf0-c88ccbedb1bb_AJ.50PVPN.jpg
AJ.50TS,55.5,40,1.5,0,0.544,die_profile_images/.net_data/96e37f71-9985-4687-a4ac-01784a3ca485_HE-AJ.50TS.jpg
AJ.50TS.L,55.1,30,1.3,0,0.403,die_profile_images/2022/05/16/114616/HE-AJ.50TS.L.jpg
AJ.50VS,45,15,1.5,0,0.392,die_profile_images/.net_data/cc6886e7-dac9-440d-9a92-081422e6e763_HE-AJ.50VS.jpg
AJ.60.20VP,60,20,1.25,0,0.696,die_profile_images/.net_data/b9ff2afe-e2f8-489c-957c-1768c3a05071_HE-AJ.60.20VP.jpg
AJ.60.51P,62.65,60,1.5,0,0.896,die_profile_images/.net_data/defdca8f-852d-4c53-91cc-501e4b911b7a_HE-AJ.60.51P.jpg
AJ.60BS,50,85,1.75,0,1.298,die_profile_images/.net_data/52931d52-8348-4873-bba1-50d3b43eeceb_HE-AJ.60BS.jpg
AJ.60CCS,57.51,57.51,1.6,0,0.576,die_profile_images/.net_data/68b7db86-5d21-425e-8c79-95092565de27_HE-AJ.60CCS.jpg
AJ.60CHP,48,72.5,2,0,0.93,die_profile_images/.net_data/474589b4-d025-479e-bda9-afd14559b107_HE-AJ.60CHP.jpg
AJ.60CS,55,13.5,1.6,0,0.35,die_profile_images/.net_data/2f567f26-ab10-40ca-8f0f-6f670c9a4f20_HE-AJ.60CS.jpg
AJ.60DF,60,59,1.5,0,1.429,die_profile_images/.net_data/ed3cf022-5c82-4c15-a80f-6ef00035b888_HE-AJ.60DF.jpg
AJ.60HRC,59.93,13.5,1.25,0,0.315,die_profile_images/.net_data/50e38ab6-d7d4-4a17-a5e7-cf9c3927b749_HE-AJ.60HRC.jpg
AJ.60HVS,55,25,2,0,0.499,die_profile_images/.net_data/6e615bf3-ac0f-4359-8f4a-969738c47e20_HE-AJ.60HVS.jpg
AJ.60PVP,45.5,23.5,1.25,0,0.626,die_profile_images/.net_data/2adb2b1b-ed81-4f99-beb6-870650c5ac3d_HE-AJ.60PVP.jpg
AJ.60TS,65.5,40,1.5,0,0.584,die_profile_images/.net_data/f81d3e2e-5b68-4483-bb25-5f1886a6e795_HE-AJ.60TS.jpg
AJ.60VS,55,15,1.5,0,0.48,die_profile_images/.net_data/ece600f0-6752-41bc-9735-d8ef6ec8c729_HE-AJ.60VS.jpg
AJ.60ZCEP,48.6,60,1.5,0,1.273,die_profile_images/.net_data/635b6156-ea94-45cc-b19e-bb91f4204120_HE-AJ.60ZCEP.jpg
AJ.60ZCP,34.35,56.6,1.6,0,0.571,die_profile_images/.net_data/7c806395-d233-4616-abda-6a17dbdc07d7_HE-AJ.60ZCP.jpg
AJ.80.20VP,80,20,1.5,0,0.83,die_profile_images/.net_data/7cfa8b1e-0b99-43de-ae5c-f2a0e9337f20_HE-AJ.80.20VP.jpg
AJ.80.51P,62.65,80,1.5,0,1.051,die_profile_images/.net_data/db2bf97a-9807-438c-9bd8-189c356799bb_HE-AJ.80.51P.jpg
AJ.80BS,70,84,1.75,0,1.645,die_profile_images/.net_data/413992c9-9ad9-4a56-99fc-6a7a8ef31fc7_HE-AJ.80BS.jpg
AJ.80CCS,77.51,77.51,2,0,1.22,die_profile_images/.net_data/2139b468-4b50-479f-a8cc-629c7bd76e57_HE-AJ.80CCS.jpg
AJ.80CS,75,13.5,1.6,0,0.472,die_profile_images/.net_data/a56c300e-c3c8-4286-8399-ce03ad9f2aa2_HE-AJ.80CS.jpg
AJ.80DF,80,59,1.5,0,1.763,die_profile_images/.net_data/9cb8d40e-e1d7-42d6-8119-e39b44876014_HE-AJ.80DF.jpg
AJ.80HDF(47.50),80,59,3,0,2.464,die_profile_images/.net_data/1f0d935b-c75c-4d28-93e0-b2c33a33fb87_HE-AJ.80HDF.jpg
AJ.80HRC,80,15,2,0,0.557,die_profile_images/.net_data/cd83ab89-7e2b-4029-91e6-bbb687b97ace_HE-AJ.80HRC.jpg
AJ.80HVS,75,25,2,0,0.676,die_profile_images/.net_data/1602e6a0-e157-41bd-999f-0cb924073390_AJ.80HVS.jpg
AJ.80HVS.L,75,20,1.3,0,0.414,die_profile_images/2022/05/16/114257/HE-AJ.80HVS.L.jpg
AJ.80PSVP,80,25,1.25,0,0.846,die_profile_images/.net_data/c79d9e3a-72fe-48cc-8a8c-abc957d15f65_HE-AJ.80PSVP.jpg
AJ.80PVP,68.3,26,1.3,0,0.693,die_profile_images/.net_data/fccfc554-430c-4ed0-bd2e-59eb3696e0cb_HE-AJ.80PVP.jpg
AJ.80TS,85.5,40,1.5,0,0.673,die_profile_images/.net_data/ba51c2ef-41cf-4599-91fb-5439150b6f71_HE-AJ.80TS.jpg
AJ.80VS,75,14.75,1.25,0,0.675,die_profile_images/.net_data/40a7e5e7-5ec4-4a90-83ea-aa7df04b6691_HE-AJ.80VS.jpg
AJ.AXT D60,32,19,1.9,0,0.592,die_profile_images/2021/07/30/103958/AJ.AXT_D60.jpg
AJ.DG,113.2,25.23,2.7,0,1.625,die_profile_images/.net_data/f345078f-c6c8-430a-ad51-abb67ef72cf2_HE-AJ.DG.jpg
AJ.DSB,8.8,7.5,1,0,0.08,die_profile_images/.net_data/7dc757d6-9603-48e6-896f-1e78858f1156_HE-AJ.DSB.jpg
AJ.DST,12,27.75,1,0,0.214,die_profile_images/.net_data/662fdda7-c45c-42e5-b9d3-3edfa9e8c349_HE-AJ.DST.jpg
AJ.DVP,30,18,1.5,0,0.426,die_profile_images/.net_data/0c0c50e5-bd25-421e-b25a-92b568ff7244_HE-AJ.DVP.jpg
AJ.DVPN,32,18,1.5,0,0.486,die_profile_images/.net_data/8df3f055-6962-461d-8416-ad973138ec80_AJ.DVPN.jpg
AJ.ERWB,100,100,2.25,0,2.153,die_profile_images/.net_data/f660bdef-1eea-4ef6-a746-9487abf661c9_HE-AJ.ERWB.jpg
AJ.ERWF,103.5,4.5,2,0,0.629,die_profile_images/.net_data/7040fd50-24de-4592-81ff-2fc9da619f4c_HE-AJ.ERWF.jpg
AJ.FIC,34.94,34.94,2,0,0.625,die_profile_images/.net_data/e748ae25-8bb6-4be5-8692-776c1ce2219f_HE-AJ.FIC.jpg
AJ.LFC,30,10,1.5,0,0.216,die_profile_images/.net_data/e3a174fc-8349-4e13-b101-4f720ba95c51_HE-AJ.LFC.jpg
AJ.LFH,22.74,40,1.5,0,0.612,die_profile_images/.net_data/1209f9cc-50af-46ac-bd69-9c8b687e6df0_HE-AJ.LFH.jpg
AJ.LFL,77.25,14.95,1.6,0,0.701,die_profile_images/.net_data/1c956855-f58d-4738-b606-d7e28d0d020d_HE-AJ.LFL.jpg
AJ.ORG,46,40,2,0,0.478,die_profile_images/2021/08/14/053029/AJ.ORG.jpg
AJ.ORGF,46,36.5,2,0,0.463,die_profile_images/2021/08/14/052747/ORGF.jpg
AJ.R50CCS,65.7,19.24,2.82,0,0.553,die_profile_images/.net_data/17d50f23-68e9-4c54-8436-43524774045b_AJ.R50CCS.jpg
AJ.R50CF,70.3,25.57,2.25,0,0.471,die_profile_images/.net_data/ae066967-5822-45a3-a88f-18e3a40d7c77_HE-AJ.R50CF.jpg
AJ.R50HCB,39.86,13.43,1.5,0,0.232,die_profile_images/.net_data/349c1303-f61b-4041-852a-78dc907e659c_HE-AJ.R50HCB.jpg
AJ.R50NCF,64.4,24.73,2.25,0,0.514,die_profile_images/.net_data/16dac5c8-f8c8-4130-ab63-e4742f889c22_HE-AJ.R50NCF.jpg
AJ.R50VCB,41.8,13.43,1.5,0,0.26,die_profile_images/.net_data/1c64c97d-88cc-454c-8b43-451086ad53be_HE-AJ.R50VCB.jpg
AJ.RGINP,39.26,8.75,1.2,0,0.202,die_profile_images/2021/08/14/053205/RGINP.jpg
AJ.WDPV,50,28,1.5,0,0.71,die_profile_images/.net_data/309f50ce-c0a5-4698-be2a-de1cf403bc98_HE-AJ.WDVP.jpg
AJ.WDVPC,29.02,7.84,1,0,0.127,die_profile_images/.net_data/da6d4c12-f74e-4dbb-8660-fbdd20fa001b_HE-AJ.WDVPC.jpg
AJ.WSVP,50,30,1.25,0,0.505,die_profile_images/.net_data/033347f8-d12e-4e06-abf7-5473ddb38796_HE-AJ.WSVP.jpg
AJ.ZCSP,27.72,20.05,3,0,0.497,die_profile_images/.net_data/e4f528d5-08c5-4c84-99e2-1f270055210e_HE-AJ.ZCSP.jpg
ALTB - 001,125.3,51,1.8,0,2.666,die_profile_images/2024/06/25/030008/ALTB_-_001.jpg
ALTB - 002,125.3,51,1.8,0,2.087,die_profile_images/2024/06/25/031426/ALTB_-_002.jpg
ALTB - 003,113.7,51.22,1.85,0,1.928,die_profile_images/2024/06/25/031620/ALTB_-_003.jpg
ALTB - 004,192.3,51,1.3,0,3.984,die_profile_images/2024/06/25/031737/ALTB_-_004.jpg
ALTB - 005,192.3,51,1.8,0,2.982,die_profile_images/2024/06/25/031900/ALTB_-_005.jpg
ALTB - 006,111.2,51.22,2.5,0,1.894,die_profile_images/2024/06/25/053013/ALTB_-_006.jpg
ATL-100PP4,91.8,30,1.5,0,1.123,die_profile_images/.net_data/5e912098-dc4d-4c36-b920-08eba6ce8fce_100PP4.4.jpg
ATL-50PP4/4,41.8,30,1.5,0,0.729,die_profile_images/.net_data/b5147d38-7fd4-4f92-88b0-9654af7bd140_50pp.jpg
ATL-60NPCP,50,53.3,1.5,0,1.168,die_profile_images/.net_data/8162bc80-299d-4b13-a51f-a031675ba875_ATL-60NPCP.jpg
ATL-80PP4/4,71.8,30,1.4,0,1.104,die_profile_images/.net_data/f8e61690-a8be-4d77-8472-7d34143818f7_80pp.jpg
BE-101,36,14,8,0,0.521,die_profile_images/2024/02/19/055212/BE-101.jpg
BE-102,22.4,6,1.5,0,0.317,die_profile_images/2024/02/19/055349/BE-102.jpg
BE-103,16.2,4.2,2,0,0.122,die_profile_images/2024/02/19/055501/BE-103.jpg
BE-104,47.5,20,12,0,1.085,die_profile_images/2024/02/19/055835/BE-104.jpg
BE-105,33.6,8,2,0,0.621,die_profile_images/2024/02/19/060002/BE-105.jpg
BE-106,20,4.71,2.4,0,0.174,die_profile_images/2024/02/19/060241/BE-106.jpg
BE-107,34.3,14.8,9.5,0,0.636,die_profile_images/2024/02/19/060336/BE-107.jpg
BE-108,23.4,6.39,1.28,0,0.348,die_profile_images/2024/02/19/060436/BE-108.jpg
BE-109,7.6,4,0,0,0.081,die_profile_images/2024/02/26/043529/BE-109.jpg
BE-110,50,29.5,10.25,0,3.998,die_profile_images/2024/02/26/043347/BE-110.jpg
BE-111,99.87,79.94,3.62,0,5.252,die_profile_images/2024/03/02/031643/BE-111.jpg
BE-112,19,12,1.6,0,0.126,die_profile_images/2024/02/25/110235/BE-112.jpg
BE-113,50,3,0,0,0.41,die_profile_images/2024/02/25/110331/BE-113.jpg
BE-114,50,50,3.2,0,1.619,die_profile_images/2024/02/25/110422/BE-114.jpg
BE-115,19,12,1.6,0,0.193,die_profile_images/2024/02/25/110520/BE-115.jpg
BE-116,19.8,6.9,6.45,0,0.73,die_profile_images/2024/03/08/093007/14238.jpg
BE-117,60,36,12,0,4.885,die_profile_images/2024/03/08/093127/14238.jpg
BE-118,17,8,1,0,0.087,die_profile_images/2024/03/14/043410/BE-118.jpg
BE-119,27,25,2.05,0,0.772,die_profile_images/2024/03/24/102734/BE-119.jpg
BE-120,5,0,0,0,0.052,die_profile_images/2024/03/20/092724/ROUND_BAR.jpg
BE-121,17,8,1,0.09,0.096,die_profile_images/2024/04/25/100233/be-121.jpg
BE-122,17,14.5,1,0,0.125,die_profile_images/2024/04/25/100345/be-122.jpg
BE-123,35.71,27.78,3.48,0,1.697,die_profile_images/2024/05/03/040653/BE-123.jpg
BE-124,28.3,19,0,0,0.932,die_profile_images/2024/05/03/041035/BE-124.jpg
BE-125,22,13.5,0,0,0.639,die_profile_images/2024/05/03/041412/BE-125.jpg
BE-126,22,25,1.64,0,0.325,die_profile_images/2024/05/03/041627/BE-126.jpg
BE-127,42,25,3.5,0,0.756,die_profile_images/2024/05/03/041809/BE-127.jpg
BE-128,20.58,25,1.29,0,0.242,die_profile_images/2024/05/03/041940/BE-128.jpg
BE-129,5.53,24.39,1.02,0,0.141,die_profile_images/2024/05/03/042250/BE-129.jpg
BE-130,79.97,79.97,2,0,2.001,die_profile_images/2024/05/03/042058/BE-130.jpg
BE-131,14,0,0,0,0.415,die_profile_images/2024/05/11/105442/BE-131.jpg
BE-134,69.85,44.55,0,0,6.156,die_profile_images/2024/06/16/095000/BE-134.jpg
BE-135,107,9.2,1.2,0,0.618,die_profile_images/2024/10/27/051251/BE-135.jpg
BE-138,103,10,7,0,2.244,die_profile_images/2025/01/04/030436/BE-138.jpg
BE-139,30.74,9.91,1.52,0,0.173,die_profile_images/2025/01/04/030315/BE-139.jpg
BE-140,50.8,17.53,3.05,0,0.705,die_profile_images/2025/01/04/030244/BE-140.jpg
BE-143,15,0,0,0,0.525,die_profile_images/2025/02/14/040120/BE-143.jpg
BE-144,41,25.9,7.55,0,2.142,die_profile_images/2025/02/14/040300/BE-144.jpg
BE-145,13.5,0,0,0,0.386,die_profile_images/2025/02/14/040430/BE-145.jpg
BE-148,35.82,27.69,0,0,1.787,die_profile_images/2025/03/10/111933/BE-148.jpg
BE-149,49.78,19.05,0,0,2.591,die_profile_images/2025/03/10/112118/BE-149.jpg
BE-152,32.4,22.5,4.95,0,1.152,die_profile_images/2025/03/10/120557/BE-152.jpg
BE-153,42.5,32.4,5.05,0,1.604,die_profile_images/2025/03/10/120809/BE-153.jpg
BE-154,35.5,25.8,4.85,0,1.26,die_profile_images/2025/03/10/120915/BE-154.jpg
BE-156,75,50,1.2,0,0.806,die_profile_images/2025/04/13/113948/BE-156.jpg
BE-157,47.6,31.3,1.2,0,0.352,die_profile_images/2025/04/13/114131/BE-157.jpg
BE-158,27.9,24,1.8,0,1.12,die_profile_images/2025/03/29/110655/BE-158.jpg
BE-161,35,24.5,0,0,1.324,die_profile_images/2025/04/24/043654/BE-161.jpg
BE-162,30.5,19,0,0,1.206,die_profile_images/2025/04/24/044604/BE-162.jpg
BE-164,81.7,36,1.2,0,1.095,die_profile_images/2025/04/13/114714/BE-164.jpg
HE-60HRCN,60,8,1.25,0,0.303,die_profile_images/2021/03/24/021110/HE-AJ.60HRCN.jpg
HE-AJ.80.51.PN,80,62.65,1.5,0,1.234,die_profile_images/2021/06/30/054800/HE-AJ.80.51PN.jpg
HE-AJ.80CCSN,108.36,60.54,2,0,1.185,die_profile_images/2021/06/30/054800/HE-AJ.80.51PN.jpg